Page,Collaboration,Raw_Text
1,N/A,"The Sims 4 x Coach | January 12, 2026 | Luxury & fashion | Simulation | Release Date: | 13/1/2026 | 1/13/2026 | Coach has announced a co-created open-access designer collection for ""The Sims 4,"" available globally to all players on Jan. 13. The collection introduces wearable items from Coach's ready-to-wear line, the brand's Tabby and Brooklyn bags and a special ""Coach Trunk"" designed to unlock mood-driven looks. The collection features nine different items with 65 different print and color variations for players to build hundreds of unique looks. A Coach Trunk ""Heirloom Object"" unlocks pre-styled outfits designed to elicit specific 'moodlets' for Sims. The Tabby and Brooklyn bags are reimagined as decorative objects in Build Mode, allowing players to infuse their interiors with Coach's style. | Content Integration | PC | Console | Read more"
1,N/A,"PUBG Mobile x Peaky Blinders | January 12, 2026 | Film & Television | Battle Royale | Release Date: | 9/1/2026 | 1/9/2026 | Peaky Blinders x PUBG Mobile crossover event brings Shelby family skins, items, and emotes until Feb. 5. The Shelby Trials in-game event features narrative choices inspired by classic Peaky Blinders moments. Play as Thomas, Arthur, or John Shelby and unlock themed weapons, vehicles, voice packs, and more. Iconic series music 'Red Right Hand' now available in PUBG Mobile through this exclusive event. | Content Integration | Mobile | Read more"
1,N/A,"Fortnite x South Park | January 9, 2026 | Film & Television | Battle Royale | Release Date: | 9/1/2026 | 1/9/2026 | South Park is coming to Fortnite, but this is not the sort of Fortnite collab that only adds skins to the item shop--though we're certainly getting a pile of skins. No, South Park is also taking over Fortnite's Battle Royale mode by introducing several major new gameplay overhauls (and we mean major) and taking over one of the major named locations on the map. Also, there's a completely free event pass that'll allow players to earn free South Park cosmetics by completing quests--yes, you'll actually have to play the game to earn these things. And, of course, there will be five skins in the item shop, all of which are the boys from South Park in mech suits--there's Stan, Kyle, Kenny, Cartman, and Butters. More importantly, there will also be a Towelie sidekick in the shop for all the sweaty gamers out there. | Content Integration | Mobile | PC | Console | Read more"
1,N/A,"Fortnite x Percy Jackson and the Olympians' | December 16, 2025 | Film & Television | Battle Royale | Release Date: | 10/12/2025 | 12/10/2025 | The Percy Jackson: Siege of Monsters Fortnite island is an epic adventure inspired by the Percy Jackson series, featuring a map that spans an island inspired by Camp Half-Blood, the earthly sanctuary and training facility for the children of mortals and Greek gods. As newly arrived demigods, you must discover the identity of their godly parent, gain new divine powers, and ally with their fellow demigods for a climactic battle against Scylla and Charybdis on the Sea of Monsters. You’ll meet familiar characters from the show, including Percy Jackson, Annabeth Chase, and Grover Underwood. As well as completing side-quests and activities inspired by moments from the show’s first two seasons.. | Content Integration | Mobile | PC | Console | Read more"
1,N/A,"Warlock: Dungeons and Dragons | December 11, 2025 | Toys & Board Games | Action | Release Date: | In WARLOCK, you take on the role of Kaatri, a veteran warrior, in a new third-person action-adventure set in a dark fantasy open world inspired by Dungeons & Dragons. Make a pact to wield forbidden magic to overcome a wide range of challenges. In exploration, every spell is a key that unlocks mysteries in a beautiful yet unsettling world. When facing enemies, magic and melee combine for a combat experience that is both tactical and visceral. | Licensed Game | PC | Console | Read more"
1,N/A,"Soccerverse x FIFPRO | December 10, 2025 | Sport & Athletes | Sports | Release Date: | 10/12/2025 | 12/10/2025 | Soccerverse has signed an agreement with FIFPRO, the global representative organisation for professional footballers. The new license grants Soccerverse the rights to use the names and images of more than 65,000 professional football players. The worldwide license covers players from over 70 FIFPRO-affiliated member unions, spanning major footballing nations including England, France, Italy, Argentina, Portugal, Belgium, Scotland, Norway and Sweden. Gamers can now manage their clubs with real-world players and trade their favourites from the world’s top leagues, and compete in a truly dynamic player-driven economy. The integration of these officially licensed players will be rolled out within the Soccerverse game over the coming weeks, ushering in a new era of authenticity and excitement for all managers as they build their squads. | Content Integration | Mobile | PC | Read more"
1,N/A,"Microsoft Flight Simulator x Stranger Things | December 9, 2025 | Film & Television | Simulation | Release Date: | 9/12/2025 | 12/9/2025 | The Microsoft Flight Simulator 2024: Stranger Things Expansion was released on December 9, 2025, as a special crossover DLC, allowing players to fly missions and explore Hawkins, Indiana, in the Bell UH-1H Huey helicopter. An adrenaline-packed journey into the universe of the cult series awaits fans and simmers alike, led by Murray Bauman, from the original cast, and his team! Enter the world of Netflix’s Stranger Things to help Hawkins, a town under lockdown, heavy patrols, and supernatural threats. | Content Integration | PC | Console | Read more"
1,N/A,"Final Fantasy XIV x Tom Morella | December 6, 2025 | Bands & Musicians | RPG | Release Date: | 16/12/2025 | 12/16/2025 | A new track from Tom Morello (Rage Against the Machine) and Caleb Shomo (Beartooth) will feature in the upcoming FINAL FANTASY XIV Online raid series. Titled “Everything Burns”, the track will feature on Tom Morello’s new album and will be showcased in the Arcadian Heavyweight M4 raid when FFXIV Patch 7.4: Into the Mist launches on 16 December. | Content Integration | PC | Console | Read more"
1,N/A,"My Talking Angela 2 x Miraculous: Tales of Ladybug & Cat Noir | December 5, 2025 | Film & Television | Simulation | Release Date: | 27/11/2025 | 11/27/2025 | Outfit7 and Miraculous Corp expand their existing partnership by bringing Miraculous Ladybug characters into the game My Talking Angela 2. Ladybug and Cat Noir will enter the mobile game through a refreshed Talent Show experience. The experience will feature new activities inspired by the heroes, including dancing and Bamboo Strike martial arts activities. | Content Integration | Mobile | Read more"
1,N/A,"Monopoly Go! x Harry Potter | December 2, 2025 | Film & Television | Strategy | Release Date: | 10/12/2025 | 12/10/2025 | The wizarding world of Harry Potter is finally coming to MONOPOLY GO! in a long-awaited collaboration that brings a touch of magic to every roll. Starting December 10, prepare to immerse yourself in a Season filled with enchanting boards, magical Minigames and events, and exclusive collectibles inspired by one of the most beloved worlds in storytelling. This dream collab has been brewing in the cauldron for a while, and now, it’s time to let the magic unfold! Celebrate the magic! It all begins with Mr. M on his United Kingdom sightseeing trip, where a stop at the beloved tourist hotspot of Platform nine and three-quarters, at Kings Cross London, sees his imagination sparking to life and transporting him straight to the wizarding world! | Content Integration | Mobile | Read more"
1,N/A,"Honor of Kings x Frozen | November 27, 2025 | Film & Television | Fighting | Release Date: | 28/11/2025 | 11/28/2025 | Honor of Kings is revisiting one of its most recognizable crossover events, bringing Disney’s Frozen back into the game for a multi-month seasonal update. After a strong player response to the collaboration earlier this year, the winter-themed content will return from November 28 through February 8, offering a mix of new cosmetics, returning skins, and limited-time in-game activities. The update reintroduces the Snowventure skins while expanding the lineup with a Frozen-themed minion skin and a new Spriteling costume. These additions continue the game’s pattern of using seasonal events to refresh its visual identity and encourage broader engagement during longer content cycles. | Content Integration | Mobile | PC | Read more"
1,N/A,"Fortnite x Lisa (BLACKPINK) | November 26, 2025 | Bands & Musicians | Battle Royale | Release Date: | 29/11/2025 | 11/29/2025 | Blackpink’s Lisa will be headlining the new season of popular video game Fortnite Festival. The Thai singer and actress will take the stage in-game for Season 12 of Fortnite Festival on Nov 29, accompanied by music tracks and outfits inspired by her debut solo album Alter Ego. | Content Integration | Mobile | PC | Console | Read more"
1,N/A,"Monster High | November 15, 2025 | Toys & Board Games | Party | Release Date: | 24/10/2025 | 10/24/2025 | Monster High, Mattel’s premier self-published Roblox experience, debuts October 24. Fans can step inside the haunted halls of Monster High like never before—customizing their pet “Creepanions,” crafting powerful elixirs in Frankie Stein’s Alchemy Lab, and joining Clawdeen Wolf’s pack to fuel the legendary Ghoulstone for fang-tastic rewards. Featuring iconic characters, endless style options, and secrets lurking beneath the school, the experience invites players to team up, show their claws, and discover that monster magic never goes out of style. | Licensed Game | Mobile | PC | Console | Read more"
1,N/A,"Fortnite x The Simpsons | November 3, 2025 | Film & Television | Battle Royale | Release Date: | 1/11/2025 | 11/1/2025 | The Simpsons and Fortnite finally cross over, adding iconic characters from The Simpsons into everyone's favorite Battle Royale experience! Fortnite brings forth a bunch of Simpsons characters, from the titular family to the wacky characters they interact with daily basis. Fortnite's Simpsons season is a month long, and from November 1st to November 29th. | Content Integration | Mobile | PC | Console | Read more"
1,N/A,"PAW Patrol Rescue Wheels: Championship | October 31, 2025 | Film & Television | Racing | Release Date: | 31/10/2025 | 10/31/2025 | ""PAW Patrol Rescue Wheels: Championship"" expands the world of ""PAW Patrol"" with a roster of characters, including Roxi, Boomer and Mayor Humdinger, who appear as playable for the first time. Featuring visuals and characters that feel true to the TV show, fans can fully immerse themselves in the ""PAW Patrol"" universe while racing monster trucks across 12 tracks and three arena locations, including Adventure Bay, Scallywag’s Island, the Mountain and Foggy Bottom. | Licensed Game | PC | Console | Read more"
1,N/A,"Shop Titans x Ghostbusters | October 30, 2025 | Film & Television | RPG | Release Date: | 28/10/2025 | 10/28/2025 | ""Shop Titans,"" the free-to-play Tycoon Simulation/Light Adventure RPG game from Kabam, has announced its latest content update, featuring the ""Ghostbusters."" The ghostly content continues to drop this season as the Ghostbusters join the fray in the new 22.1 content update, featuring a film-inspired community event, mega pack, content pass, welcome pack, blueprints, themed decorations and more. The new Slimer in the City Community Event (Oct. 28 - Nov. 24) lets players team up with players around the world to send Slimer packing. | Content Integration | Mobile | PC | Read more"
1,N/A,"Test Drive Unlimited Solar Crown x Puma | October 28, 2025 | Luxury & fashion | Racing | Release Date: | 29/10/2025 | 10/29/2025 | Licensed PUMA clothing arrives in the season 5 live event. | Content Integration | PC | Console | Read more"
1,N/A,"Candy Crush Solitaire x Care Bears | October 27, 2025 | Film & Television | Puzzle | Release Date: | 3/11/2025 | 11/3/2025 | Shuffle your cards and prepare your hearts because the Care Bears™ are joining Candy Crush Solitaire™ for a limited-time Care Bears Season starting November 3, and it is shaping up to be the sweetest crossover of the year. The world's most caring crew is bringing their rainbow-powered joy to Candy Crush Solitaire, turning the card game into a celebration of love, nostalgia, and kindness. Players can expect cuddly surprises at every turn, from Care Bears-themed card decks and colorful in-game makeovers to the brand new Care-o-Meter event, where kindness itself unlocks rewards. | Content Integration | Mobile | Read more"
1,N/A,"Warrior Cats mobile game (to be released 2027) | October 24, 2025 | Books & Literature | Adventure | Release Date: | Brian Lovell, CEO of Red Games Co. says: “We’re thrilled to partner with Coolabi to bring the beloved Warrior Cats universe to life in a new way. Together, we’re building an experience that honors the legacy of these incredible stories and gives fans around the world an entirely new way to explore, play, and connect.” | Licensed Game | Mobile | Read more"
1,N/A,"Monster High Paranormal Peril | October 15, 2025 | Toys & Board Games | Horror | Release Date: | 15/10/2025 | 10/15/2025 | Mattel launches a new Fornite Monster High experience where you can play as Draculaura, Frankie, Cleo, Clawdeen, & Lagoona! | Content Integration | Mobile | PC | Console | Read more"
1,N/A,"Sorry! | October 7, 2025 | Toys & Board Games | Strategy | Release Date: | 7/10/2025 | 10/7/2025 | Gameberry Labs today announced that it has launched a new mobile version of the popular board game Sorry! in collaboration with Hasbro. Sorry! World is the first mobile game adaptation of the title, and is now available world-wide on the Apple App Store and Google Play Store. It supports social gameplay, allowing players to climb a leaderboard and compete against each other. Sorry! World adds animations, achievements, customizable characters and town-building mechanics to the base mechanics of the original game. | Licensed Game | Mobile | Read more"
1,N/A,"Danger Mouse (TBA) | September 30, 2025 | Film & Television | Adventure | Release Date: | A leading micro studio is working on a Danger Mouse Roblox game. Further official announcements will be released in due course. | Licensed Game | Mobile | PC | Read more"
1,N/A,"Gloomy Bear (TBA) | August 31, 2025 | Consumer Brands | Adventure | Release Date: | A leading Roblox developer is working on some compelling Gloomy Bear initiatives which will be coming to market in 2026. Another partnership brought together via the Layer marketplace and an IP and developer keen on additional opportunities. | Content Integration | Mobile | PC | Read more"
1,N/A,"War Machines x Iron Maiden | August 13, 2025 | Bands & Musicians | Action | Release Date: | 11/8/2025 | 8/11/2025 | Wildlife Studios has announced an exclusive collaboration between its tank battle game War Machines and legendary British heavy metal band Iron Maiden. For the next 12 weeks, players will enjoy a wave of content inspired by the band, combining music and strategy to elevate gameplay. Highlights include: Three legendary pilots, each themed after an iconic Iron Maiden album (Powerslave, Piece of Mind, Killers) Special ammunition, exclusive decals, themed crews, and select tracks from the band’s catalog | Content Integration | Mobile | Read more"
1,N/A,"Neopets (TBA) | July 30, 2025 | Video Games | Adventure | Release Date: | A leading Roblox developer is bringing Neopets to the platform in a partnership brought together via the Layer Marketplace. Get ready for exciting games and character integrations in 2026. Further official announcements will be released in due course. | Licensed Game | Mobile | PC | Read more"
1,N/A,January 2026
1,N/A,December 2025
1,N/A,Apr 2025
1,N/A,Mar 2025
1,N/A,April 2024
1,N/A,Mar 2024
1,N/A,Nov 2023
1,N/A,Oct 2023
2,N/A,"Danger Mouse | July 25, 2025 | Film & Television | Adventure | Release Date: | Play as Danger Mouse or Penfold through 15 side scrolling, arcade battle action, super danger filled levels - all to stop the latest evil plan by Baron Greenback! | Licensed Game | Console | Read more"
2,N/A,"Call of Duty: Black Ops 6 x Beavis and Butt-Head | July 2, 2025 | Film & Television | Shooting | Release Date: | 2/7/2025 | 7/2/2025 | Beavis and Butt-Head arrive in Call of Duty for the latest crossover event in Black Ops 6 and Warzone. This new Beavis and Butt-Head event includes free and paid event passes. Call of Duty's Beavis and Butt-Head event runs from now until July 30, bringing operator skins and cosmetics themed around the animated duo from the 90s. While there are plenty of free rewards to earn, you'll need to purchase the paid ""premium"" pass for 1,100 CoD Points if you want to unlock all items for the event. There are 16 event rewards total for the Beavis and Butt-Head event. There are 8 rewards in the free pass, and 8 more can be unlocked with the paid pass. Two new weapons are unlocked in the free tiers of the event: the pickaxe melee weapon and Olympia special weapon. The paid pass includes operator unlocks for both Beavis and Butt-Head, while the free pass offers skins for Todd and Coach Buzzcut. All operators feature iconic voice lines from the show. This is an XP-based event, so you'll simply need to grind XP across multiplayer, Zombies, and Warzone. In addition to the skins featured in the event pass, there is also a Beavis and Butt-Head shop bundle arriving on July 5. | Content Integration | PC | Console | Read more"
2,N/A,"Fortnite x XXXTentacion | May 30, 2025 | Bands & Musicians | Release Date: | 30/5/2025 | 5/30/2025 | This collab includes an in-game tribute concert for late rapper XXXTentacion. The event includes four of his tracks, such as “Look at Me!” and “Moonlight,” and coincides with the “Whoa (Mind in Awe) (Remix)” music video release. Fortnite has also added the “Look at Me” Emote to the Item Shop | Content Integration | Mobile | PC | Console | Read more"
2,N/A,"Rune Factory: Guardians of Azuma x Sakuna: Of Rice and Ruin | May 30, 2025 | Video Games | RPG | Release Date: | 5/6/2025 | 6/5/2025 | This collab will feature Sakuna herself as an interactable NPC with her own house, where she tends to her rice crops. Additionally, she will be able to join your combat party. | Content Integration | PC | Console | Read more"
2,N/A,"Young Guns | May 29, 2025 | Film & Television | Casino | Release Date: | 29/5/2025 | 5/29/2025 | Young Guns is the latest video slot from London-based games studio Atlantic Digital. This 6x4, 20-line game features Rollin’ Respins™ with expanded, walking wilds, free spins, and a Billy’s Bullets collection feature. Join Billy the Kid and the rest of the Renegades in this medium/high volatility game with max wins of up to 5,000x. | Licensed Game | Mobile | PC | Read more"
2,N/A,"Asphalt Legends Unite x Sonic the Hedgehog | May 29, 2025 | Video Games | Racing | Release Date: | 29/5/2025 | 5/29/2025 | The event will feature two new game modes, themed music, exclusive decals, and more inspired by the world of Sonic. Players can test their skills in the all-new Collector Mode, where they will have to race around the track collecting Sonic’s iconic Gold Rings before the timer runs out. Each ring you grab adds time to the clock, and the higher-ranked your car, the more time you can earn – plus, you will enjoy some familiar Sonic songs and sounds along the way. Players can rack up Gold Rings to unlock rewards such as limited-time vehicle decals featuring Sonic, Tails, Knuckles, and other fan-favorite characters! The event also introduces a fresh super car alongside special emotes for players to collect and show off their love for Sonic. And that’s not all – the real challenge is in-between Ring Collection stages where players can take on Sonic and friends directly on the track in the brand-new Boss Mode. | Content Integration | Mobile | PC | Console | Read more"
2,N/A,"Bill & Ted’s Excellent Adventure | May 27, 2025 | Film & Television | Casino | Release Date: | 27/5/2025 | 5/27/2025 | Bill & Ted’s Excellent Adventure is the latest video slot from London-based game studio Atlantic Digital. This 5x3, 20-line game features colossal free spins and a multi-level, total bodacious Excellent respins bonus. Hunt down massive wins with Bill, Ted and the rest of the gang in this medium/high volatility game with max wins of up to 5000x | Licensed Game | Mobile | PC | Read more"
2,N/A,"Honor of Kings x Sanrio Characters | May 27, 2025 | Anime & Comics | Fighting | Release Date: | 29/5/2025 | 5/29/2025 | Honor of Kings, has just revealed an exciting crossover with Sanrio—bringing a whimsical twist to the battlefield! This major collaboration will introduce five limited-time character skins, blending the game’s competitive action with the iconic charm of Sanrio’s beloved characters. | Content Integration | Mobile | PC | Read more"
2,N/A,"Pikmin Bloom x Hot Girl Walk® | May 27, 2025 | Celebrity/Influencer | Adventure | Release Date: | 2/6/2025 | 6/2/2025 | This collab will bring an in-app Party Walk that you can join from anywhere in the world. From June 2 to June 15, anyone can join the Hot Girl Walk Party Walk in Pikmin Bloom. | Content Integration | Mobile | Read more"
2,N/A,"The Smurfs – Flower Defense | May 25, 2025 | Film & Television | Action | Release Date: | 19/6/2025 | 6/19/2025 | Play the Smurfs as you’ve never played them before, in virtual and mixed reality! The fairy Leaf is preparing to celebrate the magic of Nature along with the whole Smurf village. But little do they know that Gargamel will show up to spoil the party once again! Using a magic spell, he gets his hands on 20 Smurfs and chases the rest away from the village! Now more powerful than ever, Gargamel forces the Smurfs to flee, while the weakened Leaf returns to her flower state. After being dropped into their magical world, it is up to you to save the Smurfs, protect the Nature Fairy and stop Gargamel! | Licensed Game | VR | Read more"
2,N/A,"The Battle Cats x Sonic the Hedgehog | May 23, 2025 | Video Games | Strategy | Release Date: | 23/5/2025 | 5/23/2025 | This collaboration brings a selection of Sonic characters and themed content into the crazy world of The Battle Cats. Players will have the opportunity to acquire collaboration-exclusive characters through a special “Sonic the Hedgehog” gacha. Popular characters such as Sonic and Shadow will be available, offering fans a limited-time chance to add these speedsters to their Battle Cats roster. A series of special collaboration stages themed after the Sonic universe have been introduced. By clearing the “Green Hill Zone” stage based on Sonic’s iconic first level, players may even acquire the collaboration-exclusive rare character “Neko Sonic”. | Content Integration | Mobile | Read more"
2,N/A,"Battlegrounds Mobile India x Hero MotoCorp | May 23, 2025 | Cars & Automotive | Battle Royale | Release Date: | 25/5/2025 | 5/25/2025 | From May 25, the bikes Hero Xtreme 160R 4V and Hero Xtreme 125R will be available in BGMI. As the names suggest, Hero Xtreme 160R 4V is the 160 cc variant of the bike. The 125R is the 125cc variant of the bike. The collaboration between BGMI and Hero MotoCorp will result in a Hero-themed gear drop for the game. This gear drop will feature a custom outfit, helmet, and backplane. | Content Integration | Mobile | Read more"
2,N/A,"Rust x Warhammer 40,000 | May 22, 2025 | Toys & Board Games | Strategy | Release Date: | Players will soon be able to equip iconic Warhammer 40,000-themed cosmetic skins to their character, in their base, and with their crafted weapons, providing a unique but also fitting take on the hazmat and more items with a Death Korps of Krieg Pack - showcasing a perfect synergy of Rust’s dark brutality, and the Krieg’s unrelenting fanatical nature and aesthetic. | Content Integration | PC | Console | Read more"
2,N/A,"Warhammer 40,000: Dark Heresy | May 22, 2025 | Toys & Board Games | RPG | Release Date: | Explore the Warhammer 40,000 universe like you’ve never seen it before! Warhammer 40,000: Dark Heresy is an upcoming turn-based CRPG with a unique and thrilling narrative that follows the shadowy agents of the Inquisition. Take on the mantle of an Inquisitor, and use every tool at your disposal to root out corruption, sedition and heresy, bringing the Emperor's wrath to those who would see the Imperium fall. Hunt down clues, investigate mysteries, and uncover vile conspiracies. | Licensed Game | PC | Read more"
2,N/A,"Monster Hunter Wilds x Street Fighter 6 | May 22, 2025 | Video Games | RPG | Release Date: | 28/5/2025 | 5/28/2025 | Capcom has announced a Street Fighter 6 special collaboration for Monster Hunter Wilds. It will launch on May 28 in the form of a new side mission with exclusive rewards, and additional paid downloadable content. | Content Integration | PC | Console | Read more"
2,N/A,"Aether Gazer x God Eater | May 21, 2025 | Video Games | RPG | Release Date: | 5/6/2025 | 6/5/2025 | Players can look forward to the addition of Alisa and Ciel—two iconic characters from God Eater—as brand-new Modifiers in Aether Gazer. These characters will bring their distinct styles and skills into the game’s existing combat system, promising dynamic gameplay shifts. On top of that, fans got a sneak peek of a live combat demo featuring a fierce battle against Aragami monsters, including what appears to be Dyaus Pita, a fearsome enemy well-known to God Eater veterans. | Content Integration | Mobile | Read more"
2,N/A,"Call of Duty: Mobile x NieR: Automata | May 21, 2025 | Anime & Comics | Shooting | Release Date: | 28/5/2025 | 5/28/2025 | Take command of the elite YorHa Unit as they launch a counteroffensive against the Machine Lifeforms in an exciting collaborative event with NieR: Automata. Complete objectives to earn action points which can be spent to move through a branching path. Reach checkpoints, navigate counterattack routes, and collect Skill Chips to unlock exclusive routes. Conduct the counterattack successfully to earn rewards like the Kui Ji - YoRHa No. 9 Type S operator and four different melee weapons themed around NieR. | Content Integration | Mobile | Read more"
2,N/A,"Call of Duty: Black Ops 6 x From the World of John Wick: Ballerina | May 21, 2025 | Film & Television | Shooting | Release Date: | 29/5/2025 | 5/29/2025 | Activision has confirmed the next crossover character coming to Call of Duty in Season 4, and it's none other than Ana de Armas' character from the upcoming John Wick movie, Ballerina. The Ballerina Tracer Pack lets players become Eve Macarro, the character de Armas plays in Ballerina. The bundle comes with two operator skins, the first of which, ""Eve Macarro,"" shows Eve in a red sequin dress. The second, ""Ruska Rogue,"" depicts Eve in a black fit. The bundle also includes three weapons, including the ""Releve"" AK-74, the ""Plie"" Saug SMG, and the ""Arabesque"" 9MM pistol. | Content Integration | PC | Console | Read more"
2,N/A,"Stellar Blade x Goddess of Victory: Nikke | May 21, 2025 | Video Games | Action | Release Date: | 11/6/2025 | 6/11/2025 | This collaboration will feature a new mini-game styled like Goddess of Victory: Nikke and a new boss fight with Scarlet. Conquering Scarlet unlocks a new costume, a new hairstyle, and a new song for Eve. There’s also a new shop owned by Nikke’s faithful robotic dog Volt that sells a variety of themed outfits, items, and cosmetics. | Content Integration | Console | Read more"
2,N/A,"Forza Horizon 5 x Lamborghini | May 18, 2025 | Cars & Automotive | Racing | Release Date: | Lamborghini’s new Revuelto Special Livery has been added to Forza Horizon 5 as an unlockable reward. The livery features a unique green-to-blue gradient inspired by Lamborghini’s bold design aesthetic. Unlock the Revuelto by accessing Horizon Realms and winning the Horizon Stadium Circuit race. | Content Integration | PC | Console | Read more"
2,N/A,"Fortnite x The Walking Dead | May 17, 2025 | Film & Television | Battle Royale | Release Date: | 16/5/2025 | 5/16/2025 | Fortnite Creative now lets players craft a Walking Dead universe with new assets and tools. Access exclusive Walking Dead-themed weapons, prefabs, galleries, and Walker NPCs in Fortnite. Create survival RPGs, roguelikes, and more using spine-tingling Walking Dead assets. Experience community-created Walking Dead islands in Fortnite | Content Integration | Mobile | PC | Console | Read more"
2,N/A,"World of Warships x Azur Lane | May 16, 2025 | Video Games | Shooting | Release Date: | 15/5/2025 | 5/15/2025 | World of Warships has announced it's seventh collab with Azur Lane, introducing a wave of new content for seafaring enthusiasts. The partnership adds several themed vessels, commanders, and cosmetic items to the free-to-play naval combat game. The collaboration introduces four new themed ships to World of Warships: the German Tier X cruiser AL Hindenburg, American special premium Tier IX battleship AL Kearsarge, German Tier VIII battleship AL Bismarck, and Italian special premium Tier VII cruiser AL Gorizia. Five characters from Azur Lane will also join as commanders: Hindenburg, Kearsarge, Gorizia, Admiral Graf Spee, and Scharnhorst. | Content Integration | Mobile | PC | Console | Read more"
2,N/A,"Empires & Puzzles x WWE | May 16, 2025 | Release Date: | 26/5/2025 | 5/26/2025 | Empires & Puzzles teams up with WWE for a six-week crossover event. The event will be featuring 10 iconic Superstars including John Cena, Cody Rhodes, CM Punk, and others. You'll battle through 10 match-3 stages, starting with five leveled-up WWE Guest Heroes. | Content Integration | Mobile | Read more"
2,N/A,"Assassin’s Creed Shadows x Dead by Daylight | May 16, 2025 | Video Games | RPG | Release Date: | 27/5/2025 | 5/27/2025 | ""Step into The Fog, A new Dead by Daylight quest begins. Slip through the shadows. Survive the ordeal."" An accompanying teaser video shows Naoe and Yasuke resting by a campfire, while a figure with glowing red flames around their arms and feet faces them. Exact details on what the crossover will contain are presumably set to arrive at a later date. | Content Integration | PC | Console | Read more"
2,N/A,"Unison League x Hatsune Miku | May 14, 2025 | Anime & Comics | RPG | Release Date: | 15/5/2025 | 5/15/2025 | Unison League is set to collab with Hatsune Miku to bring exciting new content for a collaboration event. Hatsune Miku, Kagamine Rin, Kagamine Len, and Megurine Luka will be appearing as collab characters. All of the characters will be wearing cute collab-original outfits. Get exclusive Stickers, an EX Animation that lets the player dance while wielding a megaphone, and other various collab items by clearing Quests. During the collab event, Unison League fashion brands “Maid in Maiden” and “Made in Mister” will be collaborating with the Virtual Singer to release Brand Cosmetics. | Content Integration | Mobile | Read more"
2,N/A,January 2026
2,N/A,December 2025
2,N/A,Apr 2025
2,N/A,Mar 2025
2,N/A,April 2024
2,N/A,Mar 2024
2,N/A,Nov 2023
2,N/A,Oct 2023
3,N/A,"Faaast Penguin x Fatal Fury: City of the Wolves | May 13, 2025 | Video Games | Racing | Release Date: | 11/6/2025 | 6/11/2025 | Iconic characters from Fatal Fury are suiting up as penguins in exclusive crossover costumes. The collaboration also features a special challenge event and customizable finisher effects. | Content Integration | PC | Console | ReadÂ more"
3,N/A,"Tekken 8 x Karate Kid: Legends | May 12, 2025 | Film & Television | Fighting | Release Date: | 2/6/2025 | 6/2/2025 | TEKKEN 8 has partnered with Karate Kid: Legends to bring you an exclusive in-game hoodie. | Content Integration | PC | Console | ReadÂ more"
3,N/A,"The First Descendant x NieR: Automata | May 12, 2025 | Video Games | Shooting | Release Date: | 1/6/2025 | 6/1/2025 | The First Descendantâs collaboration with NieR: Automata will focus on decorations, saying, The producer added that the A2 and 2B outfits will be accompanied by a damaged version of 2B with no skirt, other motions, and decorations. | Content Integration | PC | Console | ReadÂ more"
3,N/A,"PUBG Mobile x Shelby | May 11, 2025 | Cars & Automotive | Battle Royale | Release Date: | 11/5/2025 | 5/11/2025 | Players can drive a Shelby GT500 or a 427 Cobra into battle on PUBG Mobile. Players can choose between the black-and-red GT500, a blue-and-white Cobra, or an Inkstorm edition. These vehicles can be customized with anything from a quad-tip exhaust to rocket balloons. Shelby GT500 drivers can even unlock an exclusive GT500 collection milestone reward. | Content Integration | Mobile | ReadÂ more"
3,N/A,"State of Survival x Hitman | May 9, 2025 | Video Games | Strategy | Release Date: | 9/5/2025 | 5/9/2025 | The State of Survival x HITMAN collaboration features Agent 47 with his Signature Suit, unlockable Crimson Red skin, two villains, and Diana as a storyline character. The collaboration also brings in-game events, figurines, capital city skins, in-city decorations, marching vehicles, avatar frames, and a card collection back. | Content Integration | Mobile | PC | ReadÂ more"
3,N/A,"The Legend of Neverland x Overlord | May 9, 2025 | Anime & Comics | RPG | Release Date: | 1/5/2025 | 5/1/2025 | The Legend of Neverland is crossing over, with Overlord, bringing with it new characters, outfits, mounts, and plenty of fan-favorite flair. This limited-time event introduces three iconic faces from the series, along with exclusive in-game content that fans wonât want to miss. At the heart of the event are three of Overlordâs most recognizable characters, now making their debut in Neverland: Ainz Ooal Gown: The fearsome Ruler of Death brings his spell-casting might to the battlefield, Albedo: The graceful but deadly overseer joins the event as a companion and costume option, and Shalltear Bloodfallen: This vampire maid adds elegance and danger, also appearing as a collectible companion. This event brings fresh customization options with limited-time crossover cosmetics, including a new rideable rodent that joins the gamesâ growing repertoire of mounts. | Content Integration | Mobile | PC | ReadÂ more"
3,N/A,"Dead by Daylight x The Witcher 3: Wild Hunt | May 9, 2025 | Film & Television | Horror | Release Date: | 3/6/2025 | 6/3/2025 | The Dead By Daylight x The Witcher 3 collab will bring DBD skins for Geralt, Ciri, and the following characters: Geralt â Vitorio Toscano, Yennefer -Kate Denson, Triss â Mikaela Reid, Ciri â Sable Ward The Leshen â The Artist, and Erdein â The Knight | Content Integration | PC | Console | ReadÂ more"
3,N/A,"Dead by Daylight x Five Nights at Freddy's | May 9, 2025 | Film & Television | Horror | Release Date: | 3/6/2025 | 6/3/2025 | Dead by Daylight will soon welcome another guest to its ever-growing museum of horror: Five Nights at Freddyâs. The crossover will include a legendary skin for the Animatronic based on the Yellow Rabbit from the Five Nights at Freddy's movie, with voice lines provided by Matthew Lillard. | Content Integration | PC | Console | ReadÂ more"
3,N/A,"Overwatch 2 x Street Fighter 6 | May 9, 2025 | Video Games | Shooting | Release Date: | 20/5/2025 | 5/20/2025 | Overwatch 2 will have a crossover with Street Fighter 6, featuring eight character-themed skins. The event will offer more than just skins, with possible bundles and other themed cosmetics. | Content Integration | PC | Console | ReadÂ more"
3,N/A,"BrownDust2 x Goblin Slayer II | May 8, 2025 | Anime & Comics | RPG | Release Date: | 8/5/2025 | 5/8/2025 | Goblin Slayer II teams up with BrownDust2 for an exclusive in-game collaboration. Popular anime characters like Goblin Slayer, Priestess, and High Elf Archer join BrownDust2 for a limited time. Seasonal events introduce unique bosses, 30 new battles, and special story-driven content with exclusive rewards. Players can unlock free Goblin Slayer costumes, SR and UR gear, plus event-exclusive challenges and adventures. | Content Integration | Mobile | ReadÂ more"
3,N/A,"Play Together x life4cuts | May 8, 2025 | Consumer Brands | Simulation | Release Date: | 8/5/2025 | 5/8/2025 | Play Together is set to jump into a new collaboration with Life4cuts. The photobooth company's own booths now show up over Kaia island. Participate in in-game missions to unlock your own furniture version. Fans of Play Together will now be able to take their photo mode experience to the next level by entering one of the many Life4cuts photobooths now appearing across Kaia Island. Do so with friends, and each user will get their own copy of the resulting photos and a process video showing them off. | Content Integration | Mobile | ReadÂ more"
3,N/A,"Monster Train 2 x Balatro | May 8, 2025 | Video Games | Strategy | Release Date: | 21/5/2025 | 5/21/2025 | Multiply your run wins with the help of the Jokers of Balatro! Swing by a Celestial Alcove for a chance encounter with Jimbo, who is more than happy to lend you their powers! Jokers are artifacts, giving unique effects that can change the entire flow of your run. Buff your Pyre Heart with Triboulet, who gives a permanent health boost for each rare card in your deck, or Chicot who ensures youâre paid for each card you purge. There are many jokers hopping on the Monster Train from the world of Balatro, how you use their powers is up to you! | Content Integration | PC | ReadÂ more"
3,N/A,"PUBG Mobile x Attack on Titan | May 7, 2025 | Anime & Comics | Battle Royale | Release Date: | 7/5/2025 | 5/7/2025 | This Attack on Titan collaboration brings Titans directly into PUBG MOBILEâs battlegrounds. Players can explore Utgard Castle, designed to mirror the iconic Titan attack scenes from the anime, and engage with gameplay elements such as Titan Serums, allowing for transformation into Pure Titans. The rare Attack Titan Serum, available once per match, grants players the ability to transform into the powerful Attack Titan, adding a significant tactical advantage. | Content Integration | Mobile | ReadÂ more"
3,N/A,"XOCIETY x Adidas | May 7, 2025 | Luxury & fashion | Shooting | Release Date: | 16/5/2025 | 5/16/2025 | Adidas and Xociety are launching 2,600 limited edition NFT mystery boxes containing Adidas-themed character skins. The NFT boxes include digital Adidas clothing sets of varying rarity levels, authenticity certificates, and XCS tokens. | Content Integration | PC | ReadÂ more"
3,N/A,"KartRider Rush+ x Cafe Knotted | May 7, 2025 | Consumer Brands | Racing | Release Date: | 7/5/2025 | 5/7/2025 | The collaboration is set to provide a number of exclusive, limited-time items that have been inspired by Cafe Knottedâs mascots, including new karts, skins, and exciting celebratory events. Highlights include speed kart CREAM BUNNY, the new racer SUGAR BEAR and new pets DOUGH PUPPY and Flying Cream Donut. Note that these additions to KartRider Rush+ will be introduced alongside several other themed items, including the Knotted Pink/Yellow Skins (Boss Kart Skins), Knotted Donut Box (Item Kart), Knotted Title, Knotted Smile Headgear, Knotted Smile Aura, Knotted Outfit and Hair, four types of Portraits and the Knotted Smile Dashboard. | Content Integration | Mobile | ReadÂ more"
3,N/A,"Reverse: 1999 x Assassin's Creed | May 5, 2025 | Video Games | RPG | Release Date: | Assassinâs Creed 2 character Ezio will make his debut in Reverse: 1999 during the collaboration. Each of the two phases of this crossover event will bring a fresh new story to the time-travelling game. Phase I: Players will unfold the story in Renaissance Florence, following Vertin and her allies to follow cryptic clues across the streets of 15th-century Italy. Phase II: The story shifts to mythic ancient Greece, where Vertinâs team gets caught in familiar events from Assassinâs Creed Odyssey. | Content Integration | Mobile | PC | ReadÂ more"
3,N/A,"Honkai: Star Rail x Fate/stay Night: Unlimited Blade Works | May 4, 2025 | Anime & Comics | RPG | Release Date: | 11/7/2025 | 7/11/2025 | Honkai: Star Rail has revealed the details of its long-awaited collaboration event with Fate/stay Night: Unlimited Blade Works anime series, with the collaboration featuring two crossover 5-star characters in Saber and Archer. Players can claim Archer for free while Saber will be available to pull in a Special Collaboration Warp during the event. | Content Integration | Mobile | PC | Console | ReadÂ more"
3,N/A,"Game Of Thrones: Kingsroad | May 3, 2025 | Film & Television | RPG | Release Date: | 26/3/2025 | 3/26/2025 | Explore a new adventure RPG set in Westeros, featuring human-against-human combat and rich storytelling. Play as the new heir to House Tyre, a Northern noble family, with deep character customization options. Choose your classâSellsword, Knight, or Assassinâeach inspired by iconic Game of Thrones series roles. | Licensed Game | Mobile | PC | ReadÂ more"
3,N/A,"Sky: Children of Light x The Ocean Clean Up | May 3, 2025 | Heritage/Charity | RPG | Release Date: | 28/4/2025 | 4/28/2025 | Sky continues its partnership with The Ocean Cleanup. The majority of in-game items available for purchase during Days of Nature will support real-world cleanup efforts in oceans and waterways. There will also be a Days of Nature event, which prompts players to restore the Sanctuary Islands in Sky to their natural glory. The event returns every year with new goals for players that reflect the real-world challenges faced by The Ocean Cleanup and other programs working to remove as much plastic trash from our oceans. | Content Integration | Mobile | PC | Console | ReadÂ more"
3,N/A,"Honor of Kings x B.Duck | May 2, 2025 | Toys & Board Games | Fighting | Release Date: | 15/5/2025 | 5/15/2025 | Honor of Kings is collaborating with B.Duck and invites players to âHave a Ducky Dayâ. During this event, players will get new content, including New adorable B.Duck skins & background. There will also be new game mode - Transformation Battle - which transforms players into one of four ducks with different attributes: Inflatable Hammer Fighter: Smashes the enemies back to the fountain, Tornado Fighter: Summons a magical tornado, Speedster Fighter: Kicks, blasts, and throws at lightning speed, and Impact Fighter: Bounces and charges with powerful knockbacks | Content Integration | Mobile | PC | ReadÂ more"
3,N/A,"Care Bears: Rainbow Ride | May 1, 2025 | Film & Television | Adventure | Release Date: | 1/5/2025 | 5/1/2025 | Inspired by the âCare Bears: Unlock the Magicâ series, âRainbow Rideâ is a motion-controlled endless runner where players move, dodge and jump through obstacles while using âbelly badge powersâ to unlock in-game bonuses. Players take on the role of classic characters like Cheer Bear, Grumpy Bear, Share Bear and Funshine Bear, with additional characters available to unlock. | Content Integration | Console | ReadÂ more"
3,N/A,"Punishing Gray Raven x Devil May Cry 5 | May 1, 2025 | Video Games | RPG | Release Date: | 22/5/2025 | 5/22/2025 | This crossover event will feature DMC5 characters coming to PGR on the CN server, with special banners and a special collaboration story event. During the collab, players will be able to get a Dante Omniframe for free by accomplishing Chapter 6 of the special collaboration story event. Furthermore, there will be a Vergil Omniframe, which will be available exclusively on the eventâs limited-time banner. There will be 4 special rate up banners, namely: Dante Rate Up, Fate Dante Rate Up, Vergil Rate Up, and Fate Vergil Rate Up. | Content Integration | Mobile | PC | ReadÂ more"
3,N/A,"AFK Journey x Fairy Tail | May 1, 2025 | Anime & Comics | RPG | Release Date: | 1/5/2025 | 5/1/2025 | AFK Journey is teaming up with the beloved Fairy Tail anime, bringing new heroes, an original storyline, and a wealth of exciting rewards. Join Natsu and Lucy from Fairy Tail for an unforgettable adventure! | Content Integration | Mobile | PC | ReadÂ more"
3,N/A,"Monopoly Go! x Star Wars | May 1, 2025 | Film & Television | Strategy | Release Date: | 1/5/2025 | 5/1/2025 | Monopoly Go! is kicking off Star Wars day with a free two-month-long Star Wars event. During the limited-time event, players will have the chance to gain collectible in-game items like tokens, shields, and emojis while exploring the stories of the Skywalker Saga and The Mandalorian | Content Integration | Mobile | ReadÂ more"
3,N/A,"Call of Duty: Black Ops 6 x Call of Duty Endowment (C.O.D.E) | May 1, 2025 | Heritage/Charity | Shooting | Release Date: | 15/5/2025 | 5/15/2025 | This year, Call of Duty Endowment (C.O.D.E) is introducing its first-ever in-game pack inspired by two real-life veterans: First Sergeant (Ret.) Korey Staley and Captain (Ret.) Florent âFloâ Groberg (Medal of Honor recipient and inspiration for the C.O.D.E Fearless Pack in Modern Warfare). To recognize their service, the Call of Duty Endowment and USAA are offering the upcoming Call of Duty Endowment (C.O.D.E.) United Force: Tracer Pack for Call of Duty: Black Ops 6 and Call of Duty: Warzone - free to U.S. military service members and veterans. The United Forces: Tracer Pack will be available to all players later this month. Additionally, players can become the ultimate teammates while supporting the Endowment in the Call of Duty Endowment (C.O.D.E) Got Your Six Event. From May 15 through May 29, players can earn in-game rewards across Black Ops 6 (including Zombies) and Warzone. | Content Integration | PC | Console | ReadÂ more"
3,N/A,January 2026
3,N/A,December 2025
3,N/A,Apr 2025
3,N/A,Mar 2025
3,N/A,April 2024
3,N/A,Mar 2024
3,N/A,Nov 2023
3,N/A,Oct 2023
4,N/A,"Fortnite x Borderlands | April 29, 2025 | Video Games | Battle Royale | Release Date: | 29/4/2025 | 4/29/2025 | Fortnite is bringing back the Borderlands Psycho Bandit skin along with Claptrap. | Content Integration | Mobile | PC | Console | Read more"
4,N/A,"Barry's Prison Run x LEGO | April 28, 2025 | Toys & Board Games | Adventure | Release Date: | 26/4/2025 | 4/26/2025 | Barry’s Prison Run now features a full LEGO-themed event, swapping steel bars for brick walls and adding a fresh twist to its classic obstacle format. You’re not just running and jumping this time, you’re collecting ten hidden doughnuts, dodging boulders, solving basic mechanics, and even building a trampoline to launch your way to freedom. | Content Integration | Mobile | PC | Console | Read more"
4,N/A,"Blade Ball x LEGO | April 28, 2025 | Toys & Board Games | Fighting | Release Date: | 26/4/2025 | 4/26/2025 | Wiggity has officially partnered with LEGO to organize an interesting limited-time event inside Blade Ball. This event revolves around completing specific quests and missions to earn cool LEGO Skins that are partially based on real-life LEGO kits. | Content Integration | Mobile | PC | Console | Read more"
4,N/A,"Fortnite x Thunderbolts | April 28, 2025 | Film & Television | Battle Royale | Release Date: | 30/4/2025 | 4/30/2025 | Marvel's Thunderbolts characters are journeying from the silver screen to the Fortnite battlefield in a new cosmetic collab. According to leaks, the Fortnite x Thunderbolts collaboration will arrive in-game on Wednesday, April 30, 2025. This collaboration will include plenty of battle-ready weaponry and tough emotes alongside several costumes. | Content Integration | Mobile | PC | Console | Read more"
4,N/A,"Monster Train 2 x Cult of the Lamb | April 27, 2025 | Video Games | Strategy | Release Date: | Monster Train 2 is releasing a Cult of the Lamb collaboration featuring the game's quirky characters. The Monster Train 2 and Cult of the Lamb collaboration allows players to summon Lamb's Cultists, who give random equipment to allies every time they're placed on the field. | Content Integration | Read more"
4,N/A,"Fisch x LEGO | April 27, 2025 | Toys & Board Games | RPG | Release Date: | 26/4/2025 | 4/26/2025 | The Fisch Lego event adds an entirely new quest line, letting you catch and collect brick-built fish with a special rod, earn exclusive in-game rewards, and go on a quest to hunt down the Studalodon. The Brick Mutation effect also lets you discover classic fish with bold red, yellow, blue, and green patterns. | Content Integration | Mobile | PC | Console | Read more"
4,N/A,"Phantasy Star Online 2: New Genesis x That Time I Get Reincarnated as a Slime | April 27, 2025 | Anime & Comics | RPG | Release Date: | 21/5/2025 | 5/21/2025 | The That Time I Got Reincarnated as a Slime collaboration is set for May 21 in Phantasy Star Online 2: New Genesis. During the collaboration, players pull from the Ten-Sura Style AC Scratch Ticket featuring avatar items and cosmetics based on characters from the anime. There will likely be specially themed login bonus rewards too. | Content Integration | PC | Console | Read more"
4,N/A,"The Seven Deadly Sins: Grand Cross x The Eminence in Shadow | April 26, 2025 | Anime & Comics | RPG | Release Date: | 25/4/2025 | 4/25/2025 | The Seven Deadly Sins: Grand Cross and the anime series The Eminence in Shadow are collaborating. Players can experience the following content to celebrate this new collaboration: New Collaboration Heroes, 7DS X The Eminence in Shadow Pick-up Draw, 7DS X The Eminence in Shadow Special Missions, 7DS X The Eminence in Shadow Event Boss Battle, 7DS X The Eminence in Shadow Bingo Event, 7DS X The Eminence in Shadow Log-in Event. | Content Integration | Mobile | PC | Read more"
4,N/A,"Persona 5: The Phantom X x Persona 3 Reload | April 25, 2025 | Video Games | RPG | Release Date: | 29/4/2025 | 4/29/2025 | Perfect World Games has released an animated trailer for the upcoming collaboration between Persona 5: The Phantom X and Persona 3 Reload. The collaboration will launch on April 29, and additional trailers and character introduction videos will be released over the weekend. | Content Integration | Mobile | PC | Read more"
4,N/A,"Kaiju No. 8 THE GAME | April 25, 2025 | Anime & Comics | RPG | Release Date: | Crush colossal Kaiju with a game-changing blow in this Kaiju-Slaying Battle RPG! In a world where peace is constantly disrupted by Kaiju... The monstrous beings of despair emerge without warning, devouring cities and lives. Their colossal forms shake the earth, trampling all in their path. But humanity will not yield! The Japan Defense Force harnesses the power of Kaiju to confront these towering threats, meeting size with honed skill. Size is no match for will. A single spark of determination can turn the tide. Clench your fists, grab your weapons! Annihilate colossal threats with all your might! | Licensed Game | PC | Read more"
4,N/A,"So I'm a Spider, So What? Ruler of the Labyrinth x That Time I Got Reincarnated as a Slime | April 25, 2025 | Anime & Comics | RPG | Release Date: | 10/5/2025 | 5/10/2025 | So I'm a Spider, So What? Ruler of the Labyrinth is collaborating with That Time I Got Reincarnated as a Slime. In this collaboration, over 10 characters from ""That Time I Got Reincarnated as a Slime"", including Rimuru, Milim, and Diablo, will appear in ""So I'm a Spider, So What? Ruler of the Labyrinth."" Players will be able to explore the labyrinth alongside collaboration characters, and equip the protagonist with items inspired by the world of That Time I Got Reincarnated as a Slime. Various in-game events are planned as part of the collaboration. | Content Integration | PC | Read more"
4,N/A,"The Grand Mafia x The King of Fighters XV | April 24, 2025 | Video Games | Strategy | Release Date: | 24/4/2025 | 4/24/2025 | The Grand Mafia x The King of Fighters XV crossover arrives! Legendary battles erupt as Mai Shiranui and Terry Bogard team up with top enforcers to form the ultimate crew. Be ready for epic battles like never before–it's a fight for the top spot, and it starts now! | Content Integration | Mobile | Read more"
4,N/A,"Pixel Starships x Cyanide & Happiness | April 24, 2025 | Anime & Comics | Strategy | Release Date: | 24/4/2025 | 4/24/2025 | In this limited-time crossover with Cyanide and Happiness, players can unlock and recruit classic characters from the webcomic, from lovable clueless giant Lunk to Survivalist Extraordinaire Ted Bear. Each new recruit has their own special features and abilities inspired by their personalities, making them ready to serve as elite members of the crew. The Cyanide & Happiness Goes to Space! collaboration also features an exclusive special edition Battle Pass, collectable items, story-driven missions, and brand-new game modes, all featuring Cyanide and Happiness's signature brand of comedy. | Content Integration | Mobile | PC | Read more"
4,N/A,"Diablo IV x Berserk | April 24, 2025 | Anime & Comics | RPG | Release Date: | 6/5/2025 | 5/6/2025 | Diablo 4 is launching an exclusive crossover with Berserk. Players can look forward to visual highlights: The barbarian gets Guts’ famous berserker armor, hunters slip into the elegant guise ofGriffith, and necromancers summon horror as armored skeleton knights. In addition to character skins, the event has even more fan service in store. The Kriegsross des Falken, Chimimoryo as a pet (affectionately called “Schnoz”) and even manga-related trophies – all of this can be unlocked via the real money shop or by playing strategically. Those who prefer farming to buying can collect so-called Behelits by defeating powerful enemies. These can then be exchanged for items such as Guts’ Sacrifice Mark or Griffith’s Helmet. | Content Integration | PC | Console | Read more"
4,N/A,"Mahjong Soul x Fate/stay night: Heaven's Feel | April 23, 2025 | Anime & Comics | Strategy | Release Date: | 22/4/2025 | 4/22/2025 | This collaboration features limited collab characters, outfits, decorations, and special effects, along with the limited-time event ""Sparrow Cup."" | Content Integration | Mobile | PC | Read more"
4,N/A,"Phantasy Star Online 2: New Genesis x NIJISANJI | April 18, 2025 | Celebrity/Influencer | RPG | Release Date: | 18/4/2025 | 4/18/2025 | Phantasy Star Online 2 New Genesis is collaborating with NIJISANJI to bring popular virtual livers (virtual streamer/content creators) to the game. Players will notice liver-inspired AC Scratch Ticket items, autograph stickers, new Build Parts and more. NIJISANJI livers Ars Almal, Debidebi Debiru, Nui Sociere and Rindou Mikoto have arrived. Fans can log in during the campaign period for login bonuses including autograph stickers and build parts featuring livers visuals. Add even more avatar items through AC Scratch Ticket: Virtual Liver Style '25 to transform your character into your favorite Liver, featuring battle voices recorded by the Livers and other goodies. The lineup features traditional collab items like weapon camos, a custom body pillow weapon camo, ARKS ID backgrounds and some unconventional items like a mag form based on Debidebi Debiru and a cushion build part inspired by Ars Almal. | Content Integration | PC | Console | Read more"
4,N/A,"Overwatch 2 x Mobile Suit Gundam Wing | April 17, 2025 | Anime & Comics | Shooting | Release Date: | 29/4/2025 | 4/29/2025 | The collaboration should follow the format of previous ones, which means some heroes will receive skins inspired by major characters from the Gundam Wing series. Mercy is the only hero with a confirmed skin, as she had a brief appearance at the end of the Season 16 trailer. The amount of skins we'll receive is unknown, but most of them, if not all, will only be available through the in-game shop as collab skins tend to be a premium offering. The skins will come in special bundles along with other cosmetics like highlight intros, emotes, emblems, and player icons. The collab will probably add a new set of challenges, offering smaller cosmetics also Gundam-themed, like sprays or player icons, as rewards for completing them. | Content Integration | PC | Console | Read more"
4,N/A,"Kiddopia x Barbie | April 17, 2025 | Toys & Board Games | Educational | Release Date: | 17/4/2025 | 4/17/2025 | Mattel and Nazara Technologies have launched “Chef Barbie,” a new mini-game within the Kiddopia app that lets young users cook alongside Barbie, preparing dishes like sushi, tacos, ramen and waffles. The activity is the first in a series of Barbie-themed games planned for Kiddopia this year. Designed for preschoolers, “Chef Barbie” encourages kids to engage in hands-on tasks like chopping vegetables and making guacamole while helping build vocabulary, general knowledge and motor skills. | Content Integration | Mobile | Read more"
4,N/A,"Blood Strike x Attack on Titan | April 14, 2025 | Anime & Comics | Battle Royale | Release Date: | 11/4/2025 | 4/11/2025 | Players can expect to nab themed goodies such as exclusive character skins and even a fresh gameplay element thrown into the mix. Specifically, Scout Regiment’s Omni-Directional Mobility Gear will let you duke it out in aerial flight, whereas the collab skins let you play as Eren, Mikasa, Levi and the Armored Titan. Clearing Event Missions will reward you with two free collaboration weapon skins as well, including free Emotes and vouchers for all your hard work. Of course, simply logging in should already net you some goodies, such as the Avatar Frame Freedom Walker and the Stash Voucher | Content Integration | Mobile | PC | Read more"
4,N/A,"Grand Summoners x Rurouni Kenshin | April 14, 2025 | Anime & Comics | RPG | Release Date: | 11/4/2025 | 4/11/2025 | Summon a Guaranteed ★5 Legend on your first roll. Get the chance to summon fully voiced Kenshin Himura, Sanosuke Sagara, Hajime Saito, and Makoto Shishio & their weapons by using over 100 free Crossover Summon Tickets obtainable from daily login bonuses and limited-time missions. Kenshin's Sakabato, as well as other iconic items such as Sanosuke's Zanbato, emerge as summonable powerful Equips. The characters' skills and Arts recreate epic moves from the anime. | Content Integration | Mobile | Read more"
4,N/A,"Fortnite x Vans | April 14, 2025 | Luxury & fashion | Battle Royale | Release Date: | 14/4/2025 | 4/14/2025 | Vans, which will be the next brand to join the Fortnite kicks lineup when the item shop resets today.Players will have the chance to nab four distinctive pairs of Vans--including the iconic checkerboard slip-ons. The other three pairs on offer will be the Premium Old Skool Gum Crystal Blue Vans, the Authentic Red Vans, and the Sk8-Hi Navy Blue Vans. | Content Integration | Mobile | PC | Console | Read more"
4,N/A,"BlazBlue Entropy Effect x Dead Cells | April 12, 2025 | Video Games | Action | Release Date: | BlazBlue Entropy Effect is having a crossover with Dead Cells, bringing with it a free character from that universe sometime this summer. | Content Integration | PC | Read more"
4,N/A,"Mobile Legends: Bang Bang x Naruto Shippuden | April 12, 2025 | Anime & Comics | Action | Release Date: | 2/5/2025 | 5/2/2025 | Moonton has finally revealed a celestially lined roster of Naruto-themed skins, a shocking array of new animations, and a whole new event system that mashes two universes into one epic battle. | Content Integration | Mobile | Read more"
4,N/A,"TSUKIMICHI -Moonlit Fantasy-: Peace Chronicles x The New Gate | April 11, 2025 | RPG | Release Date: | 25/4/2025 | 4/25/2025 | This event features three popular female characters from THE NEW GATE, each with two exclusive service shots. | Content Integration | PC | Read more"
4,N/A,"What The Car x Among Us | April 11, 2025 | Video Games | Racing | Release Date: | 10/4/2025 | 4/10/2025 | What the Car is bringing the Among Us crew to the game. The What the Car patch brings a new overworld to the game, which is inspired by the Skeld. For those unfamiliar, that's the iconic spaceship from Among Us. Additionally, there are new skins for the car based on the Among Us crewmembers: think red, blue, yellow, and green. The update also introduces four new minigames and three new courses to race on. | Content Integration | Mobile | PC | Read more"
4,N/A,January 2026
4,N/A,December 2025
4,N/A,Apr 2025
4,N/A,Mar 2025
4,N/A,April 2024
4,N/A,Mar 2024
4,N/A,Nov 2023
4,N/A,Oct 2023
5,N/A,"Solitaire Grand Harvest x The Smurfs | April 11, 2025 | Film & Television | Casual | Release Date: | 1/4/2025 | 4/1/2025 | For a limited time, players can explore Smurf-themed content across the game, including daily surprises, in-game missions and a new joint collection album featuring the Smurfs alongside Solitaire Grand Harvestâs familiar farm characters. The event will also allow players to collect coins to build a Smurf-themed collection or design a virtual Smurfs village within the game. A rotation of Smurf-related mini-games and features will also go live throughout the campaign. The highest-level mission challenges players to help the Smurfs build a brand-new village, adding a fresh layer of gameplay for longtime fans. | Content Integration | Mobile | ReadÂ more"
5,N/A,"Pool Masters x How to Train Your Dragon | April 10, 2025 | Film & Television | Sports | Release Date: | The How to Train Your Dragon crossover will introduce five collectible cues based on characters, including Toothless, Stormfly, Hookfang, Meatlug and Terrible Terror. Each cue is designed with gameplay and fantasy elements in mind. | Content Integration | Mobile | ReadÂ more"
5,N/A,"Sonic Rumble | April 9, 2025 | Video Games | Party | Release Date: | 8/5/2025 | 5/8/2025 | Ready Set Rumble! Sonic Rumble is the first multiplayer party game in the iconic game series, with up to 32 players battling it out! | Licensed Game | Mobile | PC | ReadÂ more"
5,N/A,"Fortnite x Adventure Time | April 8, 2025 | Film & Television | Battle Royale | Release Date: | 11/4/2025 | 4/11/2025 | Adventure Time skins available to purchase from the Item Shop | Content Integration | Mobile | PC | Console | ReadÂ more"
5,N/A,"Monster Energy Supercross 25 | April 7, 2025 | Consumer Brands | Racing | Release Date: | 10/4/2025 | 4/10/2025 | Get ready for the official 2025 Supercross season with Monster Energy Supercross 25! Experience the thrill of racing on newly designed tracks that replicate real-world events and compete against the latest roster of professional riders: forge your path in a revamped career featuring intense competitions, rivalries, and strategic choices. | Licensed Game | PC | Console | ReadÂ more"
5,N/A,"The Electric State: Kid Cosmo | April 6, 2025 | Film & Television | Adventure | Release Date: | 18/3/2025 | 3/18/2025 | Wichita, Kansas â 1985: Go on a journey through the eyes of Chris, an intellectually gifted child, and his older sister Michelle as they navigate coming of age in the retro-futuristic world of The Electric State. This narrative-driven game takes place before the events of the movie and spans five years, blending gameplay with emotional storytelling to create an immersive experience. Experience Kid Cosmo: Martian Marooner, a fully realized retro game on Chris's handheld console, the PX-1. Inspired by classic 1980s games, this top-down puzzle adventure features grid-based movement and creative problem-solving. Guide Kid Cosmo through each dungeon, using boosters like the Zoomerang and Jet Pack to overcome challenges and defeat robots. Available exclusively to Netflix members. | Licensed Game | Mobile | ReadÂ more"
5,N/A,"Stumble Guys x Skibidi Toilet | April 4, 2025 | Film & Television | Action | Release Date: | 4/4/2025 | 4/4/2025 | Stumble Guysâ¯is launching an official collaboration withâ¯Skibidi Toilet, the animated YouTube series. Players can dive into all-new multiplayer mayhem in a Stumbleverse where toilets and tech go head-to-head. Allegiance to their favoriteâ¯Skibidiâ¯faction unlocks cosmetics that let them suit up as part of their chosen crew, whether they stand with the toilets, speakermen, cameramen or TV men. The event features brand-new in-game content, includingâ¯sixâ¯Skibidi-themed Stumblers, one emote, one step and one victory animation. A limited-time map captures the chaos and charm of the Skibidi universe with a signatureâ¯Stumble Guysâ¯twist as players battle for territory or risk getting flushed out. | Content Integration | Mobile | PC | ReadÂ more"
5,N/A,"Fornite x Sabrina Carpenter | April 4, 2025 | Bands & Musicians | Battle Royale | Release Date: | 8/4/2025 | 4/8/2025 | Sabrina Carpenter brings her eccentric brand of pop to Fortnite Festival Season 8. Unlock her âJunoâ and âNonsenseâ Jam Tracks in the Season 8 Music Pass and find more of her tracks in the Shop! Thatâs that Season 8 Icon, Sabrina: thereâll be a Sabrina Carpenter Outfit in both the Music Pass and Shop. | Content Integration | Mobile | PC | Console | ReadÂ more"
5,N/A,"Rocket League x NASCAR | April 3, 2025 | Cars & Automotive | Racing | Release Date: | 3/4/2025 | 4/3/2025 | NASCAR announced that Darlington Raceway, the host of this weekendâs NASCAR Throwback Race Weekend, is now playable in Fortniteâs Rocket Racing. Though NASCAR versions of cars are not available in-game, NASCAR fans can still race on the fantasy version of the 1.366-mile speedway in Darlington, South Carolina. The track includes proper branding and, while different from the actual track, is somehow just as unique as the real âLady in Black.â | Content Integration | Mobile | PC | Console | ReadÂ more"
5,N/A,"PUBG Mobile x Godzilla | April 3, 2025 | Film & Television | Battle Royale | Release Date: | 4/4/2025 | 4/4/2025 | PUBG Mobile has collaborated with the Godzilla to launch a limited-time event featuring themed in-game items. Players will have the chance to collect special edition items inspired by iconic monsters such as Godzilla, Burning Godzilla, Mecha Godzilla and The collaboration introduces a range of cosmetic items including costume sets, vehicle skins, gliders, motorcycles, helmets and backpacks. Miniature versions of Burning Godzilla and King Ghidorah will also be available as in-game âbuddiesâ that can accompany players on the battlefield.. The collaboration introduces a range of cosmetic items including costume sets, vehicle skins, gliders, motorcycles, helmets and backpacks. Miniature versions of Burning Godzilla and King Ghidorah will also be available as in-game âbuddiesâ that can accompany players on the battlefield. | Content Integration | Mobile | ReadÂ more"
5,N/A,"Puella Magi Madoka Magica Magia Exedra | April 1, 2025 | Anime & Comics | RPG | Release Date: | 26/3/2025 | 3/26/2025 | Characters from the hit anime series ""Puella Magi Madoka Magica"" come together! Featuring an all-new story setting and characters from the original ideas of Gekidan Inu Curry (Doroinu), experience the action alongside Magical Girl memories in this battle RPG | Licensed Game | Mobile | ReadÂ more"
5,N/A,"Disney Solitaire | April 1, 2025 | Film & Television | Casual | Release Date: | 1/4/2025 | 4/1/2025 | Step into a world of magical fun with Disney Solitaire, where nostalgia and skill come together in a spellbinding card adventure. As you clear cards and win levels, take a trip down memory lane by rebuilding some of the most iconic Disney and Pixar scenes ever. | Licensed Game | Mobile | ReadÂ more"
5,N/A,"Clash of Clans x WWE | March 31, 2025 | Sport & Athletes | Strategy | Release Date: | 1/4/2025 | 4/1/2025 | This collaboration will see WWE Superstars headline an electrifying in- and out-of-game event throughout the month of April. Under the new partnership, Undisputed WWE Champion Cody Rhodes, Rhea Ripley, The Undertaker, Bianca Belair and other WWE Superstars will be reimagined as iconic characters inside the world of Clash of Clans | Content Integration | Mobile | ReadÂ more"
5,N/A,"Sea of Thieves x Destiny 2 | March 28, 2025 | Video Games | Adventure | Release Date: | 27/3/2025 | 3/27/2025 | Sea of Thieves collaborates with Destiny 2 for new cosmetics. Players can buy Lightbearer Ship Bundle or Mighty, Silent, and Wise bundles based on Destiny 2 classes. New figureheads, sails, weapons, and costume sets available for individual purchase for full customization. | Content Integration | PC | Console | ReadÂ more"
5,N/A,"Tamagotchi Plaza | March 27, 2025 | Toys & Board Games | Adventure | Release Date: | 26/6/2025 | 6/26/2025 | Enhance the reputation of each shop by taking orders and interacting with special Tamagotchi visitors. With even more new Tamagotchi stopping by, youâll have the chance to help solve their problems. Set in Tamahiko Town on Tamagotchi Planet! â Tamahiko Town, the home of our beloved Prince Tamahiko, has been nominated to host a festival on Tamagotchi Planet! Help the town win the bid by assisting the shops and making the town livelier. 12 Types of Shops Are Available! â There is the Dentist where cavities are treated, Eyewear Shop that makes perfect pair of glasses, Afternoon Tea creates table settings to suit customerâs needs, along with many other charming shops choose from. As reputation these improves, they will grow, and so variety orders. Offline Two-Player Mode for Some Shops! â For the first time in the series, an offline two-player mode is now available! Collaborate or compete with each other while completing enjoyable tasks with your family and friends. (Two player mode will only be available in certain shops.) Over 100 Tamagotchi in Total Appear! â The town is filled with unique Tamagotchi who enjoy their time freely. Sometimes, you may be asked to listen to their problems or help them find what they are looking for. You can also enjoy interacting with these adorable Tamagotchi! | Licensed Game | Console | ReadÂ more"
5,N/A,"Disney Villains Cursed CafÃ© | March 27, 2025 | Film & Television | Casual | Release Date: | 27/3/2025 | 3/27/2025 | Enter the Cursed CafÃ©. Step into a world where every cup holds a secret and every sip can change a destiny! As the newest Potionista at the Disney Villains Cursed CafÃ©, youâll create enchanted blends for a cast of legendary figuresâCruella de Vil, The Evil Queen, Gaston, Captain Hook, Jafar, Maleficent, and Ursulaâall reimagined in a modern, magical world. Unravel their motivations. Your choices influence their ambitionsâwill Gaston impress his golf bros? Can Hook steal the spotlight in community theater? Can Maleficent dominate social media? And will Ursula become a reality TV sensation? Uncover and influence the villains' stories with your potion creations. With every sip, a world of possibilities. Each villain arrives with a request, but what they truly need may be something entirely different. Using enchanted ingredients from your cafÃ© and the brewing machine, craft magical potions to give each villain what they ask for, or a taste of what they need. With help from Yzma, you'll uncover rare upgraded ingredients to create enhanced magical elixirs influencing the stories' outcome. Will your signature potions bring them clarity, courage, or chaos? | Licensed Game | PC | Console | ReadÂ more"
5,N/A,"Fatal Fury: City of the Wolves x Cristiano Ronaldo | March 27, 2025 | Sport & Athletes | Fighting | Release Date: | 24/4/2025 | 4/24/2025 | Cristiano Ronaldo will be a playable character in the base roster of Fatal Fury: CotW. | Content Integration | PC | Console | ReadÂ more"
5,N/A,"Brawlhalla x Destiny 2 | March 26, 2025 | Video Games | Fighting | Release Date: | 26/3/2025 | 3/26/2025 | Players can now access the Destiny 2 Guardians Crossover Event and fight as all three classes in Destiny 2. From the gunslinging Hunter, mystical Warlock, and heavy-duty Titan, players can duke it out as one of the Guardians in Brawlhalla. The Guardians Crossover Event for Brawlhalla is available now. | Content Integration | Mobile | PC | Console | ReadÂ more"
5,N/A,"Fortnite x Ram Trucks | March 26, 2025 | Cars & Automotive | Battle Royale | Release Date: | 26/3/2025 | 3/26/2025 | The Ram 1500 RHO has rolled into the Fortnite Shop. | Content Integration | Mobile | PC | Console | ReadÂ more"
5,N/A,"Fortnite x Linkin Park | March 26, 2025 | Bands & Musicians | Battle Royale | Release Date: | 27/3/2025 | 3/27/2025 | The band has confirmed that three tracks, including âFaint,â âThe Emptiness Machine,â and their brand-new song âUp From The Bottom,â will be exclusively available in Fortnite. | Content Integration | Mobile | PC | Console | ReadÂ more"
5,N/A,"OUTERPLANE x DanMachi V (Is It Wrong to Try to Pick Up Girls in a Dungeon?) | March 25, 2025 | Anime & Comics | RPG | Release Date: | 25/3/2025 | 3/25/2025 | The OUTERPLANE x DanMachi V collaboration is now live. There will be various events, and new heroes! | Content Integration | Mobile | ReadÂ more"
5,N/A,"DJMAX RESPECT V x Blue Archive | March 25, 2025 | Video Games | Other | Release Date: | 24/4/2025 | 4/24/2025 | Neowizâs flagship rhythm game, DJMAX RESPECT V, is set to launch a long-awaited collaboration with Blue Archive. On March 14, Neowiz unveiled a collaboration teaser image on DJMAX RESPECT V's Steam page and official social media channels. The teaser features Rikuhachima Aru, one of Blue Archive's most popular characters, making her signature shocked expression in front of an explosion. | Content Integration | PC | Console | ReadÂ more"
5,N/A,"Among Us x Yakuza: Like a Dragon | March 25, 2025 | Video Games | Strategy | Release Date: | 25/3/2025 | 3/25/2025 | A new collab is coming to Among Us featuring various iconic characters from the Yakuza: Like a Dragon series. The Like a Dragon character skins featured in the new Among Us collab include Kazuma Kiryu, Ichiban Kasuga, Tianyou Zhao, Taiga Saejima, various versions of Goro Majima including his classic design, his design from Yakuza 0, and his latest appearance as a pirate captian in Like a Dragon: Pirate Yakuza in Hawaii, as well as the lobster Nancy. | Content Integration | Mobile | PC | Console | ReadÂ more"
5,N/A,"Legend of Mushroom x Rabbids | March 24, 2025 | Video Games | RPG | Release Date: | 7/3/2025 | 3/7/2025 | This special crossover event will be bringing rabbids into the World of Legend of Mushrooms. During this event players can get the following rewards: Logging in the game will grant the players with Rabbids Avian Mount without any cost, players can complete the mini coloring games to get a Rabbids 3-piece accessories set, players can also unlock Rabbids Magic Lamp skin along with limited-time Pal through the âDivine Mountain Treasure Troveâ Limited-time collaboration decorations are available in the Shroomie Parking, and players can express themselves using the limited-time Rabbids stickers which are now out for free. | Content Integration | Mobile | ReadÂ more"
5,N/A,"Simon's Cat Match! | March 24, 2025 | Film & Television | Puzzle | Release Date: | 24/3/2025 | 3/24/2025 | Simonâs Cat Match! adopts the classic âMatch-3â concept that sees players move a series of tiles around an online puzzle board with one end goal: to make them disappear. Featuring Simonâs Cat animations and playful characters, users of the F2P game can earn online currency as they unlock thousands of levels, unveil hidden objects, engage in garden battles, decorate cat-themed areas and take part in daily competitions; all set in a uniquely crafted Simonâs Cat-animated world. | Licensed Game | Mobile | ReadÂ more"
5,N/A,January 2026
5,N/A,December 2025
5,N/A,Apr 2025
5,N/A,Mar 2025
5,N/A,April 2024
5,N/A,Mar 2024
5,N/A,Nov 2023
5,N/A,Oct 2023
6,N/A,"Trailer Park Boys: Greasy Money x AEW: Rise to the Top | March 24, 2025 | Video Games | Strategy | Release Date: | 27/3/2025 | 3/27/2025 | Fans can dive into this epic crossover as Ricky, Bubbles, and Julian team up with AEW stars for unforgettable new stories. In Trailer Park Boys: Greasy Money, what happens when the boys invite AEW Canadian icons like Chris Jericho and Kenny Omega to Sunnyvale? It’s all going down at the SVW show in the park! | Content Integration | Mobile | Read more"
6,N/A,"PUBG Mobile x BabyMonster | March 24, 2025 | Bands & Musicians | Battle Royale | Release Date: | 21/3/2025 | 3/21/2025 | PUBG Mobile players can earn in-game rewards inspired by the idol group and participate in other interactive gameplay elements on the Erangel and Rondo maps. Additionally, players will be able to take photos with their favourite BABYMONSTER member in a photo booth at the centre of each area. Fans can also play the K-pop group’s music by equipping themselves with the BABYMONSTER-branded cassette player. | Content Integration | Mobile | Read more"
6,N/A,"Dave the Diver x Yakuza: Like a Dragon | March 22, 2025 | Video Games | RPG | Release Date: | 10/4/2025 | 4/10/2025 | Kasuga Ichiban... in the Blue Hole?! Ichiban and bartender of the ""Survive Bar"" visit the Blue Hole for a relaxing holiday... But trouble always seems to find Ichiban. Join Ichiban and the Blue Hole crew for a wild ride in DAVE THE DIVER: Ichiban's Holiday DLC | Content Integration | PC | Console | Read more"
6,N/A,"MapleStory x Demon Slayer: Kimetsu no Yaiba | March 20, 2025 | Anime & Comics | RPG | Release Date: | 20/3/2025 | 3/20/2025 | A limited-time crossover is now live for MapleStory, with Demon Slayer: Kimetsu no Yaiba. The crossover features Tanjiro Kamado, Zenitsu Agatsuma, Inosuke Hashibira and more. The event includes the ability to create a character with a limited-time Tanjiro job, acquire skills like Water Breathing and Hinokami Kagura and pick up various crossover items. | Content Integration | PC | Read more"
6,N/A,"Tom Clancy's Rainbow Six® Siege x The Boys | March 19, 2025 | Film & Television | Shooting | Release Date: | 18/3/2025 | 3/18/2025 | Rainbow Six Siege is crossing over with The Boys, adding Homelander and Black Noir skins for two of the game's operators. | Content Integration | PC | Console | Read more"
6,N/A,"Sky: Children of the Light x The Little Prince | March 19, 2025 | Books & Literature | RPG | Release Date: | 24/3/2025 | 3/24/2025 | The Little Prince is back in the game Sky: Children of the Light for Days of Bloom. Players can rediscover this collaboration and immerse themselves in the universe of The Little Prince. Introduced in 2021, players explored the themes of The Little Prince through memorable quests, woven with the sensibility unique to the game’s universe. This year, Sky x The Little Prince Encorebrings these quests back to life, restored in full color. Players will be able to travel to the Starlight Desert, the heart of the event, to rediscover the story of The Little Prince and interact with the pink messages: interactive notes inspired by the tale’s themes. In addition, the Sky universe will awaken to spring, with flowers and petals gradually appearing in several iconic locations. | Content Integration | Mobile | PC | Console | Read more"
6,N/A,"Minecraft: Education Edition x St. Peter’s Basilica | March 18, 2025 | Heritage/Charity | Educational | Release Date: | 18/3/2025 | 3/18/2025 | Now, for the first time ever, students can step inside this legendary building and take on the role of its caretakers in Peter Is Here: AI for Cultural Heritage, a brand-new Minecraft Education learning experience created in collaboration with Microsoft and the Vatican. | Content Integration | Mobile | PC | Read more"
6,N/A,"World of Tanks x Peaky Blinders | March 18, 2025 | Film & Television | Shooting | Release Date: | 20/3/2025 | 3/20/2025 | Peaky Blinders joins World of Tanks in a unique crossover event. Tommy Shelby and his family bring their grit and charisma to the battlefield. Unlock the Tier IX Premium tank, Char Murat, and customize with themed decals. Experience the show’s vibe with immersive voices and a special Birmingham soundtrack. | Content Integration | PC | Console | Read more"
6,N/A,"Puzzle & Dragons x Disney Pixel RPG | March 17, 2025 | Video Games | Puzzle | Release Date: | 17/3/2025 | 3/17/2025 | In this collaboration is between Puzzle & Dragons and Disney's Pixel RPG, Disney characters are reimagined in pixel-art style. By integrating these pixel-inspired versions of iconic Disney characters like Pooh, Stitch, and Ariel into Puzzle & Dragons, the event offers players a chance to experience a new twist on familiar faces by collecting pixel-inspired versions of the characters. The event features a Disney Event Quest with 10 levels, rewarding players with up to 10 Magic Stones for clearing each level. P&D Pass holders can earn extra rewards, and players can boost their Quest Level by completing missions in select dungeons and unlocking prizes like the Disney Event Egg Machine. | Content Integration | Mobile | Read more"
6,N/A,"Fornite x Clix | March 17, 2025 | Celebrity/Influencer | Battle Royale | Release Date: | 22/3/2025 | 3/22/2025 | A range of Clix-inspired items hit the Shop on March 22, including the Clix Outfit, Clix Bear Back Bling, and a sparky surprise. Can’t wait ‘til then? Prove you’ve got skills that rival Fortnite’s latest Icon in the Clix Icon Cup on March 21 to unlock Clix’s items early. As part of his Icon Series debut, Clix brings an all-new island to Fortnite | Content Integration | Mobile | PC | Console | Read more"
6,N/A,"Fortnite x Shohei Ohtani | March 17, 2025 | Release Date: | 17/3/2025 | 3/17/2025 | Fornite is adding MLB legend Shohei Ohtani is arriving to the game as an Icon Series skin. The Shohei Ohtani Fortnite collab will include several skin variations, emotes, back blings and pickaxes. Once the Shohei Ohtani bundle arrives, it will be available in the Fortnite item shop. Importantly, players can buy items from the bundle individually or as a set. Players can also obtain the Samurai Shohei Outfit for free before its official release by placing in a Solo Battle Royale tournament. During the in-game Shohei Ohtani Cup, ""the top points-earning players in each region will unlock the Samurai Shohei Outfit early. | Content Integration | Mobile | PC | Console | Read more"
6,N/A,"PUBG Mobile x Bugatti | March 16, 2025 | Cars & Automotive | Battle Royale | Release Date: | 14/3/2025 | 3/14/2025 | PUBG Mobile has teamed up with Bugatti to bring back the Speed Drift event. This event introduces some of the world's most legendary supercars, giving players a chance to add exclusive Bugatti skins to their collection. | Content Integration | Mobile | Read more"
6,N/A,"Reignbreaker x Djerv | March 16, 2025 | Bands & Musicians | RPG | Release Date: | 19/3/2025 | 3/19/2025 | Norwegian band Djerv has collaborated with the Reignbreaker to release a new single dubbed “Reignbreaker”. This track will be the main track for the upcoming RPG. | Content Integration | PC | Read more"
6,N/A,"Nancy Drew: Mystery of the Seven Keys | March 15, 2025 | Film & Television | Puzzle | Release Date: | 21/6/2024 | 6/21/2024 | A thrilling blend of adventure, mystery, and history! Play as Nancy Drew to uncover the truth behind the theft of a client's heirloom necklace. Solve challenging puzzles, uncover a sinister web of cyber crime, and sleuth through Prague's mysterious streets entwined with medieval legends and alchemy. | Licensed Game | PC | Read more"
6,N/A,"Asphalt Legends Unite x LEGO Technic | March 15, 2025 | Toys & Board Games | Racing | Release Date: | 15/3/2025 | 3/15/2025 | LEGO Technic X Asphalt is back. Get a hold of your very own LEGO Technic Chevrolet Corvette Stingray by playing the new Collector Mode event, happening now. | Content Integration | Mobile | PC | Console | Read more"
6,N/A,"Fortnite x Tomb Raider | March 15, 2025 | Film & Television | Battle Royale | Release Date: | 15/3/2025 | 3/15/2025 | The iconic Tomb Raider herself, Lara Croft, shoots her way into the Fortnite Battle Royale scene with a new skin from the Item Shop. Players who missed out on Lara Croft's first appearance way back in early 2021 with Chapter 2 Season 6 have another chance to add this stylistic and action-packed archaeologist to their lockers. | Content Integration | Mobile | PC | Console | Read more"
6,N/A,"Fortnite x Invincible | March 13, 2025 | Film & Television | Battle Royale | Release Date: | 13/3/2025 | 3/13/2025 | The Fortnite x Invincible collab has now gone live, adding in some new skins and a new style for the already-existing Invincible skin. Players can now purchase the Allen the Alien skin from the Item Store. Players can also purchase a bundle that also includes the COP Axe pickaxe, Allen's Tracking Device back bling and Allen's Snack emote - all of which can also be purchased individually. There's also a new style for Invincible with a blue suit as opposed to his regular one. | Content Integration | Mobile | PC | Console | Read more"
6,N/A,"Arknights x Delicious in Dungeon | March 12, 2025 | Anime & Comics | RPG | Release Date: | 11/3/2025 | 3/11/2025 | Arknights is launching a special crossover event, Delicious on Terra, in collaboration with the hit anime Delicious in Dungeon. This event introduces a side story, new playable Operators, themed outfits, and exclusive rewards for players worldwide. | Content Integration | Mobile | Read more"
6,N/A,"Dead by Daylight x Tokyo Ghoul | March 12, 2025 | Anime & Comics | Horror | Release Date: | 2/4/2025 | 4/2/2025 | Tokyo Ghoul Dead by Daylight Crossover Introduces Ken Kaneki as New Killer. | Content Integration | PC | Console | Read more"
6,N/A,"Fortnite x Mickey 17 | March 7, 2025 | Film & Television | Battle Royale | Release Date: | 7/3/2025 | 3/7/2025 | Players will be able to participate in the “Mickey Royale” experience to Fortnite’s MiniGame Box PVP. Take part now to see what you’re made of and how many times you can come back in one game. | Content Integration | Mobile | PC | Console | Read more"
6,N/A,"Seven Knights Idle Adventure x Return of the Blossoming Blade | March 7, 2025 | Anime & Comics | RPG | Release Date: | 6/3/2025 | 3/6/2025 | Seven Knights Idle Adventure brings back Return of the Blossoming Blade for round two. Master of the Blossoming Blade joins the fray. Old characters return with new abilities. Players will be able to take part in several events. | Content Integration | Mobile | Read more"
6,N/A,"Monster Hunter Puzzles: Felyne Isles x Sanrio Characters | March 7, 2025 | Anime & Comics | Puzzle | Release Date: | 7/3/2025 | 3/7/2025 | During the Monster Hunter Puzzles: Felyne Isles x Cinnamoroll collab event, you can look forward to clearing themed challenges and special quests to score equally adorable rewards, which means the Cinnamoroll House and Cinnamoroll Suit will be up for grabs to prettify your match-3 experience. Apart from the customisation options for your house, the collab also brings lovely cosmetics for your avatar, including a Cinnamoroll Pack you can wear on your back and a Cinnamoroll Pink effect for your avatar. | Content Integration | Mobile | Read more"
6,N/A,"Goose Goose Duck x Godzilla | March 6, 2025 | Film & Television | Strategy | Release Date: | 6/3/2025 | 3/6/2025 | Players can enjoy all-new Godzilla content, including a new map, new roles, a new Flight Pass, and a new Claw Machine. | Content Integration | Mobile | PC | Read more"
6,N/A,"Doomsday: Last Survivors x Pacific Rim | March 6, 2025 | Film & Television | RPG | Release Date: | 21/2/2025 | 2/21/2025 | Unlock collab Kaiju and Jaegers. Exclusive cosmetics up for grabs. Limited-time goodies with Breach Wealth in part 2 of this collab | Content Integration | Mobile | PC | Read more"
6,N/A,"Last Cloudia x Visions of Mana | March 6, 2025 | Video Games | RPG | Release Date: | 13/3/2025 | 3/13/2025 | Last Cloudia will host a limited-time collaboration event with the popular action RPG Visions of Mana. Players will be able to get new units and arks exclusive to this event, as well as redux units and arks from Last Cloudia’s collaboration event with the Mana Series in Nov 2021. | Content Integration | Mobile | PC | Read more"
6,N/A,January 2026
6,N/A,December 2025
6,N/A,Apr 2025
6,N/A,Mar 2025
6,N/A,April 2024
6,N/A,Mar 2024
6,N/A,Nov 2023
6,N/A,Oct 2023
7,N/A,"Baki Hanma: Blood Arena | March 5, 2025 | Anime & Comics | Fighting | Release Date: | 11/9/2025 | 9/11/2025 | Step into the shoes of Baki Hanma in this action-packed 2D anime game. With explosive special moves and original music, fight your way to become the god of combat in the ultimate test of strength. | Licensed Game | PC | Console | ReadÂ more"
7,N/A,"Soul Strike x The Greatest Estate Developer | March 5, 2025 | Anime & Comics | RPG | Release Date: | 25/2/2025 | 2/25/2025 | The characters of The Greatest Estate Developer are here! Log in to secure Lloyd and Javier and enjoy lots of events. | Content Integration | Mobile | ReadÂ more"
7,N/A,"Tony Hawk's Pro Skater 3 + 4 x DOOM | March 5, 2025 | Video Games | Sports | Release Date: | 11/7/2025 | 7/11/2025 | Activision has confirmed that Tony Hawk's Pro Skater 3 + 4 will be released on July 11, with the digital deluxe edition including a DOOM crossover. Players who purchase the digital deluxe edition will get the ""Doom Slater skater. | Content Integration | PC | Console | ReadÂ more"
7,N/A,"Assassin's Creed Shadows x Red Bull | March 5, 2025 | Consumer Brands | RPG | Release Date: | 20/3/2025 | 3/20/2025 | Ubisoft & Red Bull offer free in-game content for Assassin's Creed Shadows to players. The promotion involves a game-based quiz for players to earn gear for free. For finishing, the players will earn two trinkets, one for each character and offering helpful buffs. For taking the quiz, players will earn two trinkets for their Assassin's Creed Shadows customizable loadout, one for Naoe and the other for Yasuke. While the items may break the player's immersion thanks to the Red Bull logo emblazoned on the item, the trinkets themselves appear to offer tangible benefits, especially in the early game. For example, the Red Bull Medallion will give Naoe a +3% affliction buildup on enemies above half health, while the Red Bull Wooden Plaque restores 2% of Yasuke's health on dodging an attack. | Content Integration | PC | Console | ReadÂ more"
7,N/A,"Fortnite x Mortal Kombat | February 24, 2025 | Video Games | Battle Royale | Release Date: | 21/2/2025 | 2/21/2025 | The Fortnite x Mortal Kombat collaboration is set to launch with Fortnite Chapter 6 Season 2 on February 21, 2025. Epic Games has officially confirmed that Sub-Zero and Scorpion will be available as part of the Chapter 6 Season 2 Battle Pass. Scorpion will also join the Fortnite roster â but unlike Sub-Zero, he will be available as an Item Shop skin. | Content Integration | Mobile | PC | Console | ReadÂ more"
7,N/A,"Brawl Stars x Uno | February 24, 2025 | Toys & Board Games | Shooting | Release Date: | 24/2/2025 | 2/24/2025 | UNO Chester is the latest skin in Brawl Stars, introduced through the recent Brawl Talk as part of the UNO Collab Mini-Event. The latest Brawl Talk also introduced the âUNO Game Mode,â where you collect and play UNO cards by taking or throwing them into the discard pile. | Content Integration | Mobile | ReadÂ more"
7,N/A,"Farming Simulator 25 x John Deere | February 23, 2025 | Cars & Automotive | Simulation | Release Date: | 20/2/2025 | 2/20/2025 | GIANTS Software dropped a brand new update this past week into Farming Simulator 25. The update includes a wide range of agricultural equipment led by renowned manufacturer John Deere. In particular, virtual farmers can look forward to operating John Deere 6R tractors | Content Integration | PC | Console | ReadÂ more"
7,N/A,"Farming Simulator 25 x CLAAS | February 23, 2025 | Cars & Automotive | Simulation | Release Date: | 20/2/2025 | 2/20/2025 | GIANTS Software dropped a brand new update this past week into Farming Simulator 25. The update includes a wide range of agricultural equipment led by renowned manufacturer CLAAS. In particular, virtual farmers can look forward to operating CLAAS ARION. | Content Integration | PC | Console | ReadÂ more"
7,N/A,"Fortnite x Cowboy Bebop | February 23, 2025 | Anime & Comics | Battle Royale | Release Date: | 28/2/2025 | 2/28/2025 | Starting February 28, players can suit up as the iconic duo with official outfits available in the Fortnite Shop. Meanwhile, from March 1 to March 18, players can complete Cowboy Bebop Quests to earn XP and work towards Cowboy Bebop Bonus Goals. Completing these goals will unlock exclusive rewards, including the Cowboy Bebop Wrap and Bebop Legends Loading Screen | Content Integration | Mobile | PC | Console | ReadÂ more"
7,N/A,"Mobile Legends: Bang Bang x The King of Fighters '97 | February 22, 2025 | Video Games | Action | Release Date: | 22/2/2025 | 2/22/2025 | Mobile Legends: Bang Bang announced the renewal of the collaboration with The King of Fighters '97. Players can once again obtain skins inspired by iconic fighters from the legendary fighting game. Each of the available skins has been updated, receiving enhanced visual effects and animations to meet modern game standards. For example, the Kula Diamond skin for Aurora now features more detailed ice attack animations, highlighting her royal status. Available skins: Aurora â Kula Diamond, Gusion â K', Dyrroth â Orochi Chris, Karina â Leona, Chou â Iori Yagami, and Guinevere â Athena Asamiya. | Content Integration | Mobile | ReadÂ more"
7,N/A,"Fortnite x T-Pain | February 19, 2025 | Bands & Musicians | Battle Royale | Release Date: | 21/2/2025 | 2/21/2025 | Fortnite has confirmed a collaboration with rapper T-Pain as part of a fictional rap beef with the character Big Dill during Chapter 6 Season 2. | Content Integration | Mobile | PC | Console | ReadÂ more"
7,N/A,"CSR Racing 2 x Back to the Future | February 18, 2025 | Film & Television | Racing | Release Date: | 18/2/2025 | 2/18/2025 | The iconic Time Machine comes to the hit mobile racing game CSR2 as a collectible, drivable vehicle. In addition to collecting the film's legendary vehicle, players can also look forward to a custom Back to the Future-inspired in-game narrative and UI, as well as three new themed flash events and a new community competition. | Content Integration | Mobile | ReadÂ more"
7,N/A,"Call of Duty: Black Ops 6 x Teenage Mutant Ninja Turtles | February 18, 2025 | Film & Television | Shooting | Release Date: | 27/2/2025 | 2/27/2025 | As part of this crossover, all four of the Teenage Mutant Ninja Turtles are coming to Black Ops 6. The turtles will be available as Bundles while the other operators can be earned in a special Event Pass. The premium version of the TMNT Event Pass features multiple weapon blueprints, a Splinter operator skin, and various other cosmetic items. | Content Integration | PC | Console | ReadÂ more"
7,N/A,"Funko Fusion x Universal Monsters | February 17, 2025 | Film & Television | Action | Release Date: | 14/2/2025 | 2/14/2025 | Funko Fusion has released the Universal Monsters DLC Pack. The expansion introduces Universalâs horror characters, including Dracula, Bride of Frankenstein, Invisible Man and Wolf Man, to the game. | Content Integration | PC | Console | ReadÂ more"
7,N/A,"Metal Gear Solid Delta: Snake Eater x Ape Escape | February 13, 2025 | Video Games | Action | Release Date: | 25/8/2025 | 8/25/2025 | Metal Gear Solid Delta: Snake Eater is bringing back the Snake vs. Monkey mode featuring Ape Escape | Content Integration | PC | Console | ReadÂ more"
7,N/A,"Kahoot! x Sanrio Characters | February 12, 2025 | Anime & Comics | Educational | Release Date: | 12/2/2025 | 2/12/2025 | Kahoot! has announced an exciting new collaboration with Sanrio characters, including Hello Kitty, My Melody, Kerokerokeroppi, Mr. Men Little Miss and many more. This collaboration introduces a collection of educational learning games designed for children and families. | Content Integration | Mobile | PC | ReadÂ more"
7,N/A,"Grand Summoners x That Time I Got Reincarnated as a Slime | February 12, 2025 | Anime & Comics | RPG | Release Date: | 14/2/2025 | 2/14/2025 | Summon Demon Lord Samurai Rimuru, Shuna, Veldora, & Shizu in Grand Summoners! And play their EPIC Event! | Content Integration | Mobile | ReadÂ more"
7,N/A,"PowerWash Simulator x Wallace & Gromit | February 12, 2025 | Film & Television | Simulation | Release Date: | 4/3/2025 | 3/4/2025 | Enter the wonderful world of Wallace & Gromit in PowerWash Simulatorâs next big adventure. Embark on a cracking cleaning adventure thatâll take you from charming British suburbs to cheesy celestial bodies. | Content Integration | PC | Console | ReadÂ more"
7,N/A,"Lords Mobile x Coca-Cola | February 11, 2025 | Consumer Brands | Strategy | Release Date: | 16/2/2025 | 2/16/2025 | Lords Mobile is teaming up with Cola-Cola to celebrate the ninth anniversary, so you can look forward to a variety of mini-games themed around the iconic beverage in the weeks to come. There will also be exclusive Castle Skins along with special avatars, and cosmetics galore in the form of crossover emotes. | Content Integration | Mobile | ReadÂ more"
7,N/A,"The Eminence in Shadow: Master of Garden x Re:Zero | February 11, 2025 | Anime & Comics | RPG | Release Date: | 20/2/2025 | 2/20/2025 | The collab will feature the additions of Emilia, Rem and Subaru, who will be facing the âInvisible Handâ (Petelgeuse). | Content Integration | Mobile | PC | ReadÂ more"
7,N/A,"Fortnite x Jujutsu Kaisen | February 11, 2025 | Anime & Comics | Battle Royale | Release Date: | 7/2/2025 | 2/7/2025 | Fortnite has introduced the second wave of its Jujutsu Kaisen crossover, adding new character skins and themed cosmetics. The latest crossover includes new character skins: Ryomen Sukuna â A powerful cursed spirit, Mahito â A dangerous curse with unique abilities and Toji Fushiguro â A skilled fighter with a complex background. Players can also obtain themed cosmetics, such as back blings and pickaxes. | Content Integration | Mobile | PC | Console | ReadÂ more"
7,N/A,"Street Fighter 6 x Rohto Z | February 10, 2025 | Consumer Brands | Fighting | Release Date: | 10/2/2025 | 2/10/2025 | The in-game collab brings a Rohto Z! Man suit for SF6 avatars to dress up as plus 6 stickers and 3 titles. | Content Integration | PC | Console | ReadÂ more"
7,N/A,"Valkyrie Connect x KonoSuba | February 10, 2025 | Anime & Comics | RPG | Release Date: | 10/2/2025 | 2/10/2025 | Aqua, Megumin, and Darkness make their debut in Valkyrie Connect as collab heroes. Up to 230 free collab summons during the availability of the collab! Collect coins and tickets from the collab events. Exchange coins at the Exchange for the collab hero Darkness and growth materials. Items can be used to unlock an additional voice line. Use tickets at Vanirâs Trader to get exclusive costume gear and other collab items. Additionally, you will be able to obtain a fully voiced Valentine exclusive scenario. | Content Integration | Mobile | ReadÂ more"
7,N/A,"Final Fantasy XIV x instaxâ¢ | February 10, 2025 | Consumer Brands | RPG | Release Date: | 25/2/2025 | 2/25/2025 | Final Fantasy XIV will be collaborating with instaxâ¢, the instant camera from FUJIFILM, to bring you an all-new emote. | Content Integration | PC | Console | ReadÂ more"
7,N/A,"Like a Dragon: Pirate Yakuza in Hawaii x Samoa Joe | February 8, 2025 | Sport & Athletes | RPG | Release Date: | 28/2/2025 | 2/28/2025 | The AEW wrestler joins the game as one of the main antagonists, as he takes on the role of Pirate King Raymond Law. | Content Integration | PC | Console | ReadÂ more"
7,N/A,January 2026
7,N/A,December 2025
7,N/A,Apr 2025
7,N/A,Mar 2025
7,N/A,April 2024
7,N/A,Mar 2024
7,N/A,Nov 2023
7,N/A,Oct 2023
8,N/A,"Stumble Guys x Care Bears | February 5, 2025 | Film & Television | Action | Release Date: | 14/2/2025 | 2/14/2025 | Players can unlock exclusive Care Bear cosmetics to brighten their gameplay experience. The event will introduce new in-game content, including five Care Bear skins, one victory animation and two emotes. There will be other Valentine's Day-themed items and exclusive in-game events. | Content Integration | Mobile | PC | Read more"
8,N/A,"Dead by Daylight x Resident Evil | February 5, 2025 | Video Games | Horror | Release Date: | 10/2/2025 | 2/10/2025 | Dead By Daylight's 2v8 mode returns with a Resident Evil crossover featuring Nemesis and The Mastermind. Enjoy the chaos on the Raccoon City Police Department map, with free Resident Evil characters for 2v8. New gameplay elements like Herbs and a unified antidote added to enhance the Resident Evil experience. Fresh outfits for classic Resident Evil characters, including Nemesis Origin and Wesker's New Dawn. | Content Integration | PC | Console | Read more"
8,N/A,"Really Easy Obby x Kidz Bop | February 4, 2025 | Bands & Musicians | Other | Release Date: | 18/1/2025 | 1/18/2025 | Kidz Bop is bringing some of its hit songs to a Roblox game called ""Really Easy Obby."" The game features kid-friendly versions of popular songs from KIDZ BOP 50. Within the game, players dance their way through an obstacle course where they collect musical notes for points while listening to songs from the album. | Content Integration | Mobile | PC | Console | Read more"
8,N/A,"UFL x Cristiano Ronaldo | January 31, 2025 | Sport & Athletes | Sports | Release Date: | 1/2/2025 | 2/1/2025 | UFL is set to launch the Cristiano Ronaldo Team Pass, celebrating the key milestones of Ronaldo's journey. It follows his career from a young boy in Madeira to football legend. With the CR Team Pass, participants will enjoy a unique gameplay experience and earn rewards that highlight their dedication and skill on the virtual pitch. Players will have the opportunity to unlock exclusive Cristiano Ronaldo-inspired in-game items, such as unique emblems, kits, boots, and balls | Content Integration | Mobile | Console | Read more"
8,N/A,"Fire Force: Enbu No Shou x Soul Eater | January 30, 2025 | Anime & Comics | RPG | Release Date: | 30/1/2025 | 1/30/2025 | There will be an in-game collaboration with Soul Eater to commemorate the second anniversary of the launch of Fire Force: Enbu no Shou. During the first collaboration period, there will be a collaboration summons where you can get popular Soul Eater characters and skill cards that are only available in the collaboration, a guild raid event where collaboration-exclusive characters will appear as bosses, and a free 10-consecutive summons once a day. | Content Integration | Mobile | Read more"
8,N/A,"Destiny 2 x Star Wars | January 29, 2025 | Film & Television | Shooting | Release Date: | 4/2/2025 | 2/4/2025 | The crossover will see three new armor ornaments, inspired by Star Wars' Stormtroopers, added to the game. Each guardian class will get one armor ornament. More items from Star Wars will be added to the game as well. The three armor ornaments are based on different Stormtrooper designs. These include the regular trooper, the dangerous death trooper, and the lavishly designed Sith trooper. | Content Integration | PC | Console | Read more"
8,N/A,"Phantasy Star Online 2: New Genesis x A Certain Magical Index III | January 28, 2025 | Anime & Comics | RPG | Release Date: | 5/2/2025 | 2/5/2025 | After the first February 2025 update has gone live, players will be able to access “A Certain Magical Index Style” scratch ticket with the premium-exclusive ARKS Cash currency to gather avatar parts, chat stamps, Line Strike mini-game cards, and other decorations featuring six characters from the A Certain franchise. All players can also get acrylic stands of the characters via daily login rewards during the crossover event’s duration. The characters in question will be Toma, Index, Mikoto, Kaori, and Accelerator, with Little Misaka appearing exclusively in the scratch ticket lineup. | Content Integration | PC | Console | Read more"
8,N/A,"Payday 3 x Hotline Miami | January 26, 2025 | Video Games | Shooting | Release Date: | 3/2/2025 | 2/3/2025 | Starbreeze Studios has announced a new collaboration for Payday 3, bringing the indie game Hotline Miami into the heist shooter. Set to release on February 3, the Jacket Character Pack lets players step into the shoes of the voiceless protagonist, Jacket and introduces several new weapons, including the ""Sociopath"" baseball bat, inspired by Hotline Miami. | Content Integration | PC | Console | Read more"
8,N/A,"Party Animals x Contra | January 26, 2025 | Video Games | Party | Release Date: | Party Animals is collaboration with contra. The collaboration has brought the Contra Bundle which features two costumes. | Content Integration | Mobile | PC | Read more"
8,N/A,"Fortnite x Kaiju No. 8 | January 26, 2025 | Anime & Comics | Battle Royale | Release Date: | 26/1/2025 | 1/26/2025 | Fortnite is collaborating with Kaiju No. 8, offering skins, pickaxes, back bling, emotes, and wraps based on the anime and manga. The trailer for the collab showcases skins of characters Kafka, Kikoru, and Reno equipped with battle gear. | Content Integration | Mobile | PC | Console | Read more"
8,N/A,"Call of Duty: Black Ops 6 x The Terminator | January 24, 2025 | Film & Television | Shooting | Release Date: | 6/2/2025 | 2/6/2025 | To unlock The Terminator Operator skins in Black Ops 6 and Warzone, players must purchase the Tracer Pack: The Terminator bundle from the in-game store. The bundle features two Ultra Skins inspired by the classic 1984 film. These include the humanlike appearance of the T-800 model and its recognizable cyborg counterpart, allowing players to channel the menacing essence of this legendary character during gameplay. | Content Integration | PC | Console | Read more"
8,N/A,"Three Kingdoms: Idle Chronicle x Gosu | January 23, 2025 | Anime & Comics | RPG | Release Date: | 23/1/2025 | 1/23/2025 | Three Kingdoms: Idle Chronicle is collaborating with Gosu. There will be a special pickup event which allows you to acquire collaboration officers with increased chances. During this event, you can also meet the new collaboration officers Yong Gang, Hong So, Gayoung Jin, and Gim Do. | Content Integration | Mobile | Read more"
8,N/A,"Last Cloudia x Tales Of Series | January 23, 2025 | Video Games | RPG | Release Date: | 23/1/2025 | 1/23/2025 | This jam-packed collab features a total of five units and five arks. This includes a pair of new units and a pair of new arks! | Content Integration | Mobile | PC | Read more"
8,N/A,"Minecraft x Sanrio Characters | January 22, 2025 | Anime & Comics | Simulation | Release Date: | 22/1/2025 | 1/22/2025 | Hello Kitty and her friends have arrived in Minecraft in a new DLC that brings the cute Sanrio characters into the blocky world of creepers and crafting. The content pack promises players tons of new themed content featuring iconic Sanrio designs like Cinnamoroll, Kuromi, and many other familiar faces. The DLC brings beloved Sanrio characters to the game with a fittingly blocky new design. Players can interact with the characters and complete quests for them, each of which brings a different personality to the world. The DLC also adds over 180 cute new furniture pieces inspired by the different Sanrio characters, including kitchen pieces, an entire café, and just plain cute decorations. For a limited time, players can get a free Hello Kitty outfit simply by visiting the Dressing Room. | Content Integration | Mobile | PC | Console | Read more"
8,N/A,"Talking Tom Gold Run x Snake Off | January 22, 2025 | Video Games | Action | Chinese New Year | Release Date: | 21/1/2025 | 1/21/2025 | Players worldwide can join the Snake Dash event in ""Talking Tom Gold Run"" celebrating the Year of the Snake. Players collect Snake Tokens by running, watching ads, or making in-game purchases to grow their festive in-game snake and unlock exciting rewards, including the exclusive Snake Off Tom character and a special Snake Dash skateboard. | Content Integration | Mobile | PC | Read more"
8,N/A,"Hell's Kitchen | January 20, 2025 | Film & Television | Simulation | Release Date: | 20/1/2025 | 1/20/2025 | The experience invites fans to immerse themselves in the intense, high-pressure world of “Gordon Ramsay’s Hell’s Kitchen” like never before. In this interactive experience, players are split into teams, competing to impress Chef Ramsay and vie for the title of Executive Chef. From Pre-Service preparations to the intensity of Dinner Service, players must master the recreation of signature dishes with precision and speed. The stakes are high – fail to deliver and players face the disappointment of Ramsay himself! | Content Integration | Mobile | PC | Console | Read more"
8,N/A,"Faaast Penguin x DOZLE Corp | January 19, 2025 | Celebrity/Influencer | Racing | Release Date: | 23/1/2025 | 1/23/2025 | In this collaboration, you'll be able to earn limited costumes featuring DOZLE Corp. members who have become penguins through special free-to-get challenges, along with new items available in the shop and a variety of exciting new in-game features to enjo | Content Integration | PC | Console | Read more"
8,N/A,"Battlegrounds Mobile India x Mahindra | January 18, 2025 | Cars & Automotive | Battle Royale | Release Date: | 16/1/2025 | 1/16/2025 | Dive into BGMI's latest collaboration with Mahindra BE 6 will allow players to unlock exclusive skins, tackle challenges, and compete to win a real BE 6 eSUV. | Content Integration | Mobile | Read more"
8,N/A,"Hay Day x Gordon Ramsay | January 17, 2025 | Celebrity/Influencer | Strategy | Release Date: | 15/1/2025 | 1/15/2025 | Gordon Ramsay is entering Hay Day for a limited time, replacing fan favorite 'Greg' who has ""gone on a fishing trip."" Ramsay will be an in-game character, where he will be taking over. | Content Integration | Mobile | Read more"
8,N/A,"KartRider Rush+ x Hyundai | January 16, 2025 | Cars & Automotive | Racing | Release Date: | 24/1/2025 | 1/24/2025 | KartRider Rush+ is teaming up with Hyundai Motor Company. Starting January 24th, you can visit the KartRider Rush+ Facebook page to receive the IONIQ 9 Kart (7d) and IONIQ 9 Smart Keys, which can be exchanged for special rewards during the collab. | Content Integration | Mobile | Read more"
8,N/A,"Asphalt Legends Unite x Avenged Sevenfold (A7X) | January 15, 2025 | Bands & Musicians | Racing | Release Date: | 15/1/2025 | 1/15/2025 | Asphalt Legends Unite is collaborating with Avenged Sevenfold (A7X). Rock out to music from across the band's discography, and snag time-limited collectibles. You can speed through intense arcade races, perform stunts, and unlock bespoke decals inspired by A7X. | Content Integration | Mobile | PC | Console | Read more"
8,N/A,"Lords Mobile x Terracotta Warriors of Qin Shihuang | January 13, 2025 | Heritage/Charity | Strategy | Release Date: | 1/1/2025 | 1/1/2025 | The legendary Terracotta Warriors of Emperor Qin Shihuang march into the world of Lords Mobile! This collaboration brings exclusive rewards and exciting new gameplay elements. Players can immerse themselves in the grandeur of the Qin Empire and claim treasures like the special Castle Skin, designed to enhance both the aesthetic and functional aspects of their kingdoms. This event also introduces a variety of limited-time quests and challenges inspired by the Terracotta Warriors. | Content Integration | Mobile | PC | Read more"
8,N/A,"Fortnite x Hatsune Miku | January 13, 2025 | Anime & Comics | Battle Royale | Release Date: | 14/1/2025 | 1/14/2025 | Hatsune Miku is joining Fortnite Festival with new skins, instruments, and more crossover items. The collaboration will add free and premium rewards for fans of the music-themed Fortnite spinoff. | Content Integration | Mobile | PC | Console | Read more"
8,N/A,"TSUKIMICHI -Moonlit Fantasy-: Peace Chronicles x I May Be a Guild Receptionist, But I'll Solo Any Boss to Clock Out on Time | January 10, 2025 | Anime & Comics | RPG | Release Date: | 24/1/2025 | 1/24/2025 | In this exciting collab event, three characters from the new anime “I May Be a Guild Receptionist, But I’ll Solo Any Boss to Clock Out on Time”, abbreviated as “GuildRecept” – Alina, Lululee, and Laila – will join the game as playable characters! Additionally, Alina (the Executioner) will make an appearance as a summon beast (in-game support character). Get ready for a luxurious event with a variety of newly drawn illustrations. | Content Integration | PC | Read more"
8,N/A,"Peter Grill and the Philosopher's Time - Defender of Virtue 2 x Plus-Sized Elf | January 10, 2025 | Anime & Comics | RPG | Release Date: | 10/1/2025 | 1/10/2025 | During the Collab period, two Characters from TV anime 'Plus-Sized Elf.' - ""Elfuda"" and ""Kusahanada"" - will be implemented in the game. Each Character comes with a newly drawn service shot illustration (Skin). | Content Integration | PC | Read more"
8,N/A,January 2026
8,N/A,December 2025
8,N/A,Apr 2025
8,N/A,Mar 2025
8,N/A,April 2024
8,N/A,Mar 2024
8,N/A,Nov 2023
8,N/A,Oct 2023
9,N/A,"HungryAliens x QWER | January 9, 2025 | Bands & Musicians | RPG | Release Date: | 9/1/2025 | 1/9/2025 | A hungry alien from space has discovered QWER and Egg Kim on Earth. Join forces with QWER and EggKim to help the alien conquer Earth deliciously. Don’t miss out on special rewards and events. | Content Integration | Mobile | Read more"
9,N/A,"World of Tanks x Rambo | January 9, 2025 | Film & Television | Shooting | Release Date: | 16/1/2025 | 1/16/2025 | World of Tanks introduces Rambo crossover event with new tanks and characters. Players can unlock John Rambo and others through the Base and Improved Rewards Tracks. The ultimate prize is the Rambo heavy tank, featuring movie-inspired designs. Customize your tanks with themes from Rambo's iconic film settings and journey. | Content Integration | PC | Console | Read more"
9,N/A,"Free Fire x Naruto Shippuden | January 9, 2025 | Anime & Comics | Battle Royale | Release Date: | 10/1/2025 | 1/10/2025 | Free Fire and Naruto Shippuden are joining forces to deliver a brand-new adventure, offering fans a chance to explore a fresh range of features inspired by the anime series. Players will experience exclusive Naruto-themed locations, unlock special items, and engage in exciting in-game events that will bring them closer to the world of shinobi. As part of the collaboration, the Hidden Leaf Village from Naruto is being reimagined in the Bermuda map of Free Fire. This revamped area replaces the Rim Nam Village, offering a new battleground complete with iconic landmarks. A unique feature of the collaboration is the Nine Tails Strikes Bermuda event, where the fearsome Nine-Tails will appear randomly during matches. Depending on which part of the battlefield the Nine Tails interacts with, players can expect special events such as destruction, damage, or unique power-ups. Free Fire will also introduce new gameplay mechanics inspired by Naruto’s world, significantly enhancing both the Battle Royale and Clash Squad modes. Free Fire will also introduce a series of exclusive collectible items as part of the collaboration, and iconic Naruto songs, including the anime’s main theme, will play during Free Fire matches. | Content Integration | Mobile | Read more"
9,N/A,"Phantasy Star Online 2: New Genesis x Frieren: Beyond Journey’s End | January 8, 2025 | Anime & Comics | RPG | Release Date: | 8/1/2025 | 1/8/2025 | Phantasy Star Online 2: New Genesis (PSO2: NGS), has unveiled an collaboration with anime Frieren: Beyond Journey’s End. Players can dive into this crossover, which features themed avatar items, weapon camos, chat stamps, and other exclusive content inspired by the series. During the event, logging into PSO2: NGS rewards players with a variety of Frieren-themed bonuses. These include acrylic stand-style Build Parts depicting characters like Frieren, Fern, Stark, Himmel, Heiter, and Eisen. Players can also earn Special Scratch Tickets, SG, and GP, adding even more ways to enhance their experience. For those eager to embody the anime’s heroes, AC Scratch Tickets titled Frieren The Slayer Style offer the chance to cosplay as Frieren, Fern, and Stark. This collection includes intricately designed weapon camos replicating their signature gear, accessories like the Mirrored Lotus Bracelet and Frieren’s Briefcase, and voice-enabled chat stamps with memorable quotes from the anime. | Content Integration | PC | Console | Read more"
9,N/A,"DEEEER Simulator x My Deer Friend Nokotan | January 8, 2025 | Anime & Comics | Simulation | Release Date: | 7/1/2025 | 1/7/2025 | DEEEER Simulator: Your Average Everyday Deer Game, will be collaborating with the anime My Deer Friend Nokotan with a new limited-time action, where selecting the “Dance” command in-game will let you do the Shikanoko Dance accompanied by the My Deer Friend Nokotan opening theme “Shikairo Days”. | Content Integration | PC | Console | Read more"
9,N/A,"Minecraft x Sonic the Hedgehog | January 8, 2025 | Video Games | Simulation | Release Date: | 8/1/2025 | 1/8/2025 | Sonic-boom into ANY world with this thrilling Add-On! Transform into Sonic, Knuckles, Tails, Amy and Shadow! Run at the speed of sound, smash blocks, collect Rings, and bop mobs like they're Badniks. Build your own levels with springs, spikes and dash panels! Enjoy Version 1.0, featuring the incredible powers of Team Sonic! | Content Integration | Mobile | PC | Console | Read more"
9,N/A,"Guardian Tales x Frieren: Beyond Journey's End | January 7, 2025 | Anime & Comics | RPG | Release Date: | 7/1/2025 | 1/7/2025 | Frieren: Beyond Journey’s End is preparing for a whole new journey as Frieren and her companions fall through a rift in space and time and become trapped in a world unlike their own, only with the help of fierce guardians do they have any hope of getting home! Now-playable heroes Frieren, Fern, and Stark will face fierce enemies as they fight for survival in the pixelated world of Guardian Tales. Each of these heroes will come with their own unique weapons, and Stark will be available as part of this event’s rewards. | Content Integration | Mobile | Console | Read more"
9,N/A,"Summoners War x Demon Slayer: Kimetsu no Yaiba | January 7, 2025 | Anime & Comics | RPG | Release Date: | 9/1/2025 | 1/9/2025 | The Summoners War: Sky Arena and Demon Slayer: Kimetsu no Yaiba collaboration will feature Tanjiro Kamado, Nezuko Kamado, Zenitsu Agatsuma, Inosuke Hashibira, and the Stone Hashira Gyomei Himejima. Before the collab begins, players can earn collab event coins from the Collab Special Countdown Event. Coins may be used to claim a Demon Slayer Scroll and other rewards. | Content Integration | Mobile | PC | Read more"
9,N/A,"Genshin Impact x Chrissy Costanza | January 6, 2025 | Bands & Musicians | RPG | Release Date: | 6/1/2025 | 1/6/2025 | Chrissy Costanza has shared her latest video game collab with ‘Blazing Heart’, a fiery rock anthem recorded for the Genshin Impact soundtrack. | Content Integration | Mobile | PC | Console | Read more"
9,N/A,"Ensemble Stars!! Music x WildAid | January 6, 2025 | Heritage/Charity | Other | Release Date: | 6/1/2025 | 1/6/2025 | Ensemble Stars!! Music is partnering with WildAid. In this collaboration, players can explore the wonders of African biodiversity in-game while raising awareness about threats to the ecosystem. Numerous engaging activities have been designed to keep you captivated as you learn. Complete 4-piece puzzles in order to collect Puzzle Fragments to earn rewards like Diamonds and Gems. By contributing to the server-wide goal of two million fragments, you can also unlock the exclusive Guardian of the Wild title. Progressing through this collaboration will also unlock Knowledge cards featuring wildlife facts, which have been scientifically reviewed by WildAid. If you're looking to stock up on some more diamonds, share these facts with the hashtag #CalloftheWild for a chance to win additional Diamonds. | Content Integration | Mobile | PC | Read more"
9,N/A,"Tales of the Shire: A The Lord of The Rings™ Game | January 2, 2025 | Books & Literature | Simulation | Release Date: | 25/3/2025 | 3/25/2025 | Hobbit! Live the cosy life of a Hobbit in the wonderfully serene landscape of the Shire. Discover, decorate, & share in this idyllic corner of Middle-earth. Join friendly Hobbits & familiar faces awaiting your arrival in Tales of the Shire: A The Lord of the Rings™ Game. | Licensed Game | PC | Console | Read more"
9,N/A,"AFK Arena x Overlord | January 1, 2025 | Anime & Comics | RPG | Release Date: | 1/1/2025 | 1/1/2025 | This collaboration with Overlord is a refreshed version of their previous collab. The are including Ainz and Albedo, who will have their skills adjusted. Shalltear Bloodfallen will also be arriving as a new hero. | Content Integration | Mobile | Read more"
9,N/A,"Honkai: Star Rail x Yoasobi | December 31, 2024 | Bands & Musicians | RPG | Release Date: | 1/1/2025 | 1/1/2025 | Honkai: Star Rail announced that YOASOBI singer Ikura will be providing the vocals for the main theme of the next playable world of Amphoreus, titled ""Nameless Faces."" | Content Integration | Mobile | PC | Console | Read more"
9,N/A,"Naraka: Bladepoint x The King of Fighters | December 31, 2024 | Video Games | Battle Royale | Release Date: | 8/1/2025 | 1/8/2025 | Naraka: Bladepoint's collaboration with The King of Fighters will bring new costumes and cosmetics for Kurumi and Matari, turning theme into Athena and Mai Shiranui from The King of Fighters. | Content Integration | PC | Console | Read more"
9,N/A,"Wing Fighter x Transformers | December 29, 2024 | Toys & Board Games | Fighting | Release Date: | 27/12/2024 | 12/27/2024 | In this collab, the exclusive Optimus Prime Armor Set will be available to players. A combination of Optimus Prime and the flying backpack. Megatron is also being added and can scan and learn from Earth's fighter to transform magnificently into Megatron Fighter! | Content Integration | Mobile | Read more"
9,N/A,"Fortnite x DC | December 29, 2024 | Anime & Comics | Battle Royale | Release Date: | 21/12/2024 | 12/21/2024 | Fortnite has dropped the new Ninja Knight Batman and Karuta Harley Quinn in the item shop. The new skins are based on the character’s appearance in Batman Ninja DC Comics and come with ninja-themed bat accessories. In addition to the skins, the set boasts a series of back bling, a couple of pickaxes, and an emote. | Content Integration | Mobile | PC | Console | Read more"
9,N/A,"Mobile Legends: Bang Bang x Hunter × Hunter | December 29, 2024 | Anime & Comics | Action | Release Date: | 4/1/2025 | 1/4/2025 | Mobile Legends: Bang Bang is collaboration with HUNTER×HUNTER. This collab is set to bring 4 new exclusive skins to the game. These characters include: Gon, Killua, Kurapika and Hisoka. Each of these skins will be used by a representative character from MLBB; in this case, those characters are: Dyrroth (Gon), Harith (Killua), Julian (Kurapika), and Cecilion (Hisoka). | Content Integration | Mobile | Read more"
9,N/A,"Puzzle & Dragons x Digimon Adventure | December 27, 2024 | Anime & Comics | Puzzle | Release Date: | 27/12/2024 | 12/27/2024 | In this collab, you can leap into seven new Digimon-themed dungeons, earning rewards as you go. That's on top of easily nabbed login rewards such as the Digimon Adventure Egg Machine, TAMADRA, King Diamond Dragon and more. There are also some bundles to nab in the store for extra Magic Stones, egg machines for collab characters and more. | Content Integration | Mobile | Read more"
9,N/A,"PUBG Mobile x Dodge | December 27, 2024 | Cars & Automotive | Battle Royale | Release Date: | 30/12/2024 | 12/30/2024 | The PUBG Mobile x Dodge Collaboration will bring powerful vehicles to the game. According to the latest available information, the collab will bring exclusive vehicle skins where the players will get to see the Dodge machines taking over the whole game. The two prominent vehicles will be the Charger and Challenger. The players who get the mentioned vehicle skin will have leverage over other players as well. In addition, the game will also bring multiple in-game events and challenges based on the Dodge alliance and the players will have exciting rewards apart from the skins, items, and a lot more. | Content Integration | Mobile | Read more"
9,N/A,"Call of Duty: Black Ops 6 x Squid Game | December 26, 2024 | Film & Television | Shooting | Release Date: | 3/1/2026 | 1/3/2026 | Call of Duty: Warzone and Black Ops 6 preview some exciting content coming to the games in a crossover with Netflix's hit series Squid Game. Featuring iconic green jumpsuits, pink parkas, and the Red Light Green Light doll, this content hits Call of Duty on January 3, 2025. | Content Integration | PC | Console | Read more"
9,N/A,"Fortnite x Halo | December 23, 2024 | Video Games | Battle Royale | Release Date: | 23/12/2024 | 12/23/2024 | Master Chief of the beloved Halo franchise returned to the Fortnite Item Shop on Dec. 23 for the first time in over 900 days. Following the skin's launch, Master Chief cycled through the Item Shop a handful of times before disappearing after its most recent rotation. | Content Integration | Mobile | PC | Console | Read more"
9,N/A,"Fortnite x Lamborghini | December 23, 2024 | Cars & Automotive | Battle Royale | Release Date: | 23/12/2024 | 12/23/2024 | Fornite is crossing over with Lamborghini. To get the Lamborghini Urus SE in Fortnite, players must purchase the Lamborghini Urus SE Bundle from the Item Shop. The Lamborghini Urus SE can be equipped as an SUV skin within the player’s locker. | Content Integration | Mobile | PC | Console | Read more"
9,N/A,"Compass x Hunter × Hunter | December 23, 2024 | Anime & Comics | Action | Release Date: | 23/12/2024 | 12/23/2024 | Compass has started a collaboration with the TV anime “HUNTER x HUNTER”. New collaboration heroes, “Gon” and “Killua” will join the battle, and collaboration costumes based on HUNTER x HUNTER characters will appear. | Content Integration | Mobile | Read more"
9,N/A,"Palworld x Terraria | December 23, 2024 | Video Games | Action | Release Date: | 23/12/2024 | 12/23/2024 | In this collab, Palworld players will get a chance to wield the Meowmere, a special sword from Terraria that fires projectiles and meows with every swing. Pocketpair describes the weapon as “only a small taste” of the collaboration between Palworld and Terraria, so fans of both games should look forward to further content throughout 2025. | Content Integration | PC | Console | Read more"
9,N/A,"Fortnite x Cyberpunk 2077 | December 22, 2024 | Video Games | Battle Royale | Release Date: | 23/12/2024 | 12/23/2024 | Fortnite has brought forth yet another huge crossover in the form of Cyberpunk 2077, bringing V and Johnny Silverhand to the battle royale. Fortnite's Cyberpunk 2077 offerings bring a variety of exciting items to the popular game, including: Outfit - V, Outfit - Johnny Silverhand, Backbling - Flathead, Backbling - Johnny's Duffel Bag, Harvester - Mantis Blades, Harvester - Silverhand's Katana, Wrap - Night City Lights, and Vehicle - Quadra Turbo-R | Content Integration | Mobile | PC | Console | Read more"
9,N/A,January 2026
9,N/A,December 2025
9,N/A,Apr 2025
9,N/A,Mar 2025
9,N/A,April 2024
9,N/A,Mar 2024
9,N/A,Nov 2023
9,N/A,Oct 2023
10,N/A,"Fortnite x Mariah Carey | December 21, 2024 | Bands & Musicians | Battle Royale | Christmas | Release Date: | 20/12/2024 | 12/20/2024 | Mariah Carey is the latest addition to Fortnite's expansive Icon Series collection. The ""All I Want for Christmas Is You"" singer is the star of the game's annual holiday-themed event. In addition to having two different skins available in the Item Shop, players can also find her as an in-game non-player character (NPC). | Content Integration | Mobile | PC | Console | Read more"
10,N/A,"Fortnite x SpongeBob SquarePants | December 20, 2024 | Film & Television | Battle Royale | Release Date: | 16/12/2024 | 12/16/2024 | Fortnite is teaming up with the iconic American animated series, SpongeBob SquarePants. What sets this crossover apart from the rest is that rather than bringing SpongeBob as cosmetics, players will experience him through a series of creative Fortnite UEFN maps. The Fortnite Spongebob maps are: Slap Fight Spongebob, Red vs Blue, Bikini Bottom Only Up, and Prop Hunt | Content Integration | Mobile | PC | Console | Read more"
10,N/A,"That Time I Got Reincarnated as a Slime ISEKAI Chronicles x Frieren: Beyond Journey's End | December 20, 2024 | Anime & Comics | RPG | Release Date: | 20/12/2024 | 12/20/2024 | Bandai Namco Entertainment has announced a collaboration between the That Time I Got Reincarnated as a Slime: ISEKAI MEMORIES game and Frieren: Beyond Journey’s End. The event is titled “Octagram and the Millennium Mage Part 1” and includes the characters and voice actors from the Frieren: Beyond Journey’s End franchise. A new story supervised by Fuse, author of the original light novels! A mysterious girl named Shinsha appears, claiming to be Rimuru’s daughter. Relive famous moments from Season 1 of the anime in fully voiced cut scenes! The star-studded vocal cast lend their talents to battle voices and interactions in town as well! Use the nation-building system to create your ideal version of Tempest! Build and position all sorts of buildings and facilities: your citizens’ homes, restaurants, the blacksmith shop, the laboratory, magic-enhancing facilities, and more. | Content Integration | Mobile | PC | Console | Read more"
10,N/A,"Dolphin Wave x Shin Ikkitousen | December 20, 2024 | Anime & Comics | RPG | Release Date: | 19/12/2024 | 12/19/2024 | During the event, the “Dolphin Wave x Shin Ikkitousen Collaboration Dolphin Fest Gacha” will be available, featuring the following units: UR Kan’u (Wadatsumi Style), UR Chō’un (Wadatsumi Style), and SSR Mashio Murahaya, who will receive a costume inspired by Shin Ikkitousen and can be obtained by playing the event. Exclusive memories have also been added, such as UR Fighter and Dolphin’s Cooperative Battles, SSR Fighters’ First Battle, and SR Mind’s Eye Knowledge. | Content Integration | Mobile | PC | Read more"
10,N/A,"Captain Laserhawk: The G.A.M.E. x Rayman | December 20, 2024 | Video Games | Shooting | Release Date: | 18/12/2024 | 12/18/2024 | Captain Laserhawk: The G.A.M.E. is a new NFT arena shooter by Ubisoft. Rayman plays a prominent role in the game. | Content Integration | PC | Read more"
10,N/A,"dotAGE x Against the Storm | December 20, 2024 | Video Games | Simulation | Release Date: | 20/12/2024 | 12/20/2024 | The dotAGE x Against the Storm collaboration brings a new VIP to the game: welcome the Beaver from Against the Storm! | Content Integration | PC | Console | Read more"
10,N/A,"Muse Dash x Blue Archive | December 20, 2024 | Video Games | Other | Release Date: | 27/12/2024 | 12/27/2024 | The ""MD-level Tactical Training Blu-ray"" is a special Muse Dash × Blue Archive Collab Music Pack! Dive into 4 incredible stages that blend themes of youth, friendship, adventure, legend, luck, imagination, and a touching finale. | Content Integration | Mobile | PC | Console | Read more"
10,N/A,"Care Bears Hidden Objects | December 19, 2024 | Film & Television | Puzzle | Release Date: | 19/12/2024 | 12/19/2024 | Welcome to Scavenger Hunt Game: A gem from a find it new hidden objects games genre with relaxing but challenging find it games puzzle hunt theme! Your quest is to find items hidden through time and unlock new challenging areas in this fun puzzle game. Get ready to challenge your brain to find hidden items and your eyesight to spy on hidden things in one of the most enjoyable scavenger games ever! Become a true detective to seek and find games of hidden objects, play now and see what your eyes can spy on. | Licensed Game | Mobile | Read more"
10,N/A,"Mullet MadJack x Ultrakill | December 19, 2024 | Video Games | Shooting | Release Date: | 19/12/2024 | 12/19/2024 | Mullet Mad Jack has a new update and game mode. In the new Boss Rush mode, you have to beat Mullet Mad Jack’s toughest enemies in record time. Make it to the end, and you’ll encounter the shooter’s hardest opponent yet: one of the iconic villains from Ultrakill itself. A loving homage to the classic era of Quake and Unreal Tournament, complete with blocky, polygonal visuals and gallons of gore, if you’ve beaten Ultrakill in the past and you’re ready for a fresh fight, this is the ideal crossover. | Content Integration | PC | Console | Read more"
10,N/A,"Fortnite x Skibidi Toilet | December 19, 2024 | Film & Television | Battle Royale | Release Date: | 28/12/2024 | 12/28/2024 | Fortnite has added Skibidi Toilet skins to the game. Players can now run across the Battle Royale island with a Skibidi Toilet of their very own thanks to the strange set of cosmetics released to the Item Shop. Players can get an assortment of Skibidi Toilet cosmetics, like an accompanying Plunger Cameraman skin or a Bundle which comes with a total of 5 items.. | Content Integration | Mobile | PC | Console | Read more"
10,N/A,"Helldivers 2 x Killzone | December 19, 2024 | Video Games | Shooting | Release Date: | 19/12/2024 | 12/19/2024 | The Helldivers 2 Killzone crossover includes two free guns, a free armor set, and several premium cosmetics and other items. All this gear is taken straight from the villainous Helghast faction seen in the Killzone game series, including their weaponry and highly recognizable assault infantry gear. | Content Integration | PC | Console | Read more"
10,N/A,"Puzzles & Survival x Transformers | December 13, 2024 | Toys & Board Games | Strategy | Release Date: | 15/12/2024 | 12/15/2024 | In this crossover, Optimus Prime and Megatron will join the game as a heroes, and assist players in defeating a dangerous new threat. Experience a series of exciting crossover events such as the Quintesson's Ploy, Cybertron Party, and Broken Bonds. What challenges will the TRANSFORMERS bots face, and how will they overcome them? Find out in Puzzles & Survival! | Content Integration | Mobile | Read more"
10,N/A,"Tom Clancy's Rainbow Six® Siege x Ghost in the Shell | December 13, 2024 | Anime & Comics | Shooting | Release Date: | 12/12/2024 | 12/12/2024 | Rainbow Six Siege's collaboration with Ghost in the Shell includes bundles for Azami and Lion, who represent Motoko Kusanagi and Batou. | Content Integration | PC | Console | Read more"
10,N/A,"Funko Fusion x The Office | December 13, 2024 | Film & Television | Action | Release Date: | 13/12/2024 | 12/13/2024 | In this collab, The Office Cameo Pack DLC adds four new playable characters—Michael, Dwight, Jim and Pam, each complete with their own unique weapons and skills—to the multiplatform franchise crossover game. In addition, this DLC features a unique mini bonus Cameo level that lets fans explore a recreation of Dunder Mifflin’s Scranton Branch in-game, featuring beloved elements of the celebrated TV series and with plenty of easter eggs to discover for longtime fans. | Content Integration | PC | Console | Read more"
10,N/A,"Walkabout Mini Golf x Elvis Presley | December 13, 2024 | Bands & Musicians | Sports | Release Date: | 16/1/2025 | 1/16/2025 | Walkabout Mini Golf players will be able to join the entourage of the King of Rock' n' Roll as a world of neon, sequins, and iconic scenes from Elvis Presley's lyrics come to life in an immersive, miniature golf adventure called ""Viva Las Elvis"". The downloadable content (DLC) ""Viva Las Elvis"" course has 18 easy mode and 18 hard mode holes, specially designed lost balls to collect, a commemorative in-game Elvis putter, and themed costume elements all set in the fabulous world of Elvis' Las Vegas era. For the first time, this course has a score that features a band of live musicians performing a rousing tribute composition by Chris Reyman, highlighting the spirit of rock 'n' roll from the 1960s and 1970s. | Content Integration | VR | Read more"
10,N/A,"Synth Riders x Barbie | December 13, 2024 | Film & Television | Other | Release Date: | 5/12/2024 | 12/5/2024 | Mattel in collaboration with Kluge Interactive, released Synth Riders Experience - Barbie Dance 'n Dream, a Barbie-themed dance experience for the virtual reality rhythm game Synth Riders. The game immerses players in the world of Barbie. Fans of all ages will have the opportunity to dance to the K-pop hit “Barbie Dreams (ft. Kaliii)” by FIFTY FIFTY from the film of 2023, “Barbie.” Entering a new reality in the dreamscape of Barbie, players can groove at the roller disco, soak up rays at the beach and dance in this immersive VR and Mixed Reality experience. | Content Integration | VR | Read more"
10,N/A,"Fortnite x Lionel Messi | December 13, 2024 | Sport & Athletes | Battle Royale | Release Date: | 13/12/2024 | 12/13/2024 | Fortnite is crossing over with Lionel Messi. Fans can obtain the Messi skin by purchasing the Fortnite x Messi bundle. The collection contains 10 items, including player skins, back blings, pickaxes and more. | Content Integration | Mobile | PC | Console | Read more"
10,N/A,"X8 x Contra | December 12, 2024 | Video Games | Shooting | Release Date: | 12/12/2024 | 12/12/2024 | In the X8 x Contra collab, players are able to play as Contra’s legendary heroes, Bill and Lance, with exclusive Supreme skins. These iconic side-scrolling heroes are now fully playable in VR, bringing the adrenaline-pumping action into a whole new dimension. Equipped with their classic arsenals, these skins deliver the true Contra experience, complete with original voice lines. But that's not all—each skin comes with unique Contra Splats (their take on sprays), exclusive to this collaboration, along with other limited-edition items that will make player's time in the game feel like a true tribute to the Contra franchise! | Content Integration | PC | Console | VR | Read more"
10,N/A,"Rocket League x The Incredibles | December 12, 2024 | Film & Television | Sports | Release Date: | 12/12/2024 | 12/12/2024 | Rocket League has just added content inspired by Disney and Pixar’s The Incredibles to its shop. That includes The Incredibile and other vehicles. | Content Integration | PC | Console | Read more"
10,N/A,"Balatro x Warframe | December 12, 2024 | Video Games | Strategy | Release Date: | 12/12/2024 | 12/12/2024 | This collab features Excalibur (King), Mag (Queen) and Volt (Jack) as part of a new cosmetic set alongside some of gaming's most famous figures. | Content Integration | Mobile | PC | Console | Read more"
10,N/A,"Overwatch 2 x Avatar: The Last Airbender | December 12, 2024 | Film & Television | Shooting | Release Date: | 17/12/2024 | 12/17/2024 | In this latest collab, Overwatch 2 brings 6 new Avatar: The Last Airbender skins to the game. The new skins include Mei, Zenyatta, Orisa, Venture, Genji, and Kiriko. Not only are there new skins, but you can complete challenges to earn themed sprays, voice lines, and player icons. | Content Integration | PC | Console | Read more"
10,N/A,"PUBG Mobile x The Lord of the Rings: The War of the Rohirrim | December 12, 2024 | Film & Television | Battle Royale | Release Date: | 9/12/2024 | 12/9/2024 | PUBG MOBILE has announced a collaboration with The Lord of the Rings: The War of the Rohirrim. Players can collect items inspired by legendary myths, including the formidable Skadiwynn Sentinel character set, the powerful Gungnir M24 sniper rifle skin, and the iconic Gjallarhorn Double-Barreled Shotgun (DBS) skin. | Content Integration | Mobile | Read more"
10,N/A,"Brawl Stars x Toy Story | December 12, 2024 | Film & Television | Shooting | Release Date: | 12/12/2024 | 12/12/2024 | Toy Story crossover brings Buzz Lightyear to Brawl Stars for a limited time. Play as Buzz with laser, wing, and saber modes, honor movie moments. Exclusive skins: Woody Colt, Bibi Bo Peep, and Jessie Jessie. Collect Pizza Slices at Pizza Planet Arcade for Toy Story cosmetics. | Content Integration | Mobile | Read more"
10,N/A,"Tekken 8 x Final Fantasy XVI | December 12, 2024 | Video Games | Fighting | Release Date: | 16/12/2024 | 12/16/2024 | Final Fantasy 16's Clive Rosfield joins Tekken 8 as a DLC fighter for Year 1 Character Pass. Clive showcases powerful abilities in a trailer, dominating fights with sword, fist, wings, and summons. | Content Integration | PC | Console | Read more"
10,N/A,"Seven Knights Idle Adventure x Overlord | December 11, 2024 | Anime & Comics | RPG | Release Date: | 12/12/2024 | 12/12/2024 | The Seven Knights Idle Adventure x Overlord crossover event is now live Three new collaboration characters added Several events, a Challenger Pass, and a Special check-in are all available | Content Integration | Mobile | Read more"
10,N/A,January 2026
10,N/A,December 2025
10,N/A,Apr 2025
10,N/A,Mar 2025
10,N/A,April 2024
10,N/A,Mar 2024
10,N/A,Nov 2023
10,N/A,Oct 2023
11,N/A,"Hunt: Showdown 1896 x Post Malone | December 11, 2024 | Bands & Musicians | Shooting | Release Date: | 12/12/2024 | 12/12/2024 | Hunt: Showdown 1896 has announced that their in-game Event, Post Maloneâs Murder Circus, is now live in Hunt: Showdown 1896! The newest Event brings a twisted travelling circus to the world of Hunt in a dark and deadly show. Fans of 9x Diamond Certified artist Post Malone and Hunt: Showdown 1896 will be able to enjoy our biggest Event yet with a new thematic circus compound, new equipment, new enemies, and much more! | Content Integration | PC | Console | ReadÂ more"
11,N/A,"Duolingo x Squid Game | December 10, 2024 | Film & Television | Educational | Release Date: | 10/12/2024 | 12/10/2024 | Duolingo's newly titled âLearn Korean or Elseâ language learning course plays on the high-stakes energy of Netflixâs Squid Game to motivate fans to do their Korean lessons, just in time for the premiere of Season 2 on December 26, 2024. The partnership leverages Duolingoâs mascot, Duo the Owl, who has taken on the role of a Squid Game Pink Guard. Much like the series' challenging environment, Duo isnât afraid to raise the stakes. Whether chasing down users in videos or appearing at fan events and on billboards, Duo reminds fans to learn Korean or âface the consequencesâ. Duolingo is adding over 40 keywords and phrases from Squid Game to its Korean course, enabling learners to connect even more closely with the series. By learning Korean, Squid Game fans can appreciate the renowned series on an entirely new level, experiencing dialogue, expressions, and cultural context in ways only possible through understanding the language. | Content Integration | Mobile | PC | ReadÂ more"
11,N/A,"Funko Fusion x The Umbrella Academy | December 10, 2024 | Film & Television | Action | Release Date: | 10/12/2024 | 12/10/2024 | Players can download and play as Umbrella Academy's time traveling assassins - Hazel and Cha Cha! | Content Integration | PC | Console | ReadÂ more"
11,N/A,"tagSpace x Care Bears | December 10, 2024 | Film & Television | Other | Release Date: | 10/12/2024 | 12/10/2024 | Care Bears Mixed Reality is an immersive 3D digital entertainment experience that brings Care Bears-themed content to real-world environments. Using the tagSpace mixed reality camera view on their smartphones, consumers can view life-sized animations of Grumpy Bear, Funshine Bear, and more. Each character appears naturally integrated with the softwareâs realistic lighting and shadow features. Users can create custom scenes, pose with the Care Bears, and capture videos or images. With tagSpace, users can experience free and paid Care Bear experiences via the tagSpace spatial web mobile app. New and additional content will launch each month, with each drop scheduled for regular release. | Content Integration | Mobile | ReadÂ more"
11,N/A,"EA Sports FC 25 x Endrick Irmao x New Balance | December 9, 2024 | Luxury & fashion | Sports | Release Date: | 5/12/2024 | 12/5/2024 | The New Balance x Endrick IrmÃ£o Objectives are available in EA FC 25. The special New Balance x Endrick IrmÃ£o kit for Ultimate Team can be purchased in the dedicated area of the store. | Content Integration | PC | Console | ReadÂ more"
11,N/A,"The Sandbox x Chupa Chups City | December 9, 2024 | Consumer Brands | Adventure | Release Date: | 20/11/2024 | 11/20/2024 | Step into the delicious world of Chupa Chups to discover how sweet life can be! Collect every flavor to experience true joy! Chupa Chups City is filled with bright colors, strong traditions, and wonderful flavors. You'll experience light-hearted adventure as you help citizens, make music on Melody Pops, explore, and even break open a piÃ±ata to collect candy! It's also a city of fun and festivals, and you'll help celebrate traditions when you're not gathering flavors and ingredients. Everyone's preparing for a big party, and you'll pitch in to see that everyone has a good time. Of course, there are also some lovely Chupa Chups outfits and equipment to try on during the experience - what better way to show your support for Chupa Chups throughout the metaverse than owning one or two! Most importantly, this Chupa Chups adventure is a warm, friendly space where you can forget your cares and just relax and have a fun time. Every day is sunny, every lollipop is delicious, and every person is kind and generous. Adding to the excitement, The Sandbox has introduced exclusive Chupa Chups NFTs, including the Flavor Shades, Cherry Cap and Lollipop Mask. These customizable assets allow players to personalize their avatars, enhancing the immersive experience. | Licensed Game | Mobile | PC | ReadÂ more"
11,N/A,"BanG Dream! Girls Band Party! x Chainsaw Man | December 8, 2024 | Anime & Comics | Adventure | Release Date: | 15/12/2024 | 12/15/2024 | BanG Dream! Girls Band Party! has announced a crossover with the anime series Chainsaw Man. Fans of both franchises can look forward to exclusive in-game events, characters, and rewards. This highly anticipated collaboration introduces limited members, Chainsaw Man-themed cover songs, and special missions. | Content Integration | Mobile | Console | ReadÂ more"
11,N/A,"Subway Surfers x Demi Lovato | December 8, 2024 | Bands & Musicians | Action | Release Date: | 3/12/2024 | 12/3/2024 | Demi Lovato debuts in Subway Surfers with exclusive in-game avatars | Content Integration | Mobile | ReadÂ more"
11,N/A,"Marvel Rivals x Chrissy Costanza | December 7, 2024 | Bands & Musicians | Shooting | Release Date: | 7/12/2024 | 12/7/2024 | Rivals 'Til the End (Chrissy Costanza Version) is the official anthem and music video for Marvel Rivals. | Content Integration | PC | Console | ReadÂ more"
11,N/A,"Fortnite x Godzilla | December 7, 2024 | Film & Television | Battle Royale | Release Date: | 17/1/2024 | 1/17/2024 | Godzilla has been confirmed as the midseason battle pass reward, and players will need to jump through a few hoops to unlock it. Godzilla is the newest NPC boss coming to Fortnite. The mini-event will come with two new pages of battle pass, throwing Godzilla into the Fortnite arena as an NPC boss. Since Godzilla is locked behind the battle pass, players may have to complete numerous quests to win Godzilla-themed items, and then finally, the Godzilla Evolved skin itself. It wonât be easy, but players will have more than a month to unlock the Godzilla skin in Fortnite. | Content Integration | Mobile | PC | Console | ReadÂ more"
11,N/A,"eFootball x Captain Tsubasa | December 5, 2024 | Anime & Comics | Sports | Release Date: | 5/12/2024 | 12/5/2024 | Experience the excitement of Captain Tsubasa in eFootball's limited-time collaboration event with Konami. Unlock unique avatars by completing challenges in eFootball featuring Captain Tsubasa characters. Compete in Time Attack and Daily Bonus events to earn exclusive in-game rewards and collectibles. Explore new illustrations by Yoichi Takahashi and cross-over cards with soccer stars in eFootball. | Content Integration | Mobile | ReadÂ more"
11,N/A,"Naraka: Bladepoint x The Witcher 3: Wild Hunt | December 4, 2024 | Video Games | Battle Royale | Release Date: | 4/12/2024 | 12/4/2024 | Naraka: Bladepoint x The Witcher 3: Wild Hunt Crossover Event Brings Geralt and Co. and Themed Rewards | Content Integration | PC | Console | ReadÂ more"
11,N/A,"Dead by Daylight x Junji Ito | December 4, 2024 | Artist | Horror | Release Date: | 7/1/2025 | 1/7/2025 | The Dead by Daylight x Junji Ito the collaboration introduces the ""Doomed Course"" chapter, featuring many new skins inspired by Itoâs nightmarish creations. This update will include two Legendary skins and six very rare skins, transforming killers and survivors alike into eerie versions of Itoâs distinctive characters. | Content Integration | PC | Console | ReadÂ more"
11,N/A,"Funko Fusion x Wicked | December 3, 2024 | Film & Television | Action | Release Date: | 3/12/2024 | 12/3/2024 | The âWickedâ cast will be available in two different âFunko Fusionâ DLC packs. Pack 1 includes the addition of Glinda (as played by Ariana Grande in âWickedâ) and Elphaba (Cynthia Erivo) as playable characters in the game, and Pack 2 brings in the The Wizard (Jeff Goldblum) and Madame Morrible (Michelle Yeoh). Per Funko, âPlayers who pick up either Wicked Movie pack can dive into the newly launched online co-op mode as Elphaba, Glinda, The Wizard, Madame Morrible, or any other Funko Fusion character with up to three friends. Build a full squad of fan-favorite characters and fuse your fandoms through crossover combinations never before possible!â | Content Integration | PC | Console | ReadÂ more"
11,N/A,"Rocket League x Porsche | November 29, 2024 | Cars & Automotive | Sports | Release Date: | 20/11/2024 | 11/20/2024 | The Porsche 911 GT3 RS is a sleek supercar that is available to buy in Rocket League. The Porsche 911 GT3 RS bundle has features that make it stand out in Rocket League. The main attraction is the car itself, the Porsche 911 GT3 RS, known for its dynamic design and powerful engine. This car, which is the dream of many people, has a sleek look. On top of its look, the bundle also includes several extras that enhance the carâs look and performance: | Content Integration | PC | Console | ReadÂ more"
11,N/A,"GigaBash x Ultraman Rising | November 29, 2024 | Film & Television | Fighting | Release Date: | 28/11/2024 | 11/28/2024 | This DLC adds âUltraman & Emiâ from Ultraman: Rising to the game, featuring iconic abilities from the animated feature film and a unique skill set that combines Ultraman and the newborn kaiju, Emi, as one character. As Ultraman, you are star athlete Ken Sato, who reluctantly returns home to take over his father's duties as Ultraman. But, he quickly finds more than he bargained for when heÊ¼s forced to raise a newborn Kaiju he later named Emi. Like all infants, sheâs curious yet temperamental, sweet yet demanding; even her cries are like weaponized tantrums. Enter the GigaBash arena as this dynamic duo as they pull of powerful (and sometimes accidental) combos to defeat their enemies; sweep the battlefield clean as you converge Ultraman and Emiâs ultimate to form one powerful beam attack and more! | Content Integration | PC | Console | ReadÂ more"
11,N/A,"Super Monkey Ball Banana Rumble x Hatsune Miku | November 28, 2024 | Anime & Comics | Party | Release Date: | 26/11/2024 | 11/26/2024 | Hatsune Miku is now available as a DLC character in Super Monkey Ball Banana Rumble. As Hatsune Miku, players will collect musical notes instead of bananas. | Content Integration | Console | ReadÂ more"
11,N/A,"Super Monkey Ball Banana Rumble x Godzilla | November 28, 2024 | Film & Television | Party | Release Date: | 26/11/2024 | 11/26/2024 | Godzilla is now available as a DLC character in Super Monkey Ball Banana Rumble. As part of this collab, Godzilla will pick up trains instead of bananas. | Content Integration | Console | ReadÂ more"
11,N/A,"Weyrdlets x Among Us | November 27, 2024 | Video Games | Simulation | Release Date: | 28/11/2024 | 11/28/2024 | Weyrdlets players can dive into a treasure trove of Among Us-themed goodies in a free update. | Content Integration | PC | ReadÂ more"
11,N/A,"PUBG Mobile x American Tourister | November 27, 2024 | Consumer Brands | Battle Royale | Release Date: | 4/12/2024 | 12/4/2024 | The American Tourister collaboration is about to land in the game on December 4! Get ready for exclusive, stylish themed backpacks that will elevate your in-game look to the next level. | Content Integration | Mobile | ReadÂ more"
11,N/A,"Reverse: 1999 x Discovery | November 27, 2024 | Film & Television | RPG | Release Date: | 14/11/2024 | 11/14/2024 | In this collaboration with Discovery, Reverse: 1999 aimed to create a unique set of âimmersive role-playing charactersâ who would reenact historical and cultural moments through a documentary-style presentation. The team hints that a ""second phase"" to this collaboration is in the works with more characters and themes to come. | Content Integration | Mobile | PC | ReadÂ more"
11,N/A,"PUBG Mobile x McLaren | November 26, 2024 | Cars & Automotive | Battle Royale | Release Date: | 22/11/2024 | 11/22/2024 | The collaboration integrates McLarenâs Formula 1 team into PUBG MOBILE, allowing players to experience the thrill of F1 racing. The game now features the McLaren Formula 1 Team Race Car, available in distinctive Digital and Victory variants, alongside the official McLaren Formula 1 Team Race Suit and Helmet. Fans can also collect exclusive items like the McLaren Parachute and Key Ornament, ensuring their in-game personas reflect the sleek style of the McLaren brand. Players can also drive F1 cars on the Erangel map, complete with pit stops to refuel, repair tires, and restore vehicle health. This also marks the return of the much-loved McLaren 570S, now available in six themes, including Royal Black and Pearlescent finishes. Making its PUBG MOBILE debut is the cutting-edge McLaren P1, offered in Volcano Yellow, Fantasy Pink, and Starry Sky themes. Complementing these iconic vehicles are new events, such as the âSpeed Driftâ event, which rewards players with exclusive items, and the McLaren F1-themed âDrive to Thrillâ event. The latter allows players to step into the shoes of an F1 driver, completing new missions, and even earn a personalized in-game driverâs license. | Content Integration | Mobile | ReadÂ more"
11,N/A,"Rubik's Run | November 26, 2024 | Toys & Board Games | Puzzle | Release Date: | 26/11/2024 | 11/26/2024 | Kids and their families can now experience the fun of Rubikâs Cube online through Roblox. Rubikâs Run, out now on the online platform, lets kids solve puzzles, enjoy obstacle courses, and explore levels in an endless-runner-style video game. The Temple Run-style video game invites players to collect Rubikâs pieces while navigating levels. Assembled pieces unlock new âpuzzle islands,â which players can explore. Each level gets progressively more difficult, challenging players to strengthen critical thinking skills, develop spatial awareness, and promote new ways of thinking. Players can enjoy daily challenges as part of their social gaming experience and progress through the gameâs levels. Rubikâs Run blends problem-solving and teamwork to complete each level, making the 50-year-old toy interactive and collaborative. | Licensed Game | Mobile | PC | Console | ReadÂ more"
11,N/A,"World of Tanks Blitz x deadmau5 | November 26, 2024 | Bands & Musicians | Shooting | Christmas | Release Date: | 2/12/2024 | 12/2/2024 | Deadmau5 is partnering with World of Tanks Blitz for an in-game holiday event. Throughout the Deadmau5 and âWorld of Tanks Blitzâ experience, players will have access to several exclusive drops, including: mau5tank: a custom deadmau5 controller tank loaded with music making gear, speakers, lights, and laser effects, they will also have access to a set of unique camos, one of which â Blink camo â was inspired by deadmau5âs infamous Nyanborghini Purracan, 3 exclusive masks featuring deamau5â mau5head silhouette with special designs, and 2 new deadmau5-themed quests | Content Integration | Mobile | ReadÂ more"
11,N/A,"Need For Speed Unbound x BWM | November 26, 2024 | Cars & Automotive | Racing | Release Date: | 26/11/2024 | 11/26/2024 | Need For Speed Unbound has partnered with BMW for a special addition to Volume 9: Prepare for Lockdown. Players can get their hands on the iconic M3 GTR '05 from Need for Speed Most Wanted, as they have released additional content and activations co-created with BMW. Essentially, this is a chance to once again race in one of the biggest fan-favorite vehicles in the franchise | Content Integration | PC | Console | ReadÂ more"
11,N/A,January 2026
11,N/A,December 2025
11,N/A,Apr 2025
11,N/A,Mar 2025
11,N/A,April 2024
11,N/A,Mar 2024
11,N/A,Nov 2023
11,N/A,Oct 2023
12,N/A,"RAID: Shadow Legends x Masters of the Universe | November 25, 2024 | Film & Television | RPG | Release Date: | 25/11/2024 | 11/25/2024 | RAID: Shadow Legends launched a Masters of the Universe crossover. The event allows players to obtain Skeletor by logging into the game on seven different days until December 25. The crossover also offers the opportunity to add He-Man to one's Legendary Champion roster, but only for those who enroll into RAID's premium battle pass | Content Integration | Mobile | PC | Read more"
12,N/A,"Mad Skills Motocross 3 x Racer X | November 25, 2024 | Books & Literature | Sports | Release Date: | 25/11/2024 | 11/25/2024 | Mad Skills Motocross 3 is doing a collab with Racer X. The collab with bring Racer X gear to the game and they're running a Racer X Jam right now on enduro tracks. | Content Integration | Mobile | Read more"
12,N/A,"Mahjong Soul x THE IDOLM@STER SHINY COLORS | November 25, 2024 | Video Games | Strategy | Release Date: | 25/11/2024 | 11/25/2024 | The collaboration event between Mahjong Soul and THE IDOLM@STER SHINY COLORS has officially commenced! Mahjong Soul players can not only experience the new event, new gameplay and obtain generous rewards, but also have the opportunity to draw four cute collaboration characters and acquire 4 limited-time collaboration outfits and 5 brand-new collaboration decorations! | Content Integration | Mobile | PC | Read more"
12,N/A,"Marvel Rivals x Fortnite | November 25, 2024 | Video Games | Shooting | Release Date: | 6/12/2024 | 12/6/2024 | Marvel Rivals is partnering with Fortnite. Starting December 6, Fortnite players will have a month to obtain a Rivaled Sailer Glider for completing ten matches in Marvel Rivals. | Content Integration | PC | Console | Read more"
12,N/A,"Tower of God: New World x Teenage Mercenary | November 24, 2024 | Anime & Comics | RPG | Release Date: | 21/11/2024 | 11/21/2024 | Explore the crossover event in Tower Of God: New World featuring Teenage Mercenary characters and adventures. Battle with new teammates like SSR+ Ijin Yu and SSR Numbers 003, each with unique combat skills. Participate in exciting events and missions to earn rewards, including Collab Tickets and powerful characters. Unlock the immersive Collab Story Event and experience the Dark Underbelly of Video Games storyline. | Content Integration | Mobile | Read more"
12,N/A,"Path to Nowhere x JoJo's Bizarre Adventure: Stone Ocean | November 23, 2024 | Anime & Comics | RPG | Release Date: | 30/4/2024 | 4/30/2024 | Aisno Games announced that their Path to Nowhere mobile game will be collaborating with the JoJo’s Bizarre Adventure: Stone Ocean anime again in China. Their first collaboration added Jolyne Cujoh, Foo Fighters, and Weather Report as playable characters. The event ran from April 30, 2024 to May 16, 2024 in the Chinese version. Unfortunately, Aisno Games made no announcement for including it in the global version of the game. They skipped the event in Japan and English-speaking countries. Aisno will reveal the date of the upcoming event in the future. The event adds Part 6 Jotaro Kujo as a playable Sinner (Convict in the Chinese version). The stream teased that the event will bring the characters into the climactic final battle. This is likely referring to the battle against Made in Heaven. In addition to new playable characters, two existing Sinners/Convicts will also receive brand-new collaboration outfits in this event. Plus, there will be a special adventure storyline that includes full voice acting. | Content Integration | Mobile | Read more"
12,N/A,"TSUKIMICHI -Moonlit Fantasy-: Peace Chronicles x Demon Lord, Retry! | November 22, 2024 | Anime & Comics | RPG | Release Date: | 6/12/2024 | 12/6/2024 | A collab brimming with special art and luxury rewards! In the collab, 8 of the popular characters from currently-airing Demon Lord, Retry! R including Aku, Fujisaki Akane, Luna, and Eagle will appear! The collab will last 1 month. | Content Integration | PC | Read more"
12,N/A,"Fortnite x Porsche | November 22, 2024 | Cars & Automotive | Battle Royale | Release Date: | 22/11/2024 | 11/22/2024 | Fortnite players can buy their own Porsche sportscar to drive in the game in the shape of a 911 GT3 RS. The Porsche 911 GT3 RS in Fortnite is customisable with special decals, colours and wheels | Content Integration | Mobile | PC | Console | Read more"
12,N/A,"Free Fire MAX x Pushpa | November 22, 2024 | Film & Television | Battle Royale | Release Date: | 4/12/2024 | 12/4/2024 | Garena's Free Fire launched a crossover partnership with an upcoming movie Pushpa 2: The Rule. An event will take place in India region, where players can participate and win exclusive skins designed on the theme of Pushpa. | Content Integration | Mobile | Read more"
12,N/A,"Funko Fusion x Invincible | November 21, 2024 | Film & Television | Action | Release Date: | 21/11/2024 | 11/21/2024 | The Invincible Pack DLC features Atom Eve and Rex Splode as new playable characters that can be utilized across all worlds, including the Invincible Cameo Level. The pack also includes two variant outfits: ""Alternate Eve"" based on Atom Eve's alternate-universe look from Season 2 of Invincible, and the famed ""Blue Suit"" for Invincible himself. | PC | Console | Read more"
12,N/A,"Astro Bot x Destiny 2 | November 21, 2024 | Video Games | Action | Release Date: | 14/11/2024 | 11/14/2024 | In Astro Bot's latest and final speedrun, Destiny's Cayde-6 has joined the roster of cameos in all his glory. Cayde-6 is one of the most beloved characters from the Destiny 2 universe. | Content Integration | Console | Read more"
12,N/A,"CSR Racing 2 x NILU | November 21, 2024 | Bands & Musicians | Racing | Release Date: | 20/11/2024 | 11/20/2024 | CSR2 has added one the latest hypercars to be built as a playable vehicle. Unleash the power of the NILU in the HYPERZONE: NILU event. | Content Integration | Mobile | Read more"
12,N/A,"Toca Boca World x Pusheen | November 21, 2024 | Anime & Comics | Simulation | Release Date: | 21/11/2024 | 11/21/2024 | Toca Boca, has announced a new collaboration with Pusheen to introduce new content in “Toca Boca World.” Pusheen, the beloved cat character known for her playful and relatable online presence, will infuse her cozy and humorous style into the game, providing players with a new way to engage with both brands. The collaboration centers around the concept of ""No Plots, Just Vibes,"" encouraging players to create their own stories without set narratives. Drawing inspiration from meme culture and the idea of romanticizing everyday life, the content emphasizes simple, relatable moments, such as spending time with pets or relaxing at home, themes that resonate strongly with both Toca Boca and Pusheen’s audiences. The collaboration includes the Pusheen Style Pack, available in the in-app shop from Nov. 26. The pack features a range of outfits, accessories and hairstyles inspired by Pusheen, allowing players to customize their characters with Pusheen’s cozy, laid-back style. Additionally, a free gift event will take place from Nov. 21 – 25. During this event, players can claim exclusive Pusheen-themed items, including virtual pets Pusheen and Stormy and other surprises. | Content Integration | Mobile | Read more"
12,N/A,"KartRider Rush+ x The Smurfs | November 21, 2024 | Film & Television | Racing | Release Date: | 21/11/2024 | 11/21/2024 | The exclusive collaboration with the popular Smurfs franchise is now available for all players to enjoy. Players will have access to special events where they can log in and complete racing missions to earn various collab items. Additionally, players can complete game missions to earn the Smurfette Driftmoji (Perm), Jokey Smurf Balloon, and more, along with the Smurf Outfit Set (M/F). | Content Integration | Mobile | Read more"
12,N/A,"Conqueror’s Blade x Sabaton | November 21, 2024 | Bands & Musicians | Action | Release Date: | 21/11/2024 | 11/21/2024 | Conqueror's Blade teams up with Sabaton for a thrilling in-game event starting November 21. Experience Joakim Brodén's likeness as a skin and enjoy epic Sabaton music during battles. Unlock exclusive items with the Sabaton Metal Legend attire and Mini Battle Pass. Enjoy a revamped Sabaton Fortress map with an orchestral soundtrack for intense gameplay. | Content Integration | PC | Read more"
12,N/A,"Care Bears: Unlock The Magic | November 20, 2024 | Film & Television | Adventure | Release Date: | 27/3/2025 | 3/27/2025 | Dive into a world of fun and adventure with the Care Bears in ""Care Bears: Unlock the Magic"". Play as Cheer Bear as and his friends in a variety of arcade games! Meet the Beloved Bears: Play alongside Cheer Bear, Bedtime Bear, Tenderheart Bear and all the lovely bears from Care A-Lot! Go on a Journey: Explore over 200 levels across a dozen unique minigames in the whimsical universe of Care Bears! Get Star Power to remove the Storm Clouds from the Silver Lining, meet the funny Whiffles and reach the end of the magical road for a lovely surprise. Classic Arcade Fun: Enjoy a variety of themed mini-games inspired by classic arcade favorites: Care Bubbles, Cross The Rainbow, Lost Whiffle and many more! Fill the Art Book: As you progress, earn unique stickers featuring art and bears from the ""Care Bears : Unlock The Magic"" tv show. Collect them all! | Licensed Game | Console | Read more"
12,N/A,"Squid Game: Unleashed | November 20, 2024 | Film & Television | Party | Release Date: | 17/12/2024 | 12/17/2024 | Like the hit dystopian thriller series it’s named after, Squid Game: Unleashed takes classic children’s games and puts a dark spin on them. Team up with friends or compete against up to 32 players for the ultimate prize: survival. You’ll earn money along the way to customize your avatar and advance through tougher and tougher challenges as you make your way up the tournament ranks. | Licensed Game | Mobile | Read more"
12,N/A,"Trailer Park Boys: Greasy Money x Cheech & Chong: Bud Farm | November 19, 2024 | Video Games | Strategy | Release Date: | 21/11/2024 | 11/21/2024 | Cheech & Chong are visiting the trailer park! Chance to win Tommy and Cheech. Brand new story! | Content Integration | Mobile | Read more"
12,N/A,"The Sandbox x Top Gear’s The Stigverse | November 19, 2024 | Film & Television | Adventure | Release Date: | 19/11/2024 | 11/19/2024 | The Stigverse” is a free-to-play experience on The Sandbox, a social gaming platform, that contains classic “Top Gear” highlights, including custom builds and iconic moments from the show. In “The Stigverse,” players navigate several themed zones inspired by Top Gear's engineering challenges to capture rogue clones of The Digital Stig, known as The Gits. Each zone presents fun challenges, from building the world's fastest tractor, The Trak-Tor, to racing down a snowy slalom and running a daring gauntlet in a scrapyard. Players will help the Top Gear Crew restore order and deal with the chaos caused by characters like Unfortunate Git, Flamin’ Git and the main antagonist, Science Git. From off-road mayhem in the All-Terrain Zone to wrecking stuff in The Scrapyard, players will be faced with fun-packed challenges as they attempt to tame The Digital Stig’s defective clones. | Licensed Game | Mobile | PC | Read more"
12,N/A,"Azur Lane x To Love Ru Darkness | November 17, 2024 | Anime & Comics | Shooting | Release Date: | 21/11/2024 | 11/21/2024 | Azur Lane is collaborating with the manga and anime series To Love Ru Darkness. Fans can anticipate the inclusion of several fan-favorite characters from To Love Ru, notably Lala Satalin Deviluke, Nana Astar Deviluke, Momo Belia Deviluke, Golden Darkness, Haruna Sairenji, and Yui Kotegawa. | Content Integration | Mobile | Read more"
12,N/A,"Fortnite x Ice Spice | November 16, 2024 | Bands & Musicians | Battle Royale | Release Date: | 14/11/2024 | 11/14/2024 | Ice Spice is the third rapper to be added to Fortnite Remix, and she’s spawned with quite a lot of loot, including two Mythic items. Fortnite Remix is in full swing, featuring a new rapper appearing on the map each week. Following Snoop Dogg and Eminem, Epic Games has now added Ice Spice, complete with her own island and numerous loot drops. | Content Integration | Mobile | PC | Console | Read more"
12,N/A,"Seven Knights Idle Adventure x Solo Leveling | November 16, 2024 | Anime & Comics | RPG | Release Date: | 14/11/2024 | 11/14/2024 | Seven Knights Idle Adventure teams up with Solo Leveling for a limited-time event. Unlock heroes Sung Jinwoo, Cha Hae-In, and Lee Joohee by logging in and completing challenges. Explore new dungeons and face Knight Commander Igris the Bloodred for exciting rewards. Experience expanded storylines and new stages in this idle RPG packed with fan-favorite characters. | Content Integration | Mobile | Read more"
12,N/A,"Valkyrie Connect x Fairy Tail 100 Years Quest | November 15, 2024 | Anime & Comics | RPG | Release Date: | 15/11/2024 | 11/15/2024 | In the latest update for Valkyrie Connect, you can look forward to welcoming Natsu, Lucy, Gray, Erza, and Wendy from the Fairy Tail Guild to the fray. You can simply take part in the collab event and clear the challenge to grab up to 100 free pulls. Plus, completing the Connect Battle “White Mage Touka Strikes!” will reward you with Touka for all your hard work. | Content Integration | Mobile | Read more"
12,N/A,"Topgolf x Sonic the Hedgehog | November 15, 2024 | Video Games | Sports | Release Date: | 15/11/2024 | 11/15/2024 | Topgolf has debuted its game featuring ""Sonic the Hedgehog,"" available at Topgolf venues across the U.S. and Glasgow. Speed your way to the top of the leaderboard with Sonic and friends as you crush golf balls, explore Green Hill Zone, and collect Rings along the way. Pick up The Sure Thing to boost your play even more. | Content Integration | Other | Read more"
12,N/A,"NHL 25 x Professional Women's Hockey League | November 14, 2024 | Sport & Athletes | Sports | Release Date: | 5/12/2024 | 12/5/2024 | Electronic Arts and the PWHL are collaborating to bring female hockey teams and players will be coming to EA Sports NHL 25. | Content Integration | Console | Read more"
12,N/A,January 2026
12,N/A,December 2025
12,N/A,Apr 2025
12,N/A,Mar 2025
12,N/A,April 2024
12,N/A,Mar 2024
12,N/A,Nov 2023
12,N/A,Oct 2023
13,N/A,"Fall Guys x Guardians of the Galaxy | November 14, 2024 | Film & Television | Battle Royale | Release Date: | 14/11/2024 | 11/14/2024 | Guardians of the Galaxy skins now available | Content Integration | Mobile | PC | Console | ReadÂ more"
13,N/A,"The Division 2 x S.T.A.L.K.E.R. 2: Heart of Chornobyl | November 13, 2024 | Video Games | Shooting | Release Date: | 19/11/2024 | 11/19/2024 | The Division 2 will be getting some Stalker 2 themed cosmetics. The apparel bundle will be available to purchase from November 19. | Content Integration | PC | Console | ReadÂ more"
13,N/A,"Destiny 2 x Doki Doki | November 13, 2024 | Video Games | Shooting | Release Date: | 19/11/2024 | 11/19/2024 | Destiny 2's Doki Doki ornaments are based on romantic and cute aesthetics typically seen in Japanese pop culture. Destiny 2 will introduce Doki Doki-themed ornament sets in Act 2 of Episode: Revenant. Players can likely expect to purchase Doki Doki ornaments with Silver or Bright Dust on November 19 via the Eververse Store. | Content Integration | PC | Console | ReadÂ more"
13,N/A,"Mighty Morphin Power Rangers: Rita's Rewind | November 13, 2024 | Film & Television | Action | Release Date: | 10/12/2024 | 12/10/2024 | In Mighty Morphin Power Rangers: Rita's Rewind, the team faces off against a robotic reincarnation of the Power Rangers' long-time nemesis. Robo Rita has conjured a portal to send herself back in time so she can finally vanquish the Power Rangers by forming an alliance with her younger self. | Licensed Game | PC | Console | ReadÂ more"
13,N/A,"Destiny 2 x Street Fighter 6 | November 13, 2024 | Video Games | Shooting | Release Date: | 19/11/2024 | 11/19/2024 | Street Fighter 6 cosmetics will be added Destiny 2. The collaboration includes 3 Ghost shells, 2 emotes, 3 finisher moves, and a universal helmet ornament based on Blanka. | Content Integration | PC | Console | ReadÂ more"
13,N/A,"Sonic Dash x Beyblade X | November 12, 2024 | Anime & Comics | Action | Release Date: | 15/11/2024 | 11/15/2024 | The Sonic x Beyblade X event is available now. It involves collecting Beyblade X tops on the track to unlock daily prizes | Content Integration | Mobile | PC | ReadÂ more"
13,N/A,"Granblue Fantasy x That Time I Got Reincarnated as a Slime | November 12, 2024 | Anime & Comics | RPG | Release Date: | 15/11/2024 | 11/15/2024 | Cygames has officially announced a new collaboration event between its popular Granblue Fantasy game and the renowned That Time I Got Reincarnated as a Slime (TenSura) series. This event, titled âThat Time I Got Reincarnated as a Slime: SÅkÅ« no Kagi-henâ (translated as âThe Blue Sky Chapterâ). The player community will be able to enjoy exclusive content, special rewards and challenges that will be available only during this period. Confirmed characters include Rimuru Tempest, Veldora Tempest, Shion, Milim Nava, Ramiris, and Diablo. These characters will feature special abilities and characteristics in the game, allowing players to experience their personalities and powers in a new context. | Content Integration | Mobile | PC | ReadÂ more"
13,N/A,"Stellar Blade x NieR: Automata | November 12, 2024 | Video Games | Action | Release Date: | 20/11/2024 | 11/20/2024 | The worlds of Stellar Blade and NieR Automata finally collide. At the center of this collaboration will be Emil, whose shop will make a surprise appearance in the world of Shift Up's game to offer players eleven different collaboration items. | Content Integration | Console | ReadÂ more"
13,N/A,"Free Fire x Blue Lock | November 11, 2024 | Anime & Comics | Battle Royale | Release Date: | 20/11/2024 | 11/20/2024 | Players can check out an assortment of in-game goodies, such as iconic jerseys of fan-favorite characters, Isagi Yoichi and Nagi Seishiro. Players can also experience the intensity and energy of Blue Lock by activating Isagi's Spatial Awareness, and Nagi's Trapping emotes on the battlefield. At the same time, players who log in and complete missions during the event period will be rewarded with rare Blue Lock-themed items, including weapon and vehicle skins, avatars, and a special banner! Fans and players can soon don costumes from the anime, including Isagi's Team Z and Nagi's Team V bundles or a basic football uniform. | Content Integration | Mobile | ReadÂ more"
13,N/A,"Teamfight Tactics x Arcane | November 11, 2024 | Film & Television | Strategy | Release Date: | 20/11/2024 | 11/20/2024 | Teamfight Tactics is fully diving into the Arcane universe with its upcoming set, aptly named ""Into the Arcane."" The Riot Games auto-battler has already featured characters from the award-winning series back in 2021, but this will be the first time that Teamfight Tactics will fully lean into it with the release of Arcane season 2. With Into the Arcane, Teamfight Tactics created its biggest pool of exclusive characters to date, including characters from Arcane's first and second seasons, like Powder, Vander, Sevika, and Smeech. Whalen called this set a type of ""fan fiction,"" where players can build the teams they want without worrying about spoilers. More importantly, the champions' traits and abilities are similar to how they're presented in Arcane. Likewise, Into the Arcane will showcase the comeback of Silco and the Teamfight Tactics debut of new League of Legends champion Ambessa. | Content Integration | Mobile | PC | ReadÂ more"
13,N/A,"Yuan Meng Star x Human: Fall Flat | November 8, 2024 | Video Games | Party | Release Date: | 8/11/2024 | 11/8/2024 | The collaboration between Yuan Meng Star and Human: Fall Flat (HFF) introduces exclusive HFF cosmetics into Yuan Meng Star, offering players the chance to download and play as their favourite HFF characters for free. | Content Integration | Mobile | ReadÂ more"
13,N/A,"Hypergalactic: Monkey Quest | November 8, 2024 | Film & Television | Action | Release Date: | 8/11/2024 | 11/8/2024 | Hypergalactic: Monkey Quest, the core game at the center of the Hypergalactic Universe, offers fans a first glimpse into the vibrant and action-packed world of Hypergalactic, featuring immersive gameplay, stunning visuals, and engaging storylines. As players navigate through the core game, they will have the opportunity to explore interconnected games that expand on the Hypergalactic universe, each offering unique experiences and exclusive content. Players can transport themselves to the different games by utilizing portals that are strategically positioned in the game. This gives them an ever-growing variety of games and experiences that currently range from tower defense style games to restaurant management to themed takeovers, and will grow over time. | Licensed Game | Mobile | PC | Console | ReadÂ more"
13,N/A,"Dungeon Fighter Online x SNK | November 8, 2024 | Video Games | RPG | Release Date: | 5/11/2024 | 11/5/2024 | Embark on an epic SNK x DFO event with thrilling new story-driven dungeons featuring iconic SNK characters. Transform into monsters or SNK fighters in real-time PvP battles and compete in Monster Fighters Mode. Collect Arcade Buttons for unique SNK-themed cosmetics and rank globally for exclusive rewards. Customize DFO characters with the DFO X SNK Package to embody classic KOF and Samurai Shodown heroes. | Content Integration | PC | ReadÂ more"
13,N/A,"PUBG Mobile x Hunter x Hunter | November 7, 2024 | Anime & Comics | Battle Royale | Release Date: | 7/11/2024 | 11/7/2024 | PUBG Mobile meets Hunter x Hunter in an exciting new collab, available until December 7. Unlock character sets inspired by Gon, Killua, Kurapika, and Leorio for a unique in-game style. Customize weapons with Hisoka-inspired skins, adding a magical touch to your arsenal. Transform profiles with exclusive avatars and frames through a free lucky draw feature. | Content Integration | Mobile | ReadÂ more"
13,N/A,"My Talking Tom 2 x Angry Birds | November 7, 2024 | Video Games | Simulation | Release Date: | 7/11/2024 | 11/7/2024 | During the Talking Tom and Angry Birds collaboration event, you can look forward to flexing your slingshot savvy across a new themed challenge in My Talking Tom 2. All you have to do is launch Red at those nasty piggies to hold off their invasion of Tom's world, or practice your tapping skills on the new whack-a-piggy challenge to send the would-be invaders back down into the ground. Of course, helping Tom and Red get rid of the piggies means more rewards too! | Content Integration | Mobile | ReadÂ more"
13,N/A,"DEATH NOTE Killer Within | November 5, 2024 | Anime & Comics | Strategy | Release Date: | 5/11/2024 | 11/5/2024 | DEATH NOTE Killer Within is an online social deduction game for up to 10 players. Players will be split into two teams with different objectives. To win the game, players will need to figure out each otherâs identities and either eliminate L who threatens Kira's power or seize the Death Note. | Licensed Game | PC | Console | ReadÂ more"
13,N/A,"World of Warcraft x Diablo Immortal | November 5, 2024 | Video Games | RPG | Release Date: | 13/11/2024 | 11/13/2024 | World of Warcraft is celebrating their 20th anniversary with an epic crossover event, Eternal War! Players will be able to dive into the colliding realms of Diablo Immortal and World of WarcraftÂ®. Experience legendary quests and fierce battles as two iconic universes unite for a limited time. Don't miss out on this spectacular event! Unite with fellow adventurers and confront the Lich King on his Frozen Throne, battle in the throes of the Cutthroat Basin, and claim the new Mourneskull Legendary Gem. Prepare yourself, the fate of Sanctuary hangs in the balance. | Content Integration | PC | ReadÂ more"
13,N/A,"Fall Guys x Monsters Inc | November 5, 2024 | Film & Television | Party | Release Date: | 7/11/2024 | 11/7/2024 | Fall Guys has announced the the release of three new costumes inspired by Monsters Inc, featuring Mike Wazowski, Sully and Boo. Players will require an in-game purchase to acquire these skins. | Content Integration | Mobile | PC | Console | ReadÂ more"
13,N/A,"Fortnite x Eminem | November 4, 2024 | Bands & Musicians | Battle Royale | Release Date: | 7/11/2024 | 11/7/2024 | Slim Shady has already been in Fortnite but the new collab includes a unique minigun that has to be one of the game's best weapons. When fired, the minigun will rap along to Rap God and also show the song's lyrics. | Content Integration | Mobile | PC | Console | ReadÂ more"
13,N/A,"Asphalt Legends Unite x Movember | November 2, 2024 | Heritage/Charity | Racing | Release Date: | 1/11/2024 | 11/1/2024 | From November 1st to the 14th in Asphalt Legends Unite, you can join in on themed events across tropical tracks, racing in Lamborghini models adorned with Movember-inspired moustache decals. And as a bonus, everyone will be awarded a free decal, letting you represent this meaningful cause on the raceway. | Content Integration | Mobile | PC | Console | ReadÂ more"
13,N/A,"Fortnite x Juice WRLD | November 2, 2024 | Bands & Musicians | Battle Royale | Release Date: | 30/11/2024 | 11/30/2024 | Fortnite reveal that Juice WRLD will be receiving a Fortnite skin. Juice WRLD is also set to be the final rapper to grace the Fortnite island this season, headlining the upcoming live event, Fortnite Remix: The Finale. | Content Integration | Mobile | PC | Console | ReadÂ more"
13,N/A,"TSUKIMICHI -Moonlit Fantasy-: Peace Chronicles x The Unwanted Undead Adventurer | November 1, 2024 | Anime & Comics | RPG | Release Date: | 1/11/2024 | 11/1/2024 | TSUKIMICHI -Moonlit Fantasy-: Peace Chronicles is collaborating with the hit anime ""The Unwanted Undead Adventurer""! Discover exclusive items featuring 3 newly illustrated characters, fairies, and mounts. | Content Integration | PC | ReadÂ more"
13,N/A,"Fortnite x Nike | November 1, 2024 | Luxury & fashion | Battle Royale | Release Date: | 12/11/2024 | 11/12/2024 | Fortnite announced that Nike and Jordan sneakers would be added to the game. Beginning November 12, players can begin customizing their character with a pair of Jordans. | Content Integration | Mobile | PC | Console | ReadÂ more"
13,N/A,"Paddington: Mission Marmalade | November 1, 2024 | Film & Television | Adventure | Release Date: | 1/11/2024 | 11/1/2024 | Paddington: Mission Marmalade allows players to explore and interact with Paddingtonâs world like never before as they get to help Paddington make as much marmalade as possible. From exploring Paddingtonâs home in Windsor Gardens and navigating the bustling streets of London to discovering hidden treasures in the depths of the Peruvian jungle, players will join Paddington and his friends on a marmalade ï¬lled adventure full of fun, heartwarming challenges, and opportunities to earn exclusive in-game rewards. | Licensed Game | Mobile | PC | Console | ReadÂ more"
13,N/A,"Monster High: Skulltimate Secrets | October 31, 2024 | Toys & Board Games | Adventure | Release Date: | 29/10/2024 | 10/29/2024 | In âMonster High: Skulltimate Secrets,â players team up with Draculaura, Frankie Stein and Clawdeen Wolf to help rid their school of haunted happenings. By collecting monster keys around the campus, players can unlock the ancient door that will restore peace to the school. Fans will recognize locations from the âMonster Highâ series and be able to customize their own character with an array of hairdos, outfits and accessories. | Licensed Game | PC | Console | ReadÂ more"
13,N/A,January 2026
13,N/A,December 2025
13,N/A,Apr 2025
13,N/A,Mar 2025
13,N/A,April 2024
13,N/A,Mar 2024
13,N/A,Nov 2023
13,N/A,Oct 2023
14,N/A,"The Legend of Neverland x Fairy Tail 100 Years Quest | October 30, 2024 | Anime & Comics | RPG | Release Date: | 20/10/2024 | 10/20/2024 | Exciting new stories, companions, costumes, mounts, and exclusive collaboration items are available during this collab | Content Integration | Mobile | PC | Read more"
14,N/A,"World Of Warships x Star Trek | October 30, 2024 | Film & Television | Shooting | Release Date: | 30/10/2024 | 10/30/2024 | Join World of Warships' epic Star Trek event with interstellar battles on new Operations. Unlock and upgrade fan-favorite ships and Commanders like Picard and Spock. Collect Star Trek tokens to enhance vessels with iconic phasers and photon torpedoes. Secure the U.S.S Enterprise-D and exclusive camouflages like the Borg skin for more strategy. | Content Integration | Mobile | PC | Console | Read more"
14,N/A,"Barbie Project Friendship | October 29, 2024 | Toys & Board Games | Adventure | Release Date: | 25/10/2024 | 10/25/2024 | In “Barbie Project Friendship,” Barbie “Malibu” Roberts and Barbie “Brooklyn” Roberts team up to save the Malibu Waves Community Center with help from their friends and family. Fans can play as a single-player or in two-player local co-op mode to tackle minigames together. Players will unlock outfits, discover new community center areas and participate in activities. The game offers a range of accessibility features, including multiple difficulty levels for each minigame and an auto-win option, making it enjoyable for Barbie fans of all ages and skill levels. | Licensed Game | PC | Console | Read more"
14,N/A,"Lord of Nazarick x Overlord | October 29, 2024 | Anime & Comics | RPG | Release Date: | 29/10/2024 | 10/29/2024 | Official mobile game for OVERLORD, the hit isekai series streaming on Crunchyroll. Conquer, Command, and Control the World of OVERLORD! Step into the shoes of Ainz Ooal Gown, the Supreme Overlord of the Great Tomb of Nazarick, in this epic strategy RPG! Dive into an immersive fantasy world where magic and might clash, and only the strongest can claim victory. Based on the popular anime, “OVERLORD,” this game lets you experience the thrill of commanding your own army of powerful guardians, villains, and other beloved characters. | Licensed Game | Mobile | Read more"
14,N/A,"Magic: The Gathering Arena x Final Fantasy | October 29, 2024 | Video Games | Strategy | Release Date: | 13/6/2025 | 6/13/2025 | Magic: The Gathering unveils a Final Fantasy set, releasing June 13, 2025. Set draws from FF1-16, excluding sequels and offshoots like Advent Children. Features iconic characters, monsters, and artwork from Magic and Final Fantasy artists. | Content Integration | Mobile | PC | Read more"
14,N/A,"Car Dealership Tycoon x Monster Jam | October 28, 2024 | Sport & Athletes | Racing | Release Date: | 28/10/2024 | 10/28/2024 | This year, the Monster Jam takeover will allow players to: Build a new Monster Jam dealership that will be themed after JCB DIGatron, the Monster Jam World Finals Racing champion. Players will also be able to compete in a new freestyle mode within a new Monster Jam stadium, race with 18 official Monster Jam trucks, including the official Monster Jam mini trucks and the JCB DIGatron truck for the first time. They will also be able to unlock Monster Jam-themed UGC items, including backpacks, racetrack hats and more | Content Integration | Mobile | PC | Console | Read more"
14,N/A,"Legend of Mushroom x Destiny Child | October 28, 2024 | Video Games | RPG | Release Date: | 1/11/2024 | 11/1/2024 | Legend of Mushroom x Destiny Child Collaboration Event is coming. New appearance and Friendship Gameplay will be online. Build bonds with Destiny Child and claim limited collaboration Pals. | Content Integration | Mobile | PC | Read more"
14,N/A,"Fortnite x Snoop Dogg | October 28, 2024 | Bands & Musicians | Battle Royale | Release Date: | 2/11/2024 | 11/2/2024 | Snoop Dogg’s Fortnite collaboration is expected to deliver exclusive Icon Series skins with multiple styles, according to reliable leaker HYPEX. Players can also look forward to a special item called the “Hydraulic” Car Mythic, which gives cars unique abilities like jumping and bouncing—a feature that fans say will add a new level of fun to the gameplay. Additionally, rumors suggest an in-game concert could accompany the collaboration. | Content Integration | Mobile | PC | Console | Read more"
14,N/A,"Miraculous - Paris Under Siege | October 25, 2024 | Film & Television | Action | Release Date: | 25/10/2024 | 10/25/2024 | Step into the suits of Ladybug and Cat Noir in their most daring adventure yet! Embark on a thrilling adventure where heroism, acrobatic combat and parkour agility collide as Shadow Moth unleashes a wave of villains across the city. It’s up to you and your friends to save Paris! | Licensed Game | PC | Console | Read more"
14,N/A,"Cookie Run: Kingdom x Crocs | October 25, 2024 | Consumer Brands | RPG | Release Date: | 9/10/2024 | 10/9/2024 | Croctober! The month when Crocs-lovers celebrate their love for Crocs. The Cookie Kingdom is preparing a Croctober party for Cookies who love Crocs! Event rewards include Crocs Collab Icings, Pizza Jibbitz Hat and Cheese Clog Crocs. There will also be a new competition as part of the Croctober collab It'll see players showing off their Croc-decorated kingdom to win fabulous prizes | Content Integration | Mobile | PC | Read more"
14,N/A,"For Honor x Destiny 2 | October 25, 2024 | Video Games | Fighting | Release Date: | 24/10/2024 | 10/24/2024 | Destiny 2 collaborates with For Honor in a one-way crossover event, ""Light of the Guardians"". For Honor introduces two Destiny 2-themed hero skins and a Dominion-inspired game mode, along with a free event pass for exclusive rewards. The collaboration offers Destiny 2-themed post-match loot and in-game store items that For Honor players can purchase even after the event ends. | Content Integration | PC | Console | Read more"
14,N/A,"Balatro x Cyberpunk 2077 | October 25, 2024 | Video Games | Strategy | Release Date: | 25/10/2024 | 10/25/2024 | The new Balatro update gives players more character options for reskinning their suited face cards. The Cyberpunk 2077 family has taken over the Spades suit, inserting Goro Takemura as the Jack, Rogue Amendiares as the Queen, and Keanu Reeves' Johnny Silverhand as the King of Spades. | Content Integration | Mobile | PC | Console | Read more"
14,N/A,"Honor of Kings x Jujutsu Kaisen | October 24, 2024 | Anime & Comics | Fighting | Halloween | Release Date: | 1/11/2024 | 11/1/2024 | Players will soon have the chance to summon their inner sorcerer and fight alongside iconic anime characters in the mystical Hero’s Gorge. Biron was announced on Honor of King’s social media channels. He is the chosen hero to receive a skin inspired by Yuji Itadori, the protagonist who carries the fearsome curse of Ryomen Sukuna. Following this, it was announced that Kongming will embody the enigmatic persona of Gojo Satoru, a powerful sorcerer with boundless cursed energy and unmatched abilities. | Content Integration | Mobile | PC | Read more"
14,N/A,"TED Tumblewords | October 23, 2024 | Corporate Brands | Puzzle | Release Date: | 19/11/2024 | 11/19/2024 | TED Tumblewords, which is made in collaboration with TED Talks. The Netflix games-exclusive title encourages you to train your brain daily with unique word puzzles and compete against friends and strangers to climb the leaderboard. You need to rearrange letters in a three-by-three grid to make longer and more complex word chains than your opponent or the TED bot, and you can include certain letters to increase your score each day. As well as keeping your brain sharp with word puzzles, progressing in TED Tumblewords unlocks fact cards about a range of topics like health, science in movies, and more, so you can learn some fun trivia along the way. | Licensed Game | Mobile | Read more"
14,N/A,"So I'm a Spider, So What? Ruler of the Labyrinth | October 21, 2024 | Anime & Comics | RPG | Release Date: | 23/10/2024 | 10/23/2024 | This dungeon conquest RPG, based on the 2021 anime ""So I'm a Spider, So What?"". Develop ""me,"" reincarnated as a spider monster, gather allies, and survive in a labyrinth filled with powerful monsters. The survival journey to become the ruler of the labyrinth begins now! | Licensed Game | PC | Read more"
14,N/A,"Marvel Rivals | October 21, 2024 | Anime & Comics | Shooting | Release Date: | 6/12/2024 | 12/6/2024 | Marvel Rivals is a Super Hero team-based PVP shooter! Assemble an all-star Marvel squad, devise countless strategies by combining powers to form unique Team-Up skills and fight in destructible, ever-changing battlefields across the continually evolving Marvel Universe! | Licensed Game | PC | Console | Read more"
14,N/A,"The Rocky Horror Show Video Game | October 21, 2024 | Film & Television | Action | Release Date: | 21/10/2024 | 10/21/2024 | The Rocky Horror Show Video Game is a retro-styled 2D side-scrolling platform game with chiptune versions of well-known songs from the show including The Time Warp and Dammit Janet. Experience the strange journey of Brad and Janet like never before in this wild and wacky retro platform game adaptation of Richard O'Brien's legendary rock'n'roll musical. Run and jump through Frank N Furter's mansion of madness with authentic classic sidescrolling platform gameplay. Take on the mansion's tricks and traps in challenging classic platforming action, and with infinite retries, you'll never see a ""game over"" screen... good for relieving your tension, but it may drive you insane. | Licensed Game | PC | Console | Read more"
14,N/A,"Hot Wheels Monster Trucks: Stunt Mayhem | October 21, 2024 | Toys & Board Games | Racing | Release Date: | 18/10/2024 | 10/18/2024 | Hot Wheels™ Monster Trucks are ready to catch some wild air and perform insane stunts while smashing and bashing through fantastical arenas in a new game that brings your favorite monster trucks to your fingertips! | Licensed Game | PC | Console | Read more"
14,N/A,"Vampire Survivors x Castlevania | October 21, 2024 | Video Games | Shooting | Release Date: | 31/10/2024 | 10/31/2024 | Ode to Castlevania will add over 20 characters, more than 40 weapons (including eight types of whips), and over 30 music tracks to the game. Then there is the new map – the representation of Dracula’s castle is Vampire Survivors’ largest stage yet and, apparently, still free of vampires. Among the brand-new characters are Simon, Richter, Trevor, and Sonia of the Belmont family as well as other heroes like Alucard, Sypha, Yoko, Charlotte Aulin, Maria Renard, Shanoa, and Eric Lecarde. Everyone who’s someone in Castlevania is represented. Aside from the kinky collection of eight whips, players will have access to brand-new elemental magic spells, such as Portrait of Ruin and Harmony of Dissonance. Poncle seemingly raided Alucard’s armory as well, providing players with a whole arsenal of his magic weapons. Some projectiles and glyphs are on the menu as well, of course. Ode to Castlevania features original music from the Castlevania series as well as remixes made by the Vampire Survivors composers. | Content Integration | Mobile | PC | Console | Read more"
14,N/A,"Hunt: Showdown 1896 x Ghostface | October 21, 2024 | Film & Television | Shooting | Release Date: | 21/10/2024 | 10/21/2024 | Hunt: Showdown 1896 has partnered with Fun World to introduce Ghost Face® to the gunslinging world of Hunt. The Ghost Face® Rampage DLC includes one Hunter (Ghost Face®), two weapons - the Hush (Frontier 73C Silencer) and Whisper (a Bornheim No. 3 Silencer) and a tool - Life Taker (a knife). The included weapons are silent, offering players an edge in fast-paced close quarters combat, which Hunt is famous for. The character was designed to fit into the world of the 19th century which Hunt takes place in, so is a unique take on Ghost Face® in a never seen before design. | Content Integration | PC | Console | Read more"
14,N/A,"Fortnite x Sleeping Beauty | October 19, 2024 | Film & Television | Battle Royale | Halloween | Release Date: | 19/10/2024 | 10/19/2024 | Maleficent is the stunning villain from Sleeping Beauty, who also has her own live-action movie starring Angelina Jolie. In Fortnite, the Maleficent skin is available for purchase in the Item Shop and is also part of the Disney Villains set. Introduced in Chapter 5, Season 4 | Content Integration | Mobile | PC | Console | Read more"
14,N/A,"Fortnite x 101 Dalmatians | October 19, 2024 | Film & Television | Battle Royale | Halloween | Release Date: | 19/10/2024 | 10/19/2024 | Cruella De Ville is an Outfit in Fortnite, that can be purchased in the Item Shop with the Cruella De Vil Bundle or with the Disney Villains Bundle. Cruella de Vil was first released in Chapter 5: Season 4 and is part of the Disney Villains Set. | Content Integration | Mobile | PC | Console | Read more"
14,N/A,"Fortnite x Peter Pan | October 19, 2024 | Film & Television | Battle Royale | Halloween | Release Date: | 19/10/2024 | 10/19/2024 | Captain Hook is an Epic Outfit in Fortnite, that can be purchased in the Item Shop with the Captain Hook Bundle or with the Disney Villains Bundle. Captain Hook was first released in Chapter 5: Season 4 and is part of the Disney Villains Set. | Content Integration | Mobile | PC | Console | Read more"
14,N/A,"Funko Fusion x Bob Ross | October 18, 2024 | Artist | Action | Release Date: | 18/10/2024 | 10/18/2024 | Bring the joy of painting to Funko Fusion with the iconic artist and pop culture icon Bob Ross! The Bob Ross Pack introduces everyone’s favourite artist to Funko Fusion and contains: - Bob Ross as a playable in-game character. - An alternate Bob Ross variant. Play as Bob Ross and bring his artistry to Funko Fusion’s in-game worlds today. | Content Integration | PC | Console | Read more"
14,N/A,"PUBG Mobile x Venom: The Last Dance | October 18, 2024 | Film & Television | Battle Royale | Release Date: | 18/10/2024 | 10/18/2024 | PUBG Mobile is adding a web-swinging new twist to the popular battle royale with a Venom: The Last Dance crossover event, letting you take part in celebrating the epic conclusion to the film trilogy. In particular, you can get your hands on the extraterrestrial symbiote from October 18th to November 11th, whether you're speeding up movement with the Black Symbiote Arm or striking terror into the hearts of your enemies atop Black Symbiote Warhorses. In the latest collaboration event within PUBG Mobile, you can also ramp up your melee encounters with the Black Symbiote Lance while you're mounted on Black Symbiote Warhorses. These collab goodies will be easily attainable across Black Symbiote Clusters in Erangel, Sanhok, Miramar, and Livik. | Content Integration | Mobile | Read more"
14,N/A,January 2026
14,N/A,December 2025
14,N/A,Apr 2025
14,N/A,Mar 2025
14,N/A,April 2024
14,N/A,Mar 2024
14,N/A,Nov 2023
14,N/A,Oct 2023
15,N/A,"The Ants: Underground Kingdom x Lucas the Spider | October 17, 2024 | Film & Television | Strategy | Release Date: | 15/10/2024 | 10/15/2024 | Join Lucas the Spider as he explores the depths of your ant colony. Find collab characters and hidden secrets as you carve out new pathways in the soil. | Content Integration | Mobile | Read more"
15,N/A,"Care Bears: To The Rescue | October 17, 2024 | Film & Television | Adventure | Release Date: | 24/10/2024 | 10/24/2024 | The Silver Lining is in trouble! Bluster has been busy nurturing a giant Bad Seed full of bad energy. It is now on the loose, and its bad vines are wreaking havoc! The Care Bears are facing one of their biggest challenges so far! They will need to team up and gather lots of Caring Energy in order to restore peace and happiness. Will their efforts be enough to overcome Bluster’s giant Bad Seed? Care Bears™: To The Rescue is a platformer game set in the Care Bears universe featuring 30 levels across five unique worlds! Experience the game in singleplayer mode or up to 4 players in local co-op mode! | Licensed Game | PC | Console | Read more"
15,N/A,"A Quiet Place: The Road Ahead | October 17, 2024 | Film & Television | Horror | Release Date: | 17/10/2024 | 10/17/2024 | A Quiet Place: The Road Ahead is a single-player horror adventure game inspired by the critically acclaimed blockbuster movie franchise. Survive in silence. | Licensed Game | PC | Console | Read more"
15,N/A,"Rocket League x McLaren | October 16, 2024 | Cars & Automotive | Sports | Release Date: | 16/10/2024 | 10/16/2024 | Rocket League are collaborating with McLaren. Head to the game shop to buy the McLaren Senna. The auto is based on the real-world car by McLaren Automotive. You’ll get it with some special decals and four types of wheels. The McLaren Rocket League bundle includes 11 items in total. | Content Integration | PC | Console | Read more"
15,N/A,"Rocket League x Spider-Man | October 16, 2024 | Anime & Comics | Sports | Halloween | Release Date: | 18/10/2024 | 10/18/2024 | Thought spiders were scary? It’s the Sinister Six you should be afraid of… The world of Marvel’s Spider-Man swings into Rocket League for this year’s Haunted Hallows! Not into vehicular villainy? Haunted Hallows also has heroic wares for all web-heads. ⁠ ⁠Complete Challenges to unlock Toppers, Decals, and other items based on some of Spider-Man’s greatest foes — including Venom, Mysterio, and the Green Goblin! ⁠ ⁠Spider-Sense tingling for more? There are extra treats in the Item Shop based on friendly neighborhood wall-crawlers from across the multiverse. | Content Integration | PC | Console | Read more"
15,N/A,"Battlegrounds Mobile India x Deepika Padukone | October 16, 2024 | Celebrity/Influencer | Battle Royale | Release Date: | 17/10/2024 | 10/17/2024 | Deepika, who was appointed as the brand ambassador of BGMI last month, will be making her debut in the game with two skins — DP Ice Queen Guardian Set and DP Techno Fairy Punk Set. Deepika-themed cosmetics — DP Glamour Gladiator Set, DP Starlight Ride (Buggy Skin), DP Firestorm Havoc (Gun Skin), DP Drift Parachute and DP Quantum Quake (Upgradable Gun) — have also been added to the game. BGMI will also feature an in-game event featuring Deepika’s character | Content Integration | Mobile | Read more"
15,N/A,"Minecraft x Dr. Seuss | October 16, 2024 | Books & Literature | Simulation | Release Date: | 15/10/2024 | 10/15/2024 | Dr. Seuss will be part of the Minecraft world. The Dr. Seuss DLC will let players join The Cat in the Hat on a nostalgic adventure where they’ll follow the Cat through a narrated puzzle, solve the escape-room mystery of The Lorax and journey through the wild maze that is “Oh, the Places You’ll Go!”. Players can match the madness with the free Dr. Seuss-themed Character Creator item: the Cat in the Hat bow tie. | Content Integration | Mobile | PC | Console | Read more"
15,N/A,"Easy Obby x Heroes of Goo Jit Zu | October 16, 2024 | Toys & Board Games | Adventure | Release Date: | 12/10/2024 | 10/12/2024 | The Heroes of Goo Jit Zu integration will allow players to complete a cross-game quest involving duels in “Weapon Fighting Simulator” and a branded obstacle course within “Easy Obby.” They will be able to: Earn Goo Jit Zu-inspired weapons to use for the quests and against enemies, meet and interact with their favorite Heroes, and unlock free Goo Jit Zu-themed reward items to take with them across any Roblox experience | Content Integration | Mobile | PC | Console | Read more"
15,N/A,"Weapon Fighting Simulator x Heroes of Goo Jit Zu | October 16, 2024 | Toys & Board Games | Fighting | Release Date: | 12/10/2024 | 10/12/2024 | The Heroes of Goo Jit Zu integration will allow players to complete a cross-game quest involving duels in “Weapon Fighting Simulator” and a branded obstacle course within “Easy Obby.” They will be able to: Earn Goo Jit Zu-inspired weapons to use for the quests and against enemies, meet and interact with their favorite Heroes, and unlock free Goo Jit Zu-themed reward items to take with them across any Roblox experience | Content Integration | Mobile | PC | Console | Read more"
15,N/A,"WWE 2K24 x Bray Wyatt | October 16, 2024 | Sport & Athletes | Sports | Release Date: | 16/10/2024 | 10/16/2024 | WWE 2K24 unveils a Bray Wyatt Edition for fans, complete with exclusive content and gameplay features. New 'Bray Wyatt Edition Pack' offers a never-before-seen version of ""The Fiend"" for players. Includes Bray Wyatt action figure, Fiend-themed belt, and Firefly Funhouse manager card. | Content Integration | PC | Console | Read more"
15,N/A,"Fortnite x Edward Scissorhands | October 15, 2024 | Film & Television | Battle Royale | Halloween | Release Date: | 15/10/2024 | 10/15/2024 | Unlock Edward Scissorhands in Fortnite during the 2024 Fortnitemares event. If you're wandering through the snowy peaks of Fortnite's Grand Glacier POI, you might spot a surprising guest: Edward Scissorhands, straight out of Tim Burton's iconic 1990 movie. He’s not just trimming hedges; Edward's here for some Fortnite dubs as part of the annual Fortnitemares Halloween event. Players are able to purchase the Edward Scissorhands Bundle. What’s Included in the bundle: Edward Scissorhands Outfit, T-Rex Topiary Back Bling, Ice Sculptor Emote, Scissor Hands Pickaxe, Edward Axe-Hands Guitar | Content Integration | Mobile | PC | Console | Read more"
15,N/A,"Nick Jr. Party Adventure | October 14, 2024 | Film & Television | Puzzle | Release Date: | 11/10/2024 | 10/11/2024 | Outright Games has launched “Nick Jr. Party Adventure.” The interactive puzzle-solving game features Nick Jr. characters Dora, Blue, Molly, Blaze and Santiago. Together, the characters head on a quest to gather party supplies and prepare for the Friendship Fiesta. Players can customize their characters’ outfits and accessories as they journey through worlds such as Dora’s Rainforest, the Monster Dome and Isla Encanto. They will solve puzzles and unlock collectibles, including Boot’s iconic red boots, Santiago’s swashbuckling pirate hat, a paw print necklace and more themed accessories. In solo mode or up to two-player local co-op, players can explore 72 levels across six themed worlds packed with interactive elements. Mischievous adversaries, like Swiper, Crusher and Bonnie Bones, add dynamic obstacles such as bounceable springys, interactive blocks, sliding waterfalls, road blockers and whirlpools. | Licensed Game | PC | Console | Read more"
15,N/A,"PUBG Mobile x Tekken 8 | October 12, 2024 | Video Games | Battle Royale | Release Date: | 12/10/2024 | 10/12/2024 | PUBG Mobile launches crossover with Tekken 8, offering popular characters and themed items. Players can unlock Jin Kazama, Kazuya Mishima, and Nina Williams through the collaboration. | Content Integration | Mobile | Read more"
15,N/A,"Fortnite x The Texas Chainsaw Massacre | October 12, 2024 | Film & Television | Battle Royale | Halloween | Release Date: | 12/10/2024 | 10/12/2024 | Leatherface from The Texas Chainsaw Massacre is crossing over with Fortnite as part of Fortnitemares 2024. Players will have the chance to play as Leatherface | Content Integration | Mobile | PC | Console | Read more"
15,N/A,"Transformers: Galactic Trials | October 11, 2024 | Film & Television | Racing | Release Date: | 11/10/2024 | 10/11/2024 | Roll out for an intense fusion of arcade racing and combat in the TRANSFORMERS Galactic Trials! Evil NEMESIS PRIME has stolen the Prime Relics, which bestow incredible powers on whoever possesses them. Now the AUTOBOTS and DECEPTICONS are in an explosive race to recover the relics – the future of Cybertron is in your hands! Choose your character from icons like BUMBLEBEE, MEGATRON, and OPTIMUS PRIME. Speed into action on battle- race circuits, drift and boost to charge up Energon, then unleash devastating special moves in battle. And use your experience to unlock new skills, characters, and skins. It’s the ultimate test of your favorite TRANSFORMERS’ abilities, which will decide the future of Cybertron! | Licensed Game | PC | Console | Read more"
15,N/A,"Stampede: Racing Royale x Dave the Diver | October 10, 2024 | Video Games | Racing | Release Date: | 10/10/2024 | 10/10/2024 | Stampede's first official in-game collaboration sees Dave swap his harpoon for some vroom-vroom, complete with nautical-themed kart, sushi wheels, and more goodies. | Content Integration | PC | Read more"
15,N/A,"Sky: Children of the Light x Moomin | October 10, 2024 | Books & Literature | RPG | Release Date: | 14/10/2024 | 10/14/2024 | A beloved collaboration comes to Sky with Season of Moomin, a magical universe that blends whimsical storytelling with themes of healing, friendship, and resilience. | Content Integration | Mobile | PC | Console | Read more"
15,N/A,"PUBG Mobile x Indian Motorcycle | October 10, 2024 | Cars & Automotive | Battle Royale | Release Date: | 12/9/2024 | 9/12/2024 | PUBG Mobile has also introduced a new lucky crate in the game named Rider Outpost to mark the celebration of the PUBG Mobile X Indian Motorcycle collab. With the crate, players have a chance to get the Indian 101 Scout in PUBG Mobile. The Indian Scout 101 is a legendary-level bike skin that can be obtained with UC. | Content Integration | Mobile | Read more"
15,N/A,"Seven Knights Idle Adventure x Delicious in Dungeon | October 10, 2024 | Anime & Comics | RPG | Release Date: | 10/10/2024 | 10/10/2024 | Four new Legendary heroes have been added, featuring the main characters from ‘Delicious in Dungeon’ including ‘Laios’ and ‘Marcille’ Various events including ‘Delicious in Dungeon Challenger Pass’ and ‘Delicious in Dungeon Special Check-in Event’ are now available, offering the collaboration heroes | Content Integration | Mobile | Read more"
15,N/A,"NFL Primetime Fantasy | October 9, 2024 | Sport & Athletes | Sports | Release Date: | 18/11/2024 | 11/18/2024 | Experience fantasy football like never before! Make real-time decisions during live NFL games to outsmart your competition. Collect NFL player cards to assemble the perfect roster. Earn rewards and rise through the leaderboards, either solo or with friends, during the playoffs! | Licensed Game | Mobile | Read more"
15,N/A,"Ratatata by BABYMETAL and Electric Callboy | October 9, 2024 | Bands & Musicians | Other | Release Date: | 9/10/2024 | 10/9/2024 | BABYMETAL and Electric Callboy, the two have teamed up for something totally out of left field, a free-to-play rhythm game. The Japanese metal icons and German rave-rockers have created an arcade-style game that lets you tap along to their 2024 collab ‘Ratatata’ while smashing through obstacles. Electric Callboy is on a quest for love, and it’s your job to help them destroy whatever’s in their way as they make their way to the dance floor to meet BABYMETAL. | Licensed Game | Mobile | PC | Read more"
15,N/A,"Fortnite x Saw | October 7, 2024 | Film & Television | Battle Royale | Halloween | Release Date: | 12/10/2024 | 10/12/2024 | Billy the Puppet from Saw, is coming to Fortnite. Fortnite players can even get a bundle, which offers many more cosmetics for a decent price. Here's what the Saw bundle offers: Billy Skin, Trap Television Back Bling, Spiralized Slicer Pickaxe, Billy's Tricycle Emote and Puppet's Choice Wrap. The Saw / Billy outfit and bundle will be available in the Fortnite Shop. There will also be a Jigsaw Challenge. Scattered across the Island are Billy the Puppets displayed on TV monitors waiting for passers-by. Approach a monitor and Jigsaw, the man behind the puppets, will challenge you to duel a player who accepts from another monitor. Both players in Jigsaw's Challenge will don a Billy-inspired bear mask — which happens to be explosive. If you or your squad don't eliminate your target in time, the mask will explode and you’ll be eliminated. If you or your squad does eliminate the target, you and your squad will be rewarded with a Boom Billy, the unvaulted Witch Broom, and other loot! | Content Integration | Mobile | PC | Console | Read more"
15,N/A,"Dragon Ball: Sparking! ZERO | October 7, 2024 | Anime & Comics | Fighting | Release Date: | 11/10/2024 | 10/11/2024 | Taking the legendary gameplay of the Budokai Tenkaichi series and raising it to whole new levels Unleash the fighting spirit within you and take the fight to arenas that crumble and react to your power as the battle rages on. Shake the earth. Break the heavens. Make yours the destructive power of the strongest fighters ever to appear in DRAGON BALL! | Licensed Game | PC | Console | Read more"
15,N/A,"Fortnite x Fast & Furious | October 5, 2024 | Film & Television | Battle Royale | Release Date: | 5/10/2024 | 10/5/2024 | Epic Games has launched an official crossover with the Fast and Furious franchise, bringing the iconic Nissan Skyline GTR-34 to Fortnite. The late Paul Walker's character Brian O'Connor famously drove this car first in 2 Fast 2 Furious. The Nissan Skyline GTR-34 is only available in a bundle costing you 2,500 V-Bucks via the Item Shop and Web Shop. In addition to having access to the car in Fortnite, you will unlock it in Rocket League. | Content Integration | Mobile | PC | Console | Read more"
15,N/A,"Fortnite x Shaquille O'Neal | October 4, 2024 | Sport & Athletes | Battle Royale | Release Date: | 4/10/2024 | 10/4/2024 | Super Shaq will be dropping in Fortnite, getting two distinct skins and a host of other cosmetics. The first of the skins is the Shaq (DJ Diesel) Outfit, which channels the look of his DJ Diesel alter ego. It’s available in two selectable styles, the regular version and the slick Festival Headliner variant. The skin can be further customized with a variety of accessory styles, including the ability to remove Shaq’s glasses or hat, and is also reactive. This means that it dynamically begins to light up as you rack up eliminations. The second is the Super Shaq skin. As the name would suggest, this sees Shaq adorned with a superhero-like outfit. It is available in seven different colors. Both of these skins also have detailed Lego Fortnite counterparts. Both skins are part of the new Shaquille O'Neal Set, which also contains the Ones N Twos and Shaq Shimmy emotes. There’s also the Shaq’s DJ Decks back bling, Super Shaq Shield back bling, Axe-Lifier pickaxe, and Shaq Attackers pickaxe. This is on top of the Shaqsleeves wrap, which applies a black and gold pattern to your chosen weapons. | Content Integration | Mobile | PC | Console | Read more"
15,N/A,January 2026
15,N/A,December 2025
15,N/A,Apr 2025
15,N/A,Mar 2025
15,N/A,April 2024
15,N/A,Mar 2024
15,N/A,Nov 2023
15,N/A,Oct 2023
16,N/A,"BrownDust2 x Shinobi Master Senran Kagura: New Link | October 4, 2024 | Video Games | RPG | Release Date: | 2/10/2024 | 10/2/2024 | The BrownDust2 x Senran Kagura crossover event begins with an exclusive new event pack which is set in a haunted Japanese shrine. The story features characters from both titles teaming up for a thrilling journey as they embark on a quest to reseal the Giant Yoma. In addition, you can also enjoy two seasonal events which offer even more themed content. Running until October 17th, Shinobi Road features a Field Quest where you’ll dodge shurikens and face off against the water-type Fiend Hunter boss, True Orochi. Following that, from October 17th to 31st, the Akatsuki event brings a new mini-game where you smash wooden dolls while taking on the fire-type True Orochi. | Content Integration | Mobile | Read more"
16,N/A,"Pixel Starships x Double Dragon | October 4, 2024 | Video Games | Strategy | Release Date: | 6/10/2024 | 10/6/2024 | Pixel Starships will host a crossover event with arcade classic beat 'em up Double Dragon. During the limited-time partnership, you can recruit characters from Double Dragon, including Billy and Jimmy Lee. They will join your team as elite-level crew members, each bringing abilities that draw inspiration from their signature moves. The collaboration also brings Double Dragon-themed missions for you to work through. It presents you with a series of challenges to overcome, with rewards on offer for those dedicated enough to complete them. And that's not all. You will also find ship skins, themed rooms and other items inspired by the beat 'em up to appropriately decorate your spacecraft to suit the occasion. | Content Integration | Mobile | PC | Read more"
16,N/A,"Modelverse by Heidi Klum | October 3, 2024 | Celebrity/Influencer | Simulation | Release Date: | 3/10/2024 | 10/3/2024 | Supermodel Heidi Klum announced the launch of Modelverse, a fashion experience on Roblox designed to revolutionize digital self-expression. This new platform lets users style their avatars and participate in virtual fashion events, including gatherings inspired by Klum’s iconic Halloween party and exclusive high-fashion shows. Avatars will compete on a virtual runway, with looks judged by Klum and members of the global Roblox community. | Licensed Game | Mobile | PC | Console | Read more"
16,N/A,"PUBG Mobile x Volkswagen | October 3, 2024 | Cars & Automotive | Battle Royale | Release Date: | 3/10/2024 | 10/3/2024 | PUBG MOBILE has announced a collaboration with Volkswagen, bringing two of its Beetle models to the “Battlegrounds” game. Available until Nov. 10, players can choose between two Volkswagen models, the VW Käfer 1200L and the VW New Beetle Convertible, each featuring its own unique design. The classic VW Käfer 1200L is offered in vibrant yellow or a playful creature’s design, while the contemporary VW New Beetle Convertible comes in striking pink or an adventurous monster theme. PUBG “Battlegrounds” players can explore their favorite gameplay experiences using these new in-game vehicles, immersing themselves in the distinctive character of Volkswagen. Throughout the licensing collaboration, special in-game events offer players the chance to obtain four exclusive vehicle attachments that players can use to customize their Beetles, including the playful balloon attachment and toy attachment for the VW Käfer 1200L (Creatures) and the edgy horns attachment and wind-up attachment for the VW New Beetle Convertible (Monster). | Content Integration | Mobile | Read more"
16,N/A,"KartRider Rush+ x Zanmang Loopy | October 2, 2024 | Anime & Comics | Racing | Release Date: | 2/10/2024 | 10/2/2024 | Nexon partners with Zanmang Loopy for limited-time KartRider Rush+ items and events. 45 exclusive items available, including Zanmang Loopy-themed karts, balloons, driftmoji, and decals. New item kart “ZMLP's Favorite Palanquin” with unique Nitro and Shield skills launching October 11. Earn Mic Shards in daily missions to trade for collaboration items until November 17. | Content Integration | Mobile | Read more"
16,N/A,"Mad Skills Rallycross x Nitrocross | October 2, 2024 | Sport & Athletes | Racing | Release Date: | 3/10/2024 | 10/3/2024 | As part of the partnership, Mad Skills Rallycross will feature in-game Nitrocross events every weekend, where players can compete on real-world tracks replicated from the actual Nitrocross series. The first in-game Nitrocross event will take place from October 3–7, and all players will be able to race it for free. At launch, Mad Skills Rallycross will feature a highly anticipated replica of the real-world Nitrocross track from the Salt Lake City round of the series. Future rounds of the 2024 season will also be recreated in-game, offering players the chance to experience the same challenges faced by the world’s top rallycross drivers. | Content Integration | Mobile | Read more"
16,N/A,"The Sandbox x Attack on Titan | September 30, 2024 | Anime & Comics | Action | Release Date: | 26/9/2024 | 9/26/2024 | The Sandbox has launched its first AdventureWorld LAND sale in the Defender District. This new digital amusement park within The Sandbox consists of three realms, with the Defender District being the inaugural area, designed to immerse players in the popular franchise Attack on Titan. The Defender District features a total of 234 LAND plots, which includes 213 Standard plots and 14 Premium plots, in addition to seven plots reserved for auction. Buyers of the Premium LANDs will receive exclusive Attack on Titan Creator Asset packs. These packs include Titan models and architectural designs from the Trost District, as well as limited-edition merchandise such as t-shirts inspired by the beloved manga series. LAND owners within the Defender District will also gain access to additional digital assets, including a unique t-shirt emblazoned with the neighborhood logo. | Content Integration | Mobile | PC | Read more"
16,N/A,"White Cat Project x A Certain Scientific Railgun | September 30, 2024 | Anime & Comics | RPG | Release Date: | 30/9/2024 | 9/30/2024 | White Cat Project has launched an in-game collaboration with A Certain Scientific Railgun. The announcement trailer showcases the newly added characters Mikoto Misaka, Kuroko Shirai, Accelerator, and Misaki Shokuhou. An in game event has also been added. | Content Integration | Mobile | Read more"
16,N/A,"Mobile Legends: Bang Bang x Ducati | September 30, 2024 | Cars & Automotive | Action | Release Date: | 5/10/2024 | 10/5/2024 | The highly anticipated Mobile Legends: Bang Bang x Ducati event is returning to the game with new exclusive skins. This time, MLBB x Ducati Event will feature a new collaboration skin in addition to the existing two collaboration skins. Leomord fans rejoice as you can buy Leomord’s new Diavel V4 Rider skin in the game. | Content Integration | Mobile | Read more"
16,N/A,"Bleach: Brave Souls x Thousand-Year Blood War - The Conflict | September 29, 2024 | Anime & Comics | Fighting | Release Date: | 30/9/2024 | 9/30/2024 | Bleach: Brave Souls is having a collaboration event with the Bleach: Thousand-Year Blood War - The Conflict. The arrival of this event will bring the Thousand-Year Blood War Zenith Summons: Refinement to Bleach: Brave Souls. You will be able to get your hands on the 2024 versions of fan-favourites like Byakuya Kuchiki, Rukia Kuchiki, and Renji Abarai. | Content Integration | Mobile | PC | Console | Read more"
16,N/A,"SpongeBob SquarePants™: The Patrick Star Game | September 29, 2024 | Film & Television | Action | Release Date: | 4/10/2024 | 10/4/2024 | Step into Patrick’s shorts and create hilarious, physics-based mayhem, as you make the open world of Bikini Bottom your playground! | Licensed Game | PC | Console | Read more"
16,N/A,"Money Heist: Ultimate Choice | September 27, 2024 | Film & Television | Simulation | Release Date: | 4/1/2024 | 1/4/2024 | For them, it's a job. For you, it's personal. The choice is yours: will you avenge your family, or choose to be a team player in this interactive crime story? Join the Professor's crew for one epic mission in this narrative fiction prequel game set in the ""Money Heist"" universe. Choose your character and experience a whirlwind crime drama, love story or both — see where your choices lead you. | Licensed Game | Mobile | Read more"
16,N/A,"Fortnite x The Incredibles | September 27, 2024 | Film & Television | Battle Royale | Release Date: | 27/9/2024 | 9/27/2024 | Fortnite adds characters from The Incredibles, including Mr. and Mrs. Incredible and Frozone, to the game tonight. | Content Integration | Mobile | PC | Console | Read more"
16,N/A,"World of Warships x Teenage Mutant Ninja Turtles | September 27, 2024 | Film & Television | Shooting | Release Date: | 25/9/2024 | 9/25/2024 | Players can obtain skins for the two Tier X ships, the Napoli and the Schlieffen. The Napoli’s new look will reflect the Turtle Lair whereas the Schlieffen will reflect the Foot clan. There will also be camouflages available that represent both sides. The four turtles and their foes can also be recruited as commanders with sextet representing Italy, USA, Europe, Pan-America, Japan and Germany. | Content Integration | Mobile | PC | Console | Read more"
16,N/A,"Fairy Tail 2 | September 27, 2024 | Anime & Comics | RPG | Release Date: | 11/12/2024 | 12/11/2024 | Experience the magic battle fantasy series FAIRY TAIL and its climactic finale, the ""Alvarez Empire Arc"" in this RPG! This game will feature full appearances by Spriggan 12 and Zeref, spectacular magical battles fought by Natsu and his friends, and a completely original storyline! | Licensed Game | PC | Console | Read more"
16,N/A,"G.I. Joe: Wrath of Cobra | September 26, 2024 | Film & Television | Action | Release Date: | 26/9/2024 | 9/26/2024 | Cobra rears its ugly head yet again and it's up to G.I. JOE to save the world! Embracing the 1980s era of the iconic universe, Wrath of Cobra is a retro side-scrolling beat 'em up. Play as one of the legendary G.I. JOE characters, including Duke, Scarlett, Roadblock, Snake Eyes, and more. Defeat hordes of Cobra troopers, Vipers, Crimson Guards and more of Cobra’s malevolent machinations. Bring Cobra down, striking back at the likes of Destro, Serpentor, Baroness, and Cobra Commander himself! Fight your own way: Rely on your fists and get up close and personal using each character's unique combos and special moves or keep your foes at a distance with a variety of weapons! | Licensed Game | PC | Console | Read more"
16,N/A,"The Office World | September 26, 2024 | Film & Television | Simulation | Release Date: | 10/10/2024 | 10/10/2024 | As you move into the office and choose your own desk, you'll be able to customize it by purchasing office supplies, toys, and trinkets. You can buy these from a vending machine by paying with Schrute Bucks, which is a nod to Dwight's motivation currency in the show. You'll find themed minigames you can kill time with, that were inspired by famous scenes of the show, such as Kevin's Chili, and so many references scattered around the office, such as a stapler trapped in Jell-O. | Licensed Game | VR | Read more"
16,N/A,"Overwatch 2 x My Hero Academia | September 26, 2024 | Anime & Comics | Shooting | Release Date: | 17/10/2024 | 10/17/2024 | Step into the roles of your favorite anime heroes or villains with exclusive legendary skins that bring the action of My Hero Academia to life in the Overwatch universe. This limited-time collaboration boasts the best of both worlds - on the hero team there’s Tracer as the determined Deku, Juno as the joyful Uravity, and Reinhardt as the symbol of peace, All Might. These heroes prepare to face off against Kiriko as the cunning Himiko Toga, chasing down that which she loves, and Reaper as the leader of the League of Villains, Tomura Shigaraki. Each skin is designed to capture the essence of these beloved characters, giving you the chance to dominate the battlefield with their unique style and flair. | Content Integration | PC | Console | Read more"
16,N/A,"Mahjong Soul x Sanrio Characters | September 25, 2024 | Anime & Comics | Strategy | Release Date: | 25/9/2024 | 9/25/2024 | Mahjong Soul players will be treated to four cute collaboration outfits and limited-time collaborative decorations! | Content Integration | Mobile | PC | Read more"
16,N/A,"Minecraft x Transformers | September 24, 2024 | Toys & Board Games | Simulation | Release Date: | 24/9/2024 | 9/24/2024 | There is more than meets the eye in this epic Transformers Adventure Map! Play as fan-favorite Autobots like Optimus Prime and Bumblebee as you work to stop familiar foes like Megatron and Starscream. Take your battles to the next level with a variety of blocky blasters and hop into co-op multiplayer to take on the fight for freedom with friends. Autobots, roll out! | Content Integration | Mobile | PC | Console | Read more"
16,N/A,"Lego Horizon Adventures | September 24, 2024 | Toys & Board Games | Adventure | Release Date: | 14/11/2024 | 11/14/2024 | Join machine hunter Aloy as she leads a colourful crew of heroes through the lush wilderness on a quest to save the world and learn the secrets of her past. Dive into boundless adventure, customize to your heart’s content, and take on action-packed battles solo or with friends. | Licensed Game | PC | Console | Read more"
16,N/A,"Wizard101 x Dungeon Defenders 2 | September 23, 2024 | Video Games | RPG | Release Date: | 24/9/2024 | 9/24/2024 | It's a bird! It's a plane! It's... a pig? That's right, Etheria is embracing the magic with the introduction of Piggles! Three Piggle variants will join Dungeon Defenders 2 as premium pet companions; the Baby Piggle, Piggle, and Ravenwood Piggle, Additionally, the Dragon Fruit—a Wizard City delicacy—will appear rarely in pet food boxes for the duration of this event. | Content Integration | PC | Console | Read more"
16,N/A,"Airplane Chefs x Pringles | September 23, 2024 | Consumer Brands | Simulation | Release Date: | 23/9/2024 | 9/23/2024 | Imagine entering your flight and finding that your favourite snack is already available onboard. That’s right, Nordcurrent has just announced that the iconic brand Pringles is coming to Airplane Chefs, bringing passengers their beloved crisps while they’re soaring high up in the skies. You’re quickly going to become everyone’s favourite flight attendant with those Pringles in your hand. Unlike other branded integrations that offer in-game challenges or rewards, Pringles won’t come with specific tasks. Instead, you’ll spot the famous cans in the kitchen and passenger snack orders, adding a realistic touch to the chaos of serving virtual passengers. | Content Integration | Mobile | Read more"
16,N/A,"Puzzle & Dragons x Code Geass | September 23, 2024 | Anime & Comics | Puzzle | Release Date: | 23/9/2024 | 9/23/2024 | GungHo Online Entertainment has announced an exciting new collaboration event within Puzzle & Dragons, letting you welcome the popular anime series Code Geass to the fray. In particular, the match-3 RPG will add Warlock and Witch, Lelouch & C.C., Order of the Black Knights, Zero, Nunnally vi Britannia and more in the summons pool. In the latest update to Puzzle & Dragons, you can pull from the 7 Magic Stones! Code Geass Egg Machine for the aforementioned characters, then put your roster to the test in the Code Geass-themed dungeons (there are seven types in total). Code Geass: Lelouch of the Rebellion-Novice and Code Geass: Lelouch of the Rebellion-Expert, in particular, will reward you with Code Geass Collab Medals, ten of which you can exchange for Shirley Fenette. | Content Integration | Mobile | Read more"
16,N/A,"Funko Fusion x Shaun of the Dead | September 22, 2024 | Film & Television | Action | Release Date: | 13/9/2024 | 9/13/2024 | There are tons of secret Cameo Levels for players to discover in Funko Fusion, including one based on the popular zombie comedy film, Shaun of the Dead. | Content Integration | PC | Console | Read more"
16,N/A,January 2026
16,N/A,December 2025
16,N/A,Apr 2025
16,N/A,Mar 2025
16,N/A,April 2024
16,N/A,Mar 2024
16,N/A,Nov 2023
16,N/A,Oct 2023
17,N/A,"Battlegrounds Mobile India x Alan Walker | September 20, 2024 | Bands & Musicians | Battle Royale | Release Date: | 20/9/2024 | 9/20/2024 | BGMI partners with Alan Walker, featuring his icon track 'Hero' and exclusive in-game events for players. | Content Integration | Mobile | Read more"
17,N/A,"Funko Fusion x Jaws | September 20, 2024 | Film & Television | Action | Release Date: | 13/9/2024 | 9/13/2024 | The Jaws universe appears in Funko Fusion. | Content Integration | PC | Console | Read more"
17,N/A,"Matchbox™ Driving Adventures | September 20, 2024 | Toys & Board Games | Racing | Release Date: | 20/9/2024 | 9/20/2024 | Gear up and join the Chief of the Matchbox Adventure Squad in Matchbox™ Driving Adventures. Jump into an authentic Matchbox™ vehicle and drive through six dynamic locations. Race against the clock, chase runaway cars, and tackle exciting rescue missions. Cruise in Adventure Mode or choose from 14 tracks in Competition Mode for a spot on the leaderboard playing solo or in local co-op. The choice is yours. Earn medals as you unlock 10 customizable vehicles to add to your collection. It's time to get behind the wheel of iconic Matchbox™ cars and trucks | Licensed Game | PC | Console | Read more"
17,N/A,"Sticky Business x Among Us | September 19, 2024 | Video Games | Simulation | Release Date: | 26/9/2024 | 9/26/2024 | Sticky Business is having a crossover with Among Us. This will bring 60 unique stickers and 270 color variants. Customize Crewmates, hats, and iconic items like the emergency button in your sticker creations. Relax with a pastel palette and soothing soundtrack while designing and sharing your stickers. Earn revenue to upgrade your shop and expand your sticker collection with new graphics and effects. | Content Integration | PC | Console | Read more"
17,N/A,"Fortnite x Ghost Rider | September 19, 2024 | Anime & Comics | Battle Royale | Release Date: | 18/9/2024 | 9/18/2024 | In a season already jam-packed with Marvel goodness, Epic Games has added the classic comic book character Ghost Rider to Fortnite, albeit in an incredibly wacky way fitting for the popular cartoon-inspired free-to-play shooter. This exciting new Fortnite skin is one of many Marvel collaborations in the game's new season | Content Integration | Mobile | PC | Console | Read more"
17,N/A,"Monopoly Go! x Marvel | September 19, 2024 | Anime & Comics | Strategy | Release Date: | 26/9/2024 | 9/26/2024 | Monopoly Go! is crossing over with the Marvel universe for an in-game event that will bring Spider-Man, Wolverine, Deadpool, the Avengers and more iconic super hero characters into the mobile game. During the event, Tycoons and Super Hero fans alike will immerse themselves in a thrilling series of events inspired by Marvel, reimagined with the endless charm and imagination of ‘Monopoly Go!’.” | Content Integration | Mobile | Read more"
17,N/A,"PowerWash Simulator x Shrek | September 19, 2024 | Film & Television | Simulation | Release Date: | 10/10/2024 | 10/10/2024 | Get to work cleaning up five fairy tale maps inspired by DreamWorks Animation’s Shrek.An all-star cast of beloved characters invites you to reinstate Duloc back to the seemingly pristine place it’s known to be, breathe life into Dragon’s Lair and restore Shrek’s Swamp to, well, just the right amount of muck! The “Shrek Special Pack” features a custom knight character model armed with a sword-themed power washer that lets you go forth and conquer grime! | Content Integration | PC | Console | Read more"
17,N/A,"Funko Fusion x Mega Man | September 19, 2024 | Video Games | Action | Release Date: | 13/9/2024 | 9/13/2024 | Mega Man is one of the unlockable characters in Funko Fusion. He wields the iconic Mega Buster, allowing him to fight from a fair range without power-ups. Like most characters, he can also use items, allowing for various playstyles, depending on the situation | Content Integration | PC | Console | Read more"
17,N/A,"Rugrats: Adventures in Gameland | September 18, 2024 | Film & Television | Adventure | Release Date: | 10/9/2024 | 9/10/2024 | When Tommy, Chuckie, Phil and Lil see a commercial for the new Reptar video game, they pretend that they're in a video game of their own! Toggle between beautiful 8-bit and HD art, select your favorite baby and play solo or co-op in Rugrats: Adventures in Gameland, a neo-retro platformer. | Licensed Game | PC | Console | Read more"
17,N/A,"Call of Duty: Modern Warfare 3 x The Walking Dead | September 18, 2024 | Film & Television | Shooting | Halloween | Release Date: | 19/9/2024 | 9/19/2024 | Step into the shoes of a legendary crossbow-wielding survivor as Daryl Dixon makes his way to Modern Warfare 3 and Warzone. Daryl is set to join the ranks of playable characters in the game. He arrives fully outfitted in his signature look from The Walking Dead, complete with survivalist gear and the familiar crossbow strapped to his back. In addition to his operator skin, the rest of the tracer pack delivers an immersive Walking Dead experience, offering exclusive items that perfectly capture the essence of the post-apocalyptic world. | Content Integration | PC | Console | Read more"
17,N/A,"Super Monkey Ball Banana Rumble x Dole | September 18, 2024 | Consumer Brands | Action | Release Date: | 18/9/2024 | 9/18/2024 | In this collaboration between Super Monkey Ball Banana Rumble and Dole, players can pick up Dole bananas and roll across special stage variations. Apparently there are also limited-edition style items to track down as well. Specifically, the new items include a Dole T-Shirt and a Cap, both of which are available by participating in Online Battles. | Content Integration | Console | Read more"
17,N/A,"Indiana Jones and the Great Circle | September 17, 2024 | Film & Television | Action | Release Date: | 9/12/2024 | 12/9/2024 | Uncover one of history’s greatest mysteries in a first-person, single-player adventure. The year is 1937, sinister forces are scouring the globe for the secret to an ancient power connected to the Great Circle, and only one person can stop them - Indiana Jones™. | Licensed Game | PC | Console | Read more"
17,N/A,"Call of Duty: Modern Warfare 3 x Smile 2 | September 17, 2024 | Film & Television | Shooting | Halloween | Release Date: | 19/9/2024 | 9/19/2024 | Inspired by the movie Smile 2, spread fear as “Possessed Makarov” or “Possessed Valeria,” and their huge grins unnerving enemies once they realize the trouble they’re in. Take the “Sinister Smirk” SOA Subverter Battle Rifle and the “Eerie Affliction” Static-HV SMG Weapon Blueprints into battle, both featuring Sadistic Smile Tracers and “Fatal Blow” Death Effect. Share the smile far and wide with the “It Will Never Let Go” Large Decal, “Smile 2” Weapon Sticker, and the “Smile 2” Loading Screen. | Content Integration | PC | Console | Read more"
17,N/A,"Overwatch 2 x World of Warcraft | September 17, 2024 | Toys & Board Games | Shooting | Release Date: | 17/9/2024 | 9/17/2024 | During the Overwatch 2 x World of Warcraft crossover event, a series of Hero Skins for Widowmaker, Torbjorn, Reinhardt, and Zenyatta will be available for players to acquire, as well as emotes and highlight intros for that perfect play of the game. | Content Integration | PC | Console | Read more"
17,N/A,"Squad Busters x Transformers | September 16, 2024 | Toys & Board Games | Party | Release Date: | 16/9/2024 | 9/16/2024 | Supercell teams up with Hasbro, a leading toy and game company, to bring the world of TRANSFORMERS to Squad Busters Flexing their robotic muscles, Optimus Prime and Elita-1 join the action as playable characters and the first squad members to be introduced from outside of Supercell games | Content Integration | Mobile | Read more"
17,N/A,"SpongeBob: Bubble Pop F.U.N. | September 16, 2024 | Film & Television | Puzzle | Release Date: | 16/9/2024 | 9/16/2024 | Blast away all the bubbles causing trouble in Bikini Bottom! In this bubble pop puzzle game, you'll unleash SpongeBob's bubble-popping, puzzle-solving powers with a closet full of costumes. Join SpongeBob to solve colorful bubble puzzles in the most absorbent and porous bubble shooter under the sea. The Flying Dutchman has blown bubbles all over Bikini Bottom, and it's up to SpongeBob to blast them away! Revisit memorable places, faces and moments from the classic Nickelodeon cartoon ""SpongeBob SquarePants"" in this quirky, colorful bubble pop puzzle game. | Licensed Game | Mobile | Read more"
17,N/A,"Funko Fusion x Jurassic World | September 16, 2024 | Film & Television | Action | Release Date: | 13/9/2024 | 9/13/2024 | he Jurassic World universe appears in Funko Fusion, with Owen Grady, Claire Dearing and Maisie Lockwood being playable characters. | Content Integration | PC | Console | Read more"
17,N/A,"Call of Duty: Modern Warfare 3 x Trick 'r Treat | September 15, 2024 | Film & Television | Shooting | Halloween | Release Date: | 19/9/2024 | 9/19/2024 | Tick 'r Treat's Sam is joining Call of Duty: Modern Warfare 3 as an operator bundle, alongside a fun Trick 'r Treat Halloween Mask pack. This collab also includes an event called Trick 'r Treat: Candy Hunt, an opportunity for players to earn all kinds of rewards. | Content Integration | PC | Console | Read more"
17,N/A,"Brawlhalla x Mega Man | September 15, 2024 | Video Games | Fighting | Release Date: | 25/9/2024 | 9/25/2024 | Mega Man is crossing over with Brawlhalla! Along with Beat and Rush, he'll be part of the game | Content Integration | Mobile | PC | Console | Read more"
17,N/A,"RetroRealms: Halloween | September 14, 2024 | Film & Television | Horror | Release Date: | 18/10/2024 | 10/18/2024 | Step into the RetroRealms, a 16-bit Pixel Art world, and take control of classic horror icon Michael Myers! Fight your way across multiple levels of platformer action filled with sights and sounds inspired by the original Halloween film. Slice your way through Haddonfield, face-off in epic Boss battles against familiar faces from the movie, and overcome blood-soaked challenges in this intense retro throwback to classic arcade action! | Licensed Game | PC | Console | Read more"
17,N/A,"RetroRealms: Ash vs. Evil Dead | September 14, 2024 | Film & Television | Horror | Release Date: | 18/10/2024 | 10/18/2024 | Step into the shoes of Ash Williams from the Starz television series Ash vs Evil Dead in a horrifying new Pixel Art platformer! Wielding both his trusty chainsaw and 12-guage shotgun, play as Ash and battle Deadite hordes across multiple levels of 16-bit gameplay filled with enemies from the Ash vs Evil Dead series. Journey into the Dark Realm to overcome additional challenges and save humanity from the Necronomicon in this groovy throwback to classic arcade action. | Licensed Game | PC | Console | Read more"
17,N/A,"Teenage Mutant Ninja Turtles: Mutants Unleashed | September 13, 2024 | Film & Television | Fighting | Release Date: | 18/10/2024 | 10/18/2024 | Welcome to the streets of New York City, where the best pizza and human-mutant chaos reigns. It's up to the Turtle brothers to restore the peace in Teenage Mutant Ninja Turtles: Mutants Unleashed! New mutants (or as the Turtles coined them, Mewbies) have been doing well to be accepted by the citizens. But that all changed when some mutants began wreaking havoc. From the sewer to the skyscrapers, no corner is safe from the mess oozing through the city. It's got TCRI corporation written all over it. Now, it is up to the fearless four to unleash their unique ninja skills and stop the madness before the human-mutant relationship they worked for goes down the drain. Use that adrenaline pumping through your veins to save the city, and enlist the help of April and Splinter. Whether you are a seasoned ninjutsu master or a ninja in training, you can get through this new action-packed brawler game playing solo or in local co-op mode. Set in the Mutant Mayhem universe, it's filled with action, humour, and nostalgia. | Licensed Game | PC | Console | Read more"
17,N/A,"Care Bears Caring Quest | September 13, 2024 | Film & Television | Adventure | Release Date: | 13/9/2024 | 9/13/2024 | Explore Care-A-Lot, rescue Care Bears, and unlock all your favorite buddies! | Licensed Game | Mobile | PC | Console | Read more"
17,N/A,"Rent-A-Girlfriend: The Horizon and the Girl in the Swimsuit | September 13, 2024 | Anime & Comics | Adventure | Release Date: | 28/11/2024 | 11/28/2024 | Become Kazuya Kinoshita, a worthless college student at a Tokyo university, and live the part-time job lifestyle on Enoshima with charming heroines Chizuru Mizuhara, Ruka Sarashina, Sumi Sakurasawa, and Mini Yaemori in this game-original story. Additionally, by viewing all endings, you will be able to witness Mami Nanami’s story. | Licensed Game | Console | Read more"
17,N/A,"Funko Fusion x The Walking Dead | September 13, 2024 | Film & Television | Action | Release Date: | 13/9/2024 | 9/13/2024 | Rick Grimes and Michonne appear as playable characters | Content Integration | PC | Console | Read more"
17,N/A,January 2026
17,N/A,December 2025
17,N/A,Apr 2025
17,N/A,Mar 2025
17,N/A,April 2024
17,N/A,Mar 2024
17,N/A,Nov 2023
17,N/A,Oct 2023
18,N/A,"Funko Fusion x Team Fortress 2 | September 13, 2024 | Video Games | Action | Release Date: | 13/9/2024 | 9/13/2024 | This surprising crossover will see some of the iconic in-game classes of Team Fortress 2 be playable in Funko Fusion | Content Integration | PC | Console | Read more"
18,N/A,"Call of Duty: Modern Warfare 3 x Terrifier | September 12, 2024 | Film & Television | Shooting | Halloween | Release Date: | 19/9/2024 | 9/19/2024 | Art the Clown from the Terrifier franchise is making their debut in Call of Duty. As Art the Clown arrives to Call of Duty as part of a collaboration, players have to purchase the Tracer Pack: Terrifier bundle from the in-game store when it arrives. As a store bundle, this means that players won't have to complete any kind of challenges to add the smiling clown to their collection of Operators. | Content Integration | PC | Console | Read more"
18,N/A,"World of Tanks Blitz x hololive production | September 11, 2024 | Corporate Brands | Shooting | Release Date: | 13/9/2024 | 9/13/2024 | World of Tanks Blitz has announced a collaboration with hololive production. The special event “hololive BLITZ fes.” will be held in the game! Collaboration limited avatars, themed camos, collectibles, hololive production themed garage gear decoration, and a legendary camo for the AMX 20 Foch (55) will be available. Complete the in-game missions to get special rewards! | Content Integration | Mobile | Read more"
18,N/A,"Guns of Glory: Lost Island x Van Helsing | September 11, 2024 | Film & Television | Strategy | Release Date: | 11/9/2024 | 9/11/2024 | Celebrate the 7th anniversary of Guns of Glory: Lost Island with an exciting Van Helsing crossover event. Experience themed events, new cityscapes, and exclusive Guards inspired by the legendary vampire hunter. Participate in events like Demon Hunter Mystery, Holy Ballista construction, and Vampire Invasion defense. Unlock Van Helsing-themed content from now until September 22 and dive into the dark fantasy universe. | Content Integration | Mobile | Read more"
18,N/A,"Reynatis x NEO: The World Ends With You | September 11, 2024 | Video Games | RPG | Release Date: | 27/9/2024 | 9/27/2024 | In this crossover with NEO: The World Ends With You, players will be able to experience a new story featuring Shoka Sakurane and others. Characters, locations, and enemies from the game will be included | Content Integration | PC | Console | Read more"
18,N/A,"Call of Duty: Modern Warfare 3 x Halloween | September 11, 2024 | Film & Television | Shooting | Halloween | Release Date: | 19/9/2024 | 9/19/2024 | The popular event The Haunting is back just in time for autumn and Halloween in Call of Duty, which was confirmed with a new trailer that also announced Season 6 of MW3 and Warzone. Among other things, a very familiar face appears as a playable character in the form of Michael Myers. The knife-wielding psychopath has appeared before in Call of Duty: Ghosts and could be obtained as a reward for completing a challenge in the DLC The Fog. | Content Integration | PC | Console | Read more"
18,N/A,"Seven Knights Idle Adventure x Persona 3 Reload | September 11, 2024 | Video Games | RPG | Release Date: | 9/9/2024 | 9/9/2024 | In this crossover, the Persona 3 Reload protagonist, Yukari, Aigis, and Mitsuru, have joined Seven Knights Idle Adventure | Content Integration | Mobile | Read more"
18,N/A,"Vampire: The Masquerade - Reckoning of New York | September 10, 2024 | Toys & Board Games | RPG | Release Date: | 10/9/2024 | 9/10/2024 | Vampire: The Masquerade - Reckoning of New York is a narrative game set in the World of Darkness Universe. Play as one of the members of the Vampire Clans in a shifting political landscape between the Camarilla and the Anarchs while trying your best to survive. | Licensed Game | PC | Console | Read more"
18,N/A,"Funko Fusion x KFC | September 9, 2024 | Consumer Brands | Action | Release Date: | 13/9/2024 | 9/13/2024 | KFC's Colonel Sanders joins Funko Fusion as a playable character | Content Integration | PC | Console | Read more"
18,N/A,"Among Us x Ace Attorney | September 9, 2024 | Video Games | Strategy | Release Date: | 9/10/2024 | 10/9/2024 | Among Us has teamed up with Ace Attorney Investigations Collection to bring Miles Edgeworth to the game. | Content Integration | Mobile | PC | Console | Read more"
18,N/A,"Fortress Saga x Sonic the Hedgehog | September 9, 2024 | Video Games | RPG | Release Date: | 9/9/2024 | 9/9/2024 | In the Fortress Saga collaboration with Sonic, players will have access to exclusive skins and various rewards available only during the collaboration period. Limited-time gachas and special packages are also available | Content Integration | Mobile | Read more"
18,N/A,"Venue x The Chainsmokers | September 9, 2024 | Bands & Musicians | Design | Release Date: | 12/9/2024 | 9/12/2024 | Venue is having a special collab with The Chainsmokers beginning September 12th. You'll need to prove your worth by renovating their Hollywood mansion, their studio, and their loft in Manhattan. | Content Integration | Mobile | Read more"
18,N/A,"Astro Bot x God of War | September 7, 2024 | Video Games | Action | Release Date: | 6/9/2024 | 9/6/2024 | Astro Bot has a special level based on God of War, and the crossover also includes God of War playable characters. Kratos and Atreus are the only God of War characters in Astro Bot who are not found in the level based on the game. Instead, finding them is what opens the level and gains access to all the other bots. | Content Integration | Console | Read more"
18,N/A,"Mobile Legends: Bang Bang x Star Wars | September 7, 2024 | Film & Television | Action | Release Date: | 7/9/2024 | 9/7/2024 | This crossover offers Master Yoda, Darth Vader, First Order Jet Trooper, and Obi-Wan Kenobi as unlockable skins for Cyclops, Argus, Kimmy, and Alucard, respectively. These crossover skins perfectly fit these Mobile Legends heroes: from Cyclops embodying the mastery of mystical power that is Master Yoda, Argus with his dark and menacing presence like Darth Vader, Kimmy using the advanced tech of a First Order Jet Trooper featuring a futuristic laser blaster, and to Alucard, reflecting Obi-Wan Kenobi’s skilled and noble combat prowess. The Star Wars character inspired event was first launched in the game back on May 4, 2021. | Content Integration | Mobile | Read more"
18,N/A,"Cat Fantasy x Nekopara | September 5, 2024 | Anime & Comics | RPG | Release Date: | 5/9/2024 | 9/5/2024 | In the Cat Fantasy x Nekopara collab, Chocola, Vanilla, and Cacao join in game! | Content Integration | Mobile | Read more"
18,N/A,"Drive World x Transformers One | September 5, 2024 | Film & Television | Racing | Release Date: | 30/8/2024 | 8/30/2024 | Drive World has collaborated with Transformers One to release new vehicles, a brand new map, and various accessories | Content Integration | Mobile | PC | Console | Read more"
18,N/A,"The Smurfs – Dreams | September 4, 2024 | Film & Television | Adventure | Release Date: | 24/10/2024 | 10/24/2024 | The fate of the Smurf Village rests in your dreams: dive into a fantastic journey to save it in this fully immersive and magical 3D platformer! | Licensed Game | PC | Console | Read more"
18,N/A,"Phantasy Star Online 2: New Genesis x Kaiju No. 8 | September 3, 2024 | Anime & Comics | RPG | Release Date: | 18/9/2024 | 9/18/2024 | Phantasy Star Online 2: New Genesis players can look forward to avatars from the manga/anime series Kaiju No. 8 | Content Integration | PC | Console | Read more"
18,N/A,"Fall Guys x Spider-Man | September 2, 2024 | Anime & Comics | Party | Release Date: | 3/9/2024 | 9/3/2024 | This collab brings the iconic Spider-Man universe into the mix. Players can jump into the wacky world of Fall Guys with a brand-new set of superhero skins featuring Spider-Man, Spider-Man (Miles Morales), and Spider-Gwen. | Content Integration | Mobile | PC | Console | Read more"
18,N/A,"Doomsday: Last Survivors x Metal Slug 3 | September 2, 2024 | Video Games | RPG | Release Date: | 6/9/2024 | 9/6/2024 | The Doomsday: Last Survivors crossover with Metal Slug 3, features a brand new hero, and a ton of themed rewards and events. The event, known as ‘Puzzle Event’, sees you draw puzzle pieces gacha-style, and use them to try and complete a jigsaw to earn rewards. Aside from the brand new hero, you can also earn new vehicle, squad skin, armament set, shelter skin, and many more. It’s Metal Slug 3 cosmetics heaven. Additionally, ‘Metal Trial,’ challenges you to complete stages using preset heroes with unique strengths. | Content Integration | Mobile | PC | Read more"
18,N/A,"Honor of Kings x Datuk Wira Lee Chong Wei | August 30, 2024 | Sport & Athletes | Fighting | Release Date: | 30/8/2024 | 8/30/2024 | Honor of Kings has introduced the first-ever national athlete skin, featuring former professional badminton player, Datuk Wira Lee Chong Wei. The character reskin, now available following an update, is modelled after Datuk Lee's likeness and is used for the game character Han Xin. Players can obtain the exclusive skin for free by participating in various in-game challenges | Content Integration | Mobile | PC | Read more"
18,N/A,"Warhammer 40,000: Space Marine 2 | August 29, 2024 | Toys & Board Games | Action | Release Date: | 9/9/2024 | 9/9/2024 | Warhammer 40,000: Space Marine 2 promises an immersive and action-packed experience where players go head to head against the Tyranid Swarms in battles of galactic proportions. Prepare for the satisfyingly brutal, most epic battle of 2024 and continue the story of legendary Space Marine Lieutenant Titus, voiced by Vikings and Taken star Clive Standen. Drive back the everlasting night solo or in up to 3-player co-op in Warhammer 40,000: Space Marine 2’s epic new campaign. Unleash the Ultramarines’ deadly arsenal and embody the unwavering brutality of the Emperor’s greatest warriors to protect Humanity from the untold horrors of the galaxy, including the dark forces of Chaos! | Licensed Game | PC | Console | Read more"
18,N/A,"Overwatch 2 x LE SSERAFIM | August 27, 2024 | Bands & Musicians | Shooting | Release Date: | 27/8/2024 | 8/27/2024 | Overwatch 2 has brought back the skins of the group LE SSERAFIM, which are now available in the in-game shop. For a limited time, players can get the cosmetics from Overwatch 2's popular collaboration with the K-pop quintet, along with other cosmetic items. | Content Integration | PC | Console | Read more"
18,N/A,"Balatro x The Witcher 3: Wild Hunt | August 27, 2024 | Video Games | Strategy | Release Date: | 27/8/2024 | 8/27/2024 | ""The collab between Balatro and The Witcher 3, brings a new set of face cards. The Witcher 3 will, for example, feature Geralt of Rivia as the King, and the Among Us deck will feature a range of crew mates as the Jack and Queen cards, with an impostor as the King. "" | Content Integration | PC | Console | Read more"
18,N/A,"Goddess of Victory: Nikke x Evangelion | August 26, 2024 | Anime & Comics | Shooting | Release Date: | 22/8/2024 | 8/22/2024 | The collaboration between Goddess of Victory: NIKKE and Neon Genesis Evangelion is an exciting crossover event that merges NIKKE and the iconic anime Evangelion. In this event, characters from Evangelion, including Asuka, Mari, Rei, and Misato are introduced to the NIKKE universe | Content Integration | Mobile | PC | Read more"
18,N/A,January 2026
18,N/A,December 2025
18,N/A,Apr 2025
18,N/A,Mar 2025
18,N/A,April 2024
18,N/A,Mar 2024
18,N/A,Nov 2023
18,N/A,Oct 2023
19,N/A,"Fairy Tail: Dungeons | August 26, 2024 | Anime & Comics | RPG | Release Date: | 26/8/2024 | 8/26/2024 | Fairy Tail: Dungeons is a deck-building rogue-lite featuring characters from the Fairy Tail series. Collect Magic Cards based on moves from the series to build your own unique deck and take down powerful monsters as you head for the dungeon depths! | Licensed Game | PC | ReadÂ more"
19,N/A,"Brawl Stars x SpongeBob SquarePants | August 24, 2024 | Film & Television | Shooting | Release Date: | 5/9/2024 | 9/5/2024 | Brawl Starsis collaborating with Spongebob Squarepants. This includes tons of new SpongeBob skins such as: Squidward Mortis, SpongeBob El Primo, Patrick Buzz, Sandy Jessie, Mr. Krabs Tick and Plankton Darryl. There will also be a SpongeBob Krusty Kash Event. Players will also get new SpongeBob themed power-ups through the event | Content Integration | Mobile | ReadÂ more"
19,N/A,"The Sandbox x Jab We Met | August 22, 2024 | Film & Television | Action | Release Date: | 22/8/2024 | 8/22/2024 | Shemaroo Entertainment, announced their partnership with Sandbox-BharatBox, to launch their first digital collectible of the character âGeetâ from the movie âJab We Metâ. The initiative will host renowned IPs, and multiple digital collectibles based on Shemaroo Entertainmentâs movies and characters including immersive games on The Sandbox-BharatBox metaverse platform. This innovative offering of âGeetâsâ digital collectible, will bring the beloved Bollywood film âJab We Metâ to life in a digital realm. Fans will now have the opportunity to interact with iconic characters through a range of digital collectibles and engaging games | Content Integration | Mobile | PC | ReadÂ more"
19,N/A,"Call of Duty: Modern Warfare 3 x The Crow | August 22, 2024 | Film & Television | Shooting | Release Date: | 22/8/2024 | 8/22/2024 | The crossover between The Crow and Call of Duty is now live as part of Modern Warfare 3 and Warzone Season 5 Reloaded. The Tracer Pack: The Crow Operator Bundle is available in the in-game shop with ""The Crow"" and ""Mono-Crowmatic"" operator skins. This new bundle also includes the âWrong Made Rightâ finishing move, âInked Vengeanceâ Kastov 762 and âHollow Gazeâ Lockwood 680 weapon blueprints, âVengeance Unleashedâ calling card, âBrilliantly Brokenâ or âDead Man Walkingâ loading screen, âPut the Wrong Things Rightâ and âInked Pairâ large decal, âBlack Bloodâ emblem, and âKatanaâ weapon charm. | Content Integration | PC | Console | ReadÂ more"
19,N/A,"Dress to Impress x Charli XCX | August 17, 2024 | Bands & Musicians | Simulation | Release Date: | 17/8/2024 | 8/17/2024 | The Brat Update, named after Charli XCX's 2024 album 'brat', is a collaboration between The Dress to Impress and Charli XCX. It includes brat-themed clothing, accessories, poses, Charli XCX hairstyles, and more | Content Integration | Mobile | PC | Console | ReadÂ more"
19,N/A,"Project Kyzen x Bruce Lee | August 16, 2024 | Celebrity/Influencer | Fighting | Release Date: | 22/8/2024 | 8/22/2024 | Developed in partnership with the Bruce Lee Family Company, the avatar bundle for Project Kyzen will feature custom skins, apparel and accessory items. These items can either be unlocked or purchased to customize their gameplay experience. The skin bundle aims to capture Bruce Leeâs teachings and persona into Project Kyzen, not just his look. | Content Integration | PC | ReadÂ more"
19,N/A,"Fortnite x Marvel | August 16, 2024 | Anime & Comics | Battle Royale | Release Date: | 16/8/2024 | 8/16/2024 | In this Fortnite x Marvel collab, titled Absolute Doom, the season will feature a number of Marvel heroes as new outfits in the game, including Gwenpool, War Machine, Emma Frost, Shuri and Mysterio, along with a Jonesy take on Captain America andâ¦ Peelverine. Thereâll also be new items like the Dual Micro SMGs, Captain Americaâs Shield and War Machineâs Arsenal to round out your super repertoire. | Content Integration | Mobile | PC | Console | ReadÂ more"
19,N/A,"Fortnite x Karol G | August 15, 2024 | Bands & Musicians | Battle Royale | Release Date: | 16/8/2024 | 8/16/2024 | Karol G brings her Latin sounds to the world of Fortnite in Festival Season 5. Unlock Karol G Instruments and a Karol G Outfit in the Festival Passâ Premium Reward Track, and combat the darkness in a playable concert experience featuring your Festival crew and a special guest list of familiar Fortnite characters. Experience a Karol G concert like none other in Karol G MSB Fortnite: a five-part playable concert with an iconic setlist from the five-time Latin GRAMMY winner. Collect EmPower-Ups to blast away negative energy and spread posi vibes in a neon-drenched party. | Content Integration | Mobile | PC | Console | ReadÂ more"
19,N/A,"Harry Potter: Quidditch Champions | August 9, 2024 | Film & Television | Sports | Release Date: | 3/9/2024 | 9/3/2024 | Immerse yourself in the enchanting world of Quidditch by playing solo or sharing the magic with friends and family. Take to the sky as one of the classic positions - Chaser, Seeker, Keeper or Beater - each with their own unique play style.Soar into legendary Quidditch arenas and new maps that showcase never-before-seen areas of the wizarding world. | Licensed Game | PC | Console | ReadÂ more"
19,N/A,"Gundam Breaker 4 x PAC-MAN | August 7, 2024 | Video Games | Action | Release Date: | 29/8/2024 | 8/29/2024 | Gundam Breaker 4 will have a collaboration with PAC-MAN available when it releases on 29th August. A level inspired by the iconic mazes of PAC-MAN will be available, where players will have the task to defeat a giant PAC-MAN themed Gundam RX-78-2. By playing this mission players will be able to get the PAC-MAN-themed emblem and use it on their Gunpla. | Content Integration | PC | Console | ReadÂ more"
19,N/A,"Fall Guys x Lilo & Stitch | August 7, 2024 | Film & Television | Party | Release Date: | 8/8/2024 | 8/8/2024 | Fall Guys collaboration with Lilo & Stitch offered players a new Stitch skin available via the Fall Guys store | Content Integration | Mobile | PC | Console | ReadÂ more"
19,N/A,"Brawlhalla x Borderlands | August 7, 2024 | Video Games | Fighting | Release Date: | 7/8/2024 | 8/7/2024 | Brawlhalla is collaborating with Borderlands to introduce three iconic characters: Lilith, Krieg, and Tiny Tina. New weapon skins like TNTina Blasters, Hyperion Cannon and a Claptrap Sidekick are now available. Lilith, Krieg, and Tiny Tina come with unique Signature Attacks and themed weapons. | Content Integration | Mobile | PC | Console | ReadÂ more"
19,N/A,"Grand Summoners x KILL la KILL | August 6, 2024 | Anime & Comics | RPG | Release Date: | 9/8/2024 | 8/9/2024 | The KILL la KILL Crossover returns. Summon KILL la KILL characters and see their fantastic pixel animation in-game! - New unit: Ira Gamagoori, Nonon Jakuzure, Uzu Sanageyama, & Houka Inumuta! - New Equips! - New Stickers! | Content Integration | Mobile | ReadÂ more"
19,N/A,"Dead By Deadlight x Castlevanina | August 6, 2024 | Video Games | Horror | Release Date: | 27/8/2024 | 8/27/2024 | Dracula is not only Dead by Daylightâs first shapeshifting Killer, heâs (the survival gameâs first vampire. The count of Castlevania can conjure flames to burn his prey while in vampire form, and in his bat form, can stalk Survivors quietly and cover ground quickly. Dracula can also take the form of a wolf, hunting Survivors by their scent. Dracula is also bringing his whole castle with him to Dead by Daylight. Whenever Dracula is the featured Killer in a game set on an original Dead by Daylight map, players will see his iconic castle looming over the horizon. On the opposing side of Dead by Daylightâs asymmetrical multiplayer format is new Survivor Trevor Belmont. Trevorâs skill set includes âan innate ability to seek out allies and work as part of a teamâ and unspecified but âunmatched skills as a vampire hunter.â | Content Integration | PC | Console | ReadÂ more"
19,N/A,"Fortnite x Fall Guys | August 6, 2024 | Video Games | Battle Royale | Release Date: | 6/8/2024 | 8/6/2024 | In the Fortnite x Fall Guys collab, players in the standard Battle Royale mode will now encounter Bean Idols in Classy Courts which teleport them to a challenging obstacle course in the sky and turn them into a Fall Guys Bean. Completing a course will reward players with loot to take back to the regular game of Fortnite, with quicker times netting better rewards. | Content Integration | Mobile | PC | Console | ReadÂ more"
19,N/A,"Star Trek Fleet Command x Galaxy Quest | August 6, 2024 | Film & Television | Strategy | Release Date: | 6/8/2024 | 8/6/2024 | This crossover between Star Trek Fleet Command and Galaxy Quest, has launched an event in which characters and ships from Galaxy Quest can be earned as playable crew and starships in Fleet Command. Yes, this includes Jason Nesmith (Tim Allen), Laliari (Missi Pyle), Gwen DeMarco (Sigourney Weaver), and Alexander Dane (Alan Rickman). And most importantly, means players can, for the first time ever, command a version of the iconic Galaxy Quest ship, the NSEA Protector. | Content Integration | Mobile | ReadÂ more"
19,N/A,"Fairy Tail: Beach Volleyball Havoc | August 5, 2024 | Anime & Comics | Sports | Release Date: | 16/9/2024 | 9/16/2024 | The cast of Fairy Tail is ready to bring mayhem to the summertime beaches! Unleash over-the-top magic to BLAST that volleyball! | Licensed Game | PC | ReadÂ more"
19,N/A,"Beetlejuice Escape the Afterlife | August 5, 2024 | Film & Television | Adventure | Release Date: | 5/8/2024 | 8/5/2024 | Players are challenged to escape the afterlife in this spooky and thrilling adventure. Try to outsmart the mischievous Beetlejuice and make it out alive. | Licensed Game | Mobile | PC | Console | ReadÂ more"
19,N/A,"Life is Strange: Double Exposure x Final Fantasy VII | August 3, 2024 | Video Games | Action | Release Date: | 29/10/2024 | 10/29/2024 | Square Enix brings Final Fantasy VII outfits to Life Is Strange: Double Exposure in a new crossover pack. Even during a supernatural murder mystery, there's always time for fashion, especially when it takes inspiration from the unforgettable Final Fantasy VII saga! The Final Fantasy VII Outfit Pack contains the Moogle coat with a sculpted beanie and four indoor outfits themed around monstrous allies and fearsome foes: Chocobo, Cactuar, Bomb, and Tonberry. Each Outfit Pack lets you change up Max's look with one new outfit available for Max to wear in each chapter of the story. | Content Integration | PC | ReadÂ more"
19,N/A,"World of Warships: Legends x Blue Archive | August 2, 2024 | Video Games | Shooting | Release Date: | 5/8/2024 | 8/5/2024 | The Blue Archive collaboration is coming to World of Warships: Legends! Check out the Store to discover a wealth of new content, including Abydos High School students as Commanders, Blue Archive-inspired redesigns of Tirpitz and Montana, a new skin for Takahashi, and more! | Content Integration | PC | Console | ReadÂ more"
19,N/A,"Seven Knights Idle Adventure x Hell's Paradise | August 1, 2024 | Anime & Comics | RPG | Release Date: | 1/8/2024 | 8/1/2024 | Seven Knights Idle Adventure is having a crossover with Hell's Paradise. he update comes with new Legendary heroes for you to recruit, as well as even more exciting events taking place throughout the collaboration period. Three characters from the series will make their debut as melee-type heroes in-game. Gabimaru, Yuzuriha and Sagiri will all join the lineup, bringing some amazing new skills, with Ninja Art: Fire Monk, Ninja Art: Line Cutting and 'Quietly...Intensely...' to rapidly overcome your foes. | Content Integration | Mobile | ReadÂ more"
19,N/A,"Pinball FX x Goat Simulator | August 1, 2024 | Video Games | Simulation | Release Date: | 29/8/2024 | 8/29/2024 | In this collab, Pinball FX will release a Goat Simulator themed pinball table. The table is inspired by Goat Simulator 3. From headbutting bumpers to launching yourself through loops, every move you make in Goat Simulator Pinball will leave a trail of chaos behind. | Content Integration | PC | Console | ReadÂ more"
19,N/A,"Pinball FX x The Princess Bride | August 1, 2024 | Film & Television | Simulation | Release Date: | 29/8/2024 | 8/29/2024 | In this collab between Pinball FX and The Princess Bride, there will be a new themed pinball table. Players can partake in festivities when the pinball table is released. The table features iconic characters such as Inigo Montoya and adapts unforgettable scenes from the film into peak pinball challenges. | Content Integration | PC | Console | ReadÂ more"
19,N/A,"Star Wars Outlaws | August 1, 2024 | Film & Television | Action | Release Date: | 30/8/2024 | 8/30/2024 | Experience the first-ever open-world Star Wars game, set between the events of The Empire Strikes Back and Return of the Jedi. Explore distinct planets across the galaxy, both iconic and new. Risk it all as Kay Vess, a scoundrel seeking freedom and the means to start a new life, along with her companion Nix. Fight, steal, and outwit your way through the galaxy's crime syndicates as you join the galaxy's most wanted. | Licensed Game | PC | Console | ReadÂ more"
19,N/A,"Taiko No Tatsujin: Rhythm Festival x One Piece | August 1, 2024 | Anime & Comics | Other | Release Date: | 1/8/2024 | 8/1/2024 | In this collaboration players can enjoy playing the opening theme song, """"UUUUUS!"""", in Taiko no Tatsujin: Rhythm Festival. Enjoy lively performances as Luffy and the crew don Taiko no Tatsujin designed costumes. Additionally, players can set the Straw Hat Crew as mini-characters in their Don-chan avatars! Don-chan costumes inspired by the Straw Hat Crew will also be available. | Content Integration | Console | ReadÂ more"
19,N/A,January 2026
19,N/A,December 2025
19,N/A,Apr 2025
19,N/A,Mar 2025
19,N/A,April 2024
19,N/A,Mar 2024
19,N/A,Nov 2023
19,N/A,Oct 2023
20,N/A,"Identity V x Persona 5 Royal | August 1, 2024 | Video Games | Strategy | Release Date: | 2/8/2024 | 8/2/2024 | There is a new Persona 5 Royal crossover event in Identity V, featuring Phantom Thieves. Enjoy new content and cosmetics, plus a chance to collect previous Phantom Thieves items you may have missed. Take part in challenge tasks to obtain Morgana as a Pet and access returning 'Regular' and 'Souls of Resistance' costumes. Unlock new crossover costumes for characters like Goro Akechi, Makoto Niijima, Ann Takamaki, and Haru Okumura. | Content Integration | Mobile | PC | ReadÂ more"
20,N/A,"Star Trek: Lower Decks x Doctor Who: Lost in Time | July 28, 2024 | Video Games | Adventure | Release Date: | 1/8/2024 | 8/1/2024 | This epic crossover will be brought to life in a limited-time event in both the Doctor Who: Lost in Time and the Star Trek: Lower Decks .Fans will be treated to the same thrilling story, experienced from two unique perspectives. Players will experience the story of a mysterious space-time ripple that throws the Doctor onboard Star Trek: Lower Deckâs U.S.S. Cerritos, while Lieutenant Brad Boimler and Ensign Beckett Mariner find themselves thrust into the enigmatic Doctor Who universe. With the ripple disrupting the very fabric of reality, the Doctor must join forces with the resourceful crew of the Cerritos, while Boimler and Mariner team up with the legendary River Song. Together, they race against time to repair the ripple and set things right. | Content Integration | Mobile | ReadÂ more"
20,N/A,"Fortnite x Deadpool and Wolverine | July 27, 2024 | Anime & Comics | Battle Royale | Release Date: | 27/7/2024 | 7/27/2024 | As part of crossover, new skins for superheroes Deadpool and Wolverine have come to Fortnite as paid content, and they refect the characters' appearance in the comic books. The skins for both heroes are being introduced as part of Fortnite's Chapter 5, Season 3 content. | Content Integration | Mobile | PC | Console | ReadÂ more"
20,N/A,"Stumble Guys x My Hero Academia | July 27, 2024 | Anime & Comics | Action | Release Date: | 23/7/2024 | 7/23/2024 | Stumble Guys teams up with My Hero Academia, adding popular characters like Deku and Bakugo. Players will battle a giant robot invasion in the new 'Hero Exam' course using unique Quirks. Discover new cosmetics including Stumblers, emotes, footsteps, and victory dances. Limited-time events, themed Stumblepass, and daily missions with player rewards fully available. | Content Integration | Mobile | PC | ReadÂ more"
20,N/A,"Mortal Kombat 1 x Terminator 2 | July 26, 2024 | Film & Television | Fighting | Release Date: | 24/9/2024 | 9/24/2024 | Mortal Kombat adds T-1000 Terminator from Terminator 2, as a new fighter | Content Integration | PC | Console | ReadÂ more"
20,N/A,"Mortal Kombat 1 x Ghostface | July 26, 2024 | Film & Television | Fighting | Release Date: | 24/9/2024 | 9/24/2024 | Mortal Kombat 1 collaborates with Ghostface to add the character as a new fighter. | Content Integration | PC | Console | ReadÂ more"
20,N/A,"Mortal Kombat 1 x Conan the Barbarian | July 26, 2024 | Film & Television | Fighting | Release Date: | 24/9/2024 | 9/24/2024 | Mortal Kombat adds Conan the Barbarian as a new fighter. | Content Integration | PC | Console | ReadÂ more"
20,N/A,"Summoners War x Jujutsu Kaisen | July 26, 2024 | Anime & Comics | RPG | Release Date: | 30/7/2024 | 7/30/2024 | In this collaboration between Summoners War and Jujutsu Kaisen, players welcome Yuji Itadori, Megumi Fushiguro, Nobara Kugisaki, Satoru Gojo, and Ryomen Sukuna. They can also try their hand at the collab dungeon, and there is a new Jujutsu High School HQ. | Content Integration | Mobile | PC | ReadÂ more"
20,N/A,"War Planet Online x Terminator 2: Judgment Day | July 25, 2024 | Film & Television | Strategy | Release Date: | 25/7/2024 | 7/25/2024 | War Planet Online has collaborated with Terminator to introduce a Judgment Day event. Exclusive characters T-800 and Sarah Connor come with unique abilities for player's armies. A new Terminator-themed chain event offers competitive gameplay and limited-time promotional items. | Content Integration | Mobile | PC | ReadÂ more"
20,N/A,"JBL Land x Tomorrowland | July 25, 2024 | Corporate Brands | Other | Release Date: | 25/7/2024 | 7/25/2024 | JBL Land has collaborated with Tomorrowland to bring players a Tomorrowland Quest. A mystical adventure for every sound seeker. Step into a world of mystery and help Raya the enchantress save the Tomorrowland show in JBL Land. Complete unique challenges with friends, collect special Tomorrowland Soundbytes to enhance your Sound, create your own light show at the House of Fortune stage, enjoy a high energy Tomorrowland set by JBL Music Academy artists and unlock quest achievement badges | Content Integration | Mobile | PC | Console | ReadÂ more"
20,N/A,"Game of Thrones: Legends | July 25, 2024 | Film & Television | Puzzle | Release Date: | 25/7/2024 | 7/25/2024 | Game of Thrones: Legends promises to meld deck building with puzzle battles all wrapped up in the deep mythos of Westeros. Youâll lead your own noble house, ally with familiar characters and use strategy to defeat your foes. Collect your favourite Westerosi heroes from multiple eras and upgrade them to create the ultimate team. Equip your heroes with weapons from the shows. You can also unlock synergy abilities by equipping a weapon to the character it belongs to, like giving Needle to Arya or Longclaw to Jon Snow. To claim the Iron Throne, youâll need to complete intense missions where youâll participate in strategic match-3 combat. Youâll make matches and clear puzzlers to charge your Championsâ special abilities. Use combos to devastate your enemies and experience an in-depth Game of Thrones story. | Licensed Game | Mobile | ReadÂ more"
20,N/A,"Monster Hunter Now x MrBeast | July 25, 2024 | Celebrity/Influencer | RPG | Release Date: | 27/7/2024 | 7/27/2024 | Monster Hunter Now is teaming up with MrBeast. Ever wondered if you could take on a MrBeast challenge? Well, this is your chance to dive into a limited-time Monster Hunter Now quest from MrBeast himself. This challenge will push your hunting skills to the limit with exciting obstacles and, of course, bring you exclusive, one-of-a-kind rewards. During this challenge, you will need to follow MrBeastâs instructions to get the chance to forge a special MrBeast Sword & Shield and once you complete the quest, you stand to earn a ton of in-game rewards including the MrBeast Layered Armor, a new Guild card background, MrBeast face paint, and most importantly the MrBeast Hunter Medal. | Content Integration | Mobile | ReadÂ more"
20,N/A,"Puzzle & Dragons x That Time I Got Reincarnated as a Slime | July 25, 2024 | Anime & Comics | Puzzle | Release Date: | 25/7/2024 | 7/25/2024 | That Time I Got Reincarnated as a Slime made its collab debut on Puzzle and Dragons! Explore magical collab-themed Special Dungeons with new powerful characters, such as Rimuru & Veldora and Milim Nava. | Content Integration | Mobile | ReadÂ more"
20,N/A,"Alchemy Stars x Atelier Ryza 2: Lost Legends & the Secret Fairy | July 25, 2024 | Video Games | RPG | Release Date: | 26/7/2024 | 7/26/2024 | This collaboration event features playable Reisalin, Klaudia, and Patricia, with several new illustrations for Ryza especially. | Content Integration | Mobile | ReadÂ more"
20,N/A,"Asphalt 9: Legends x My Hero Academia | July 25, 2024 | Anime & Comics | Racing | Release Date: | 25/7/2024 | 7/25/2024 | Gameloft has teamed up with Crunchy Roll to incorporate the popular anime My Hero Academia into its racing game, Asphalt 9: Legends, on Nintendo Switch and mobile devices. The limited-time event features a custom UI, voice lines, and 19 stages from the anime alongside various cosmetic items based on characters from the anime. | Content Integration | Mobile | PC | Console | ReadÂ more"
20,N/A,"Call of Duty: Modern Warfare 3 x WWE | July 24, 2024 | Sport & Athletes | Shooting | Release Date: | 24/7/2024 | 7/24/2024 | The WWE is joining the Call of Duty universe. Cody Rhodes, Rey Mysterio, Rhea Ripley will join the game. Players can enter the ring and stretch their wrestling skills to go head-to-head winning points for their teams by slamming their opponents with killer finishing moves just like their favorite wrestling royalty. There will be a special event, WWE SummerSlam, where players can become the next Heavyweight Champion, and complete challenges to unlock WWE rewards. | Content Integration | PC | Console | ReadÂ more"
20,N/A,"Shrek Swamp Tycoon | July 23, 2024 | Film & Television | Simulation | Release Date: | 23/7/2024 | 7/23/2024 | Available now, âShrek Swamp Tycoon,â the first official âShrekâ experience on Roblox, welcomes players to explore Shrekâs swamp and interact with its inhabitants and the world of the movie. By collecting coins and seeking out hidden platforms, players can construct their own experience map and rebuild locations inspired by the film, including Shrekâs house, Gingyâs Gingerbread House and more. Players can purchase in-game user-generated content items and character heads for Shrek, Fiona and Donkey, and unlock exclusive features by completing the entire experience. | Licensed Game | Mobile | PC | Console | ReadÂ more"
20,N/A,"Ace Ventura Pet Detective | July 23, 2024 | Film & Television | Casino | Release Date: | 1/5/2024 | 5/1/2024 | Embark on a wild journey as you help Ace track down Snowflake the dolphin in this whacky and zany 5x3, 20-line game. Explore 4 fixed jackpots, mini wheel respins, and free spins with cash-on-reels and multiplier wilds. Keep an eye out for the mini wheel scatter symbols to trigger the thrilling mini wheel bonus. But that's not all! With free spins, you'll have the chance to choose from 4 different options, each offering a unique volatility profile. Heklp Ace Ventura crack the case and uncover big wins along the way! | Licensed Game | Mobile | PC | ReadÂ more"
20,N/A,"Fortnite x Tesla Cybertruck | July 23, 2024 | Cars & Automotive | Battle Royale | Release Date: | 23/7/2024 | 7/23/2024 | In this collab between Fortnite and Tesla, players are able participate in a Summer Road Trip Quest. The reward at the end of this Fortnite Summer Road Trip is a Tesla Cybertruck Bundle | Content Integration | Mobile | PC | Console | ReadÂ more"
20,N/A,"Rocket League x Tesla | July 22, 2024 | Cars & Automotive | Sports | Release Date: | 23/7/2024 | 7/23/2024 | In Rocket Leagueâs âSummer Road Trip,â hit the road to your favorite Online Modes to earn the Tesla Cybertruck, Cyber Wheels, and more! the destinations on this itinerary call for completing Challenges in your favorite Online Modes. Complete all three to nab the keys to the Tesla Cybertruck Car Body and an array of other additions for your garage! | Content Integration | PC | Console | ReadÂ more"
20,N/A,"Cobra Kai: Karate Legends | July 22, 2024 | Film & Television | Fighting | Release Date: | 22/7/2024 | 7/22/2024 | Kids can unleash their karate moves in a gaming experience inspired by the Netflix series Cobra Kai. Thanks to Jazwares, Cobra Kai: Karate Legends is coming to Roblox to unleash the skills of martial arts in the world of digital gaming. Cobra Kai: Karate Legends features many gameplay elements inspired by the TV series. With this Roblox expansion, players can train to become the ultimate karate sensei. Like the sensei masters in Cobra Kai, players must prove they have what it takes to be the best. Players can level up their dojos, challenge others in tournaments, learn epic karate moves, and complete missions to recruit their favorite characters. Cobra Kai: Karate Legends also features virtual merchandise for Roblox avatars. | Licensed Game | Mobile | PC | Console | ReadÂ more"
20,N/A,"Olympic World | July 19, 2024 | Sport & Athletes | Sports | Sporting | Release Date: | 19/7/2024 | 7/19/2024 | The Olympic World features a variety of Olympic-inspired mini-games, while also allowing users to access virtual products in the Olympic Shop, learn about Olympic sports and receive the latest updates during Paris 2024. | Licensed Game | Mobile | PC | Console | ReadÂ more"
20,N/A,"Fortnite x Pirates of the Caribbean | July 19, 2024 | Film & Television | Battle Royale | Release Date: | 19/7/2024 | 7/19/2024 | During this Fortnite x Pirates of the Caribbean collab, there will be a mini-pass themed after the movies called the Cursed Sails pass. Grinding this pass during a limited time will get you Pirates of the Caribbean cosmetics, including the Jack Sparrow skin. The collab also includes map POIs, Mythics and more | Content Integration | Mobile | PC | Console | ReadÂ more"
20,N/A,"Fashion Klosstte x Coach | July 18, 2024 | Luxury & fashion | Simulation | Release Date: | 19/7/2024 | 7/19/2024 | In this collab, users are offered the chance to build out their in-game wardrobe with Coachâs âFloral Worldâ and âSummer Worldâ themes. Fans will be able to dress their avatars in free Coach-inspired fashion items or by purchasing pieces from the original Coach 2024 collection using in-game currency. | Content Integration | Mobile | PC | Console | ReadÂ more"
20,N/A,"Teenage Mutant Ninja Turtles: Splintered Fate | July 16, 2024 | Film & Television | Action | Release Date: | 17/7/2024 | 7/17/2024 | When Splinter is kidnapped by Shredder, mysterious portals simultaneously appear across NYC. With April and Metalhead analysing recovered artifacts for clues, the Turtles battle to recover their father from the clutches of the Foot Clan. However, as the gang gets ever closer to Splinterâs otherworldly location, an even greater threat lingers in the shadowsâ¦ In Splintered Fate, brace yourself for fast-paced, roguelike action where no two runs are the same. With randomised power-ups, room layouts, and boss modifiers, the excitement never ends. Take control of all four Turtles, each wielding unique powers, and team up with friends for bodacious co-op gameplay. Explore iconic NYC locations, upgrade your Turtle powers, and prepare to face off against formidable enemies. With thrilling combat and endless challenges, Splintered Fate promises to keep you engaged in the FIGHT, ADAPT, REPEAT portal loop. Be ready to restore peace to the city! | Licensed Game | Mobile | PC | Console | ReadÂ more"
20,N/A,January 2026
20,N/A,December 2025
20,N/A,Apr 2025
20,N/A,Mar 2025
20,N/A,April 2024
20,N/A,Mar 2024
20,N/A,Nov 2023
20,N/A,Oct 2023
