Game_ID,Title,Release_Date,Rating_Score,Metacritic,Playtime_Avg,Genres,Platforms,Ratings_Count,Suggestions_Count,Updated_At
3498,Grand Theft Auto V,2013-09-17,4.47,92.0,74,Action,"PlayStation 5, Xbox Series S/X, PlayStation 3, PC, PlayStation 4, Xbox 360, Xbox One",7307,446,2026-01-22T06:17:45
3328,The Witcher 3: Wild Hunt,2015-05-18,4.64,92.0,43,"Action, RPG","PlayStation 5, Xbox Series S/X, macOS, PlayStation 4, Nintendo Switch, PC, Xbox One",7117,688,2026-01-19T21:37:58
4200,Portal 2,2011-04-18,4.58,95.0,11,"Shooter, Puzzle","PlayStation 3, PC, Xbox 360, Linux, macOS, Xbox One",6042,567,2026-01-22T06:44:30
4291,Counter-Strike: Global Offensive,2012-08-21,3.57,81.0,64,Shooter,"PC, Linux, Xbox 360, PlayStation 3",3613,607,2026-01-15T12:59:32
5286,Tomb Raider (2013),2013-03-05,4.06,86.0,10,Action,"PlayStation 3, Xbox 360, macOS, PC",4066,660,2026-01-19T05:58:05
13536,Portal,2007-10-09,4.49,90.0,4,"Action, Puzzle","macOS, PC, Android, PlayStation 3, Xbox 360, Linux, Nintendo Switch",4969,304,2026-01-21T19:31:59
12020,Left 4 Dead 2,2009-11-17,4.09,89.0,9,"Action, Shooter","Xbox 360, Linux, PC, macOS",3387,608,2026-01-12T23:49:59
5679,The Elder Scrolls V: Skyrim,2011-11-11,4.42,94.0,46,"Action, RPG","PC, Xbox Series S/X, PlayStation 5, Xbox One, PlayStation 4, Nintendo Switch, Xbox 360, PlayStation 3",4880,612,2026-01-19T06:01:36
28,Red Dead Redemption 2,2018-10-26,4.59,96.0,21,Action,"PC, PlayStation 4, Xbox One",5429,625,2026-01-21T14:03:34
4062,BioShock Infinite,2013-03-26,4.38,94.0,12,"Action, Shooter","PlayStation 4, Xbox 360, Nintendo Switch, Linux, PC, PlayStation 3, Xbox One",4155,618,2026-01-12T23:50:18
13537,Half-Life 2,2004-11-16,4.48,96.0,7,"Action, Shooter","PC, macOS, Xbox 360, Linux, Xbox, Android",4066,570,2026-01-17T06:08:39
802,Borderlands 2,2012-09-18,4.01,89.0,11,"Action, Shooter, RPG","PlayStation 3, macOS, PC, Android, Linux, PS Vita, Xbox 360",3299,704,2026-01-19T05:59:21
3439,Life is Strange,2015-01-29,4.12,83.0,6,Adventure,"iOS, PC, Linux, PlayStation 3, macOS, Xbox 360, Android, PlayStation 4, Xbox One",3753,563,2026-01-12T23:52:15
4286,BioShock,2007-08-21,4.36,96.0,3,"Action, Shooter","PlayStation 3, macOS, PC, Xbox 360",3348,663,2026-01-17T06:08:39
32,Destiny 2,2017-09-06,3.52,82.0,6,"Action, Shooter","PlayStation 4, Xbox One, PC, Web, Xbox Series S/X, PlayStation 5",2661,1246,2026-01-12T23:52:24
58175,God of War (2018),2018-04-20,4.55,94.0,15,Action,"PC, PlayStation 4",5104,608,2026-01-19T10:14:10
3070,Fallout 4,2015-11-09,3.81,84.0,38,"Action, RPG","PlayStation 4, PC, PlayStation 5, Xbox One",3403,471,2026-01-19T06:05:05
3939,PAYDAY 2,2013-08-13,3.52,79.0,9,"Action, Shooter","Linux, PC, Xbox One",2235,437,2026-01-14T11:25:56
1030,Limbo,2010-07-21,4.14,88.0,3,"Action, Adventure, Indie, Puzzle, Platformer","PC, Android, PS Vita, PlayStation 4, PlayStation 3, Xbox 360, Linux, macOS, iOS, Xbox One, Nintendo Switch",3380,204,2026-01-19T06:04:30
11859,Team Fortress 2,2007-10-10,3.68,92.0,8,"Action, Shooter","Linux, macOS, PC",2928,548,2026-01-18T09:20:56
2454,DOOM (2016),2016-05-12,4.38,85.0,10,"Action, Shooter","PC, PlayStation 4, Nintendo Switch, Xbox One",3606,672,2026-01-21T01:22:21
41494,Cyberpunk 2077,2020-12-10,4.22,73.0,29,"Action, Shooter, RPG","Nintendo Switch, PlayStation 4, PC, Xbox Series S/X, PlayStation 5, Xbox One",2957,642,2026-01-21T14:04:27
422,Terraria,2011-05-16,4.07,81.0,15,"Action, Indie, Platformer","Xbox 360, Wii U, Nintendo 3DS, Xbox One, PlayStation 4, iOS, PC, macOS, Linux, Nintendo Switch, PlayStation 3, PS Vita, Android",2457,314,2026-01-17T15:46:54
10213,Dota 2,2013-07-09,3.07,90.0,14,"Action, Massively Multiplayer","Linux, macOS, PC",2841,434,2026-01-21T16:37:30
4459,Grand Theft Auto IV,2008-04-29,4.26,95.0,10,Action,"Xbox 360, PC, PlayStation 3, Xbox One",3089,523,2026-01-21T21:29:26
766,Warframe,2013-03-25,3.42,73.0,8,"Action, Shooter, RPG, Massively Multiplayer","iOS, Xbox Series S/X, PlayStation 5, PlayStation 4, Xbox One, Nintendo Switch, PC",2107,735,2026-01-11T20:05:26
3272,Rocket League,2015-07-07,3.93,86.0,21,"Sports, Racing, Indie","Nintendo Switch, macOS, PC, Linux, Xbox One, PlayStation 4",2849,635,2026-01-16T19:14:56
278,Horizon Zero Dawn,2017-02-28,4.28,89.0,11,"Action, RPG","PC, PlayStation 4",3763,639,2026-01-12T23:52:55
29028,Metro 2033,2010-03-16,3.94,79.0,2,"Action, Shooter","PC, Xbox 360",2273,588,2026-01-21T14:02:49
7689,Rise of the Tomb Raider,2015-11-10,4.04,86.0,14,Action,"Xbox One, PC, macOS, PlayStation 4",2785,681,2026-01-11T20:05:27
3287,Batman: Arkham Knight,2015-06-23,4.25,81.0,19,Action,"PC, Nintendo Switch, Xbox One, PlayStation 4",2672,686,2026-01-17T21:50:51
3192,Metal Gear Solid V: The Phantom Pain,2015-09-01,4.16,91.0,22,"Action, Shooter","PlayStation 4, PC, Xbox One, PlayStation 3, Xbox 360",2521,542,2026-01-11T20:05:26
416,Grand Theft Auto: San Andreas,2004-10-26,4.5,93.0,2,Action,"macOS, PC, iOS, Xbox, Android, PlayStation 4, PlayStation 3, PlayStation 2, Xbox 360, Xbox One",4027,497,2026-01-21T13:01:23
16944,The Witcher 2: Assassins of Kings Enhanced Edition,2012-04-16,4.16,88.0,7,RPG,"macOS, PC, Xbox 360",2175,710,2026-01-11T20:05:26
290856,Apex Legends,2019-02-04,3.63,80.0,5,"Action, Shooter","PlayStation 4, Nintendo Switch, macOS, PC, Xbox One",2404,678,2026-01-18T18:56:04
17822,The Witcher: Enhanced Edition Director's Cut,2008-09-16,4.06,86.0,5,"Action, RPG","PC, macOS",2048,691,2026-01-14T11:19:10
9767,Hollow Knight,2017-02-23,4.4,88.0,7,"Action, Indie, Platformer","PlayStation 4, Linux, macOS, PC, Nintendo Switch, Xbox One",2704,519,2026-01-21T21:46:38
11973,Middle-earth: Shadow of Mordor,2014-09-30,3.91,85.0,13,"Action, RPG","Linux, Xbox One, Xbox 360, PlayStation 3, PlayStation 4, macOS, PC",2545,668,2026-01-11T20:05:25
19103,Half-Life 2: Lost Coast,2005-10-27,3.45,,1,Action,"macOS, Linux, PC",1169,288,2025-12-27T11:45:14
23027,The Walking Dead: Season 1,2012-04-23,4.36,92.0,8,"Action, Adventure","Android, PS Vita, macOS, PC, iOS, PlayStation 4, PlayStation 3, Xbox 360, Nintendo Switch, Xbox One",2474,684,2026-01-04T12:00:17
41,Little Nightmares,2017-04-27,4.03,81.0,3,"Action, Adventure, Platformer","iOS, PlayStation 4, PC, Xbox One, Nintendo Switch",1625,346,2026-01-10T16:58:36
4427,BioShock 2,2010-02-09,4.07,88.0,3,"Action, Shooter","PlayStation 3, Xbox 360, macOS, PC, PlayStation 4, Xbox One, Nintendo Switch",1952,663,2026-01-02T13:50:06
18080,Half-Life,1998-11-19,4.37,96.0,3,"Action, Shooter","Linux, macOS, PC, Dreamcast, PlayStation 2",2421,481,2026-01-17T06:08:40
19710,Half-Life 2: Episode One,2006-06-01,4.38,87.0,4,"Action, Shooter","Android, Linux, macOS, PC, Xbox 360",2052,315,2026-01-17T06:08:39
19709,Half-Life 2: Episode Two,2007-10-10,4.46,90.0,5,"Action, Shooter, Puzzle","Android, macOS, PC, Linux, Xbox 360",2006,307,2026-01-17T06:08:39
11936,Half-Life 2: Deathmatch,2004-11-01,3.29,,1,Action,"Linux, macOS, PC",908,201,2026-01-02T13:49:46
2551,Dark Souls III,2016-04-11,4.4,89.0,29,"Action, RPG","Xbox One, PlayStation 4, PC",2762,718,2026-01-11T20:05:39
654,Stardew Valley,2016-02-25,4.39,89.0,13,"RPG, Simulation, Indie","Nintendo Switch, Xbox One, PC, iOS, macOS, Linux, PlayStation 4, PS Vita, Android",2440,298,2026-01-17T18:27:41
10754,BioShock Remastered,2016-09-15,4.24,,4,Shooter,"PlayStation 4, Nintendo Switch, macOS, PC, Xbox One",1417,268,2026-01-15T12:59:47
4252,Mirror's Edge,2008-11-11,4.07,81.0,3,Action,"Xbox 360, PlayStation 3, PC",2369,366,2026-01-11T20:05:25
3612,Hotline Miami,2012-10-22,4.38,85.0,5,"Action, Shooter, Arcade, Indie","Linux, Nintendo Switch, Xbox One, PlayStation 4, PS Vita, PC",2631,308,2026-01-18T20:08:46
10035,Hitman,2016-03-11,3.93,83.0,7,"Action, Shooter, Simulation","PlayStation 4, Linux, macOS, PC, Xbox One",2020,592,2026-01-11T20:05:24
3790,Outlast,2013-09-03,3.75,80.0,3,"Action, Indie","Linux, macOS, Nintendo Switch, PC, Xbox One, PlayStation 4",1849,483,2026-01-21T01:22:25
1447,Deus Ex: Mankind Divided,2016-08-22,3.96,83.0,7,"Action, RPG","Linux, PC, Xbox One, macOS, PlayStation 4",2008,639,2026-01-11T20:05:24
4161,Far Cry 3,2012-11-28,4.25,88.0,16,"Action, Shooter","Xbox One, Xbox 360, PlayStation 3, PC, PlayStation 4",2968,647,2026-01-21T08:24:05
10142,PlayerUnknown’s Battlegrounds,2017-12-20,3.27,81.0,29,"Action, Shooter, Massively Multiplayer","PC, Xbox One, PlayStation 4",1988,496,2025-12-16T13:41:06
10533,Path of Exile,2013-10-23,3.65,86.0,6,"Action, RPG, Massively Multiplayer, Indie","Xbox One, PlayStation 4, PC",1636,591,2026-01-11T20:05:23
19487,Alan Wake,2010-05-14,4.09,83.0,5,"Action, Shooter, Adventure","Xbox 360, Xbox One, PC",2276,536,2026-01-14T11:26:47
58134,Marvel's Spider-Man,2018-09-07,4.45,87.0,6,Action,"PlayStation 4, PC, PlayStation 5",3679,603,2026-01-16T05:23:07
3696,Wolfenstein: The New Order,2014-05-19,4.18,81.0,12,"Action, Shooter","Xbox One, PC, Xbox 360, PlayStation 3, PlayStation 4",2501,686,2026-01-16T12:54:41
13668,Amnesia: The Dark Descent,2010-09-08,3.65,85.0,2,"Action, Adventure, Indie","Linux, macOS, PC",1229,455,2026-01-11T20:05:22
9721,Garry's Mod,2004-12-24,3.8,,14,"Action, Adventure, Simulation, Casual, Indie","Linux, macOS, PC",1600,493,2026-01-14T09:54:26
4332,Spec Ops: The Line,2012-06-26,4.1,76.0,5,"Action, Shooter","Xbox 360, PlayStation 3, Xbox One, PC",1937,549,2026-01-11T20:05:22
11935,Half-Life Deathmatch: Source,2006-05-01,3.21,,1,Action,"macOS, Linux, PC",729,268,2025-12-14T13:24:07
29177,Detroit: Become Human,2018-05-25,4.34,79.0,10,"Action, Adventure","PC, PlayStation 4",3293,513,2026-01-21T13:56:22
4386,Saints Row: The Third,2011-11-15,3.95,84.0,14,"Action, Adventure","Linux, PC, Xbox One, Xbox 360, PlayStation 3",2067,681,2026-01-12T23:54:44
39,Prey,2017-05-05,4.28,80.0,10,"Action, Shooter, RPG","Xbox One, PC, PlayStation 4",2230,647,2026-01-21T08:11:38
5563,Fallout: New Vegas,2010-10-19,4.43,84.0,12,"Action, Shooter, RPG","Xbox 360, PC, Xbox One, PlayStation 4, PlayStation 3",2609,605,2026-01-18T15:42:53
4828,Borderlands,2009-10-20,3.82,81.0,10,"Action, Shooter, RPG","PC, Xbox 360, PlayStation 3",2116,677,2026-01-21T01:22:11
12447,The Elder Scrolls V: Skyrim Special Edition,2016-10-27,4.45,74.0,9,"Action, RPG","PlayStation 4, PC, Xbox One",1966,470,2026-01-21T21:08:52
864,Dishonored 2,2016-11-10,4.26,86.0,12,"Action, RPG","Xbox One, PC, PlayStation 4",2021,696,2026-01-12T23:55:12
4248,Dishonored,2012-09-25,4.38,91.0,9,"Action, Adventure, RPG","PlayStation 4, PlayStation 3, Xbox 360, PC, Xbox One",2718,709,2026-01-13T10:51:29
9882,Don't Starve Together,2016-04-21,3.77,83.0,7,"Action, Simulation, Indie","Linux, Xbox One, PlayStation 4, macOS, PC",1392,468,2026-01-07T07:57:43
12536,Hellblade: Senua's Sacrifice,2017-08-07,4.22,83.0,6,"Action, Adventure, Indie","Xbox One, Nintendo Switch, PlayStation 4, PC",2291,489,2026-01-21T11:18:36
10243,Company of Heroes 2,2013-06-25,3.1,80.0,4,Strategy,"Linux, macOS, PC",870,622,2026-01-01T11:39:49
17540,Injustice: Gods Among Us Ultimate Edition,2013-11-12,3.53,80.0,5,"Action, Arcade, Fighting","PlayStation 4, PS Vita, PC, Xbox 360, PlayStation 3",1419,413,2025-12-27T13:53:05
430,Grand Theft Auto: Vice City,2002-10-27,4.45,94.0,2,Action,"Android, macOS, PC, iOS, PlayStation 4, PS Vita, PlayStation 2, Xbox",3077,393,2026-01-21T08:26:32
13633,Sid Meier's Civilization V,2010-09-21,4.29,90.0,27,Strategy,"PC, macOS, Linux",2013,456,2026-01-12T23:55:34
5583,Hitman: Absolution,2012-11-19,3.76,79.0,7,"Action, Shooter","PlayStation 3, macOS, PC, Nintendo Switch, Xbox 360, Xbox One, PlayStation 4",1646,618,2026-01-12T23:55:46
3841,Assassin’s Creed IV: Black Flag,2013-10-29,4.15,85.0,25,Action,"Xbox 360, Xbox One, PC, Nintendo Switch, Wii U, PlayStation 3, PlayStation 4",2637,715,2026-01-16T05:12:27
4514,L.A. Noire,2011-05-17,4.16,83.0,7,"Action, Adventure","PlayStation 4, PlayStation 3, Xbox 360, PC, Xbox One, Nintendo Switch",2061,461,2026-01-12T23:55:49
3144,Super Meat Boy,2010-10-20,3.98,87.0,3,"Indie, Platformer","Linux, Nintendo Switch, Wii U, Xbox 360, PlayStation 4, PS Vita, Android, Web, PC, macOS",1761,288,2026-01-13T10:51:43
58812,Control,2019-08-27,4.15,84.0,6,"Action, Shooter, Adventure","Xbox Series S/X, PlayStation 5, Xbox One, PlayStation 4, PC",2021,400,2026-01-21T13:42:04
362,For Honor,2017-02-13,3.3,76.0,8,"Action, Massively Multiplayer","Xbox One, PlayStation 4, PC",1678,732,2025-12-29T08:25:11
257201,Star Wars Jedi: Fallen Order,2019-11-15,4.14,80.0,8,"Action, Adventure","PlayStation 4, PC, PlayStation 5, Xbox One",2265,579,2026-01-20T08:06:40
2462,Uncharted 4: A Thief’s End,2016-05-10,4.48,93.0,0,"Action, Shooter","PlayStation 5, PlayStation 4",3710,683,2026-01-15T12:54:24
11934,Counter-Strike: Source,2004-11-01,3.75,88.0,7,Shooter,"Linux, macOS, PC",1520,276,2026-01-14T11:27:58
4570,Dead Space (2008),2008-10-13,4.39,86.0,3,"Action, Shooter","PlayStation 3, PC, Xbox One, Xbox 360",2189,730,2026-01-14T11:56:36
4806,Mass Effect 2,2010-01-26,4.46,94.0,22,"Action, RPG","PC, Xbox One, PlayStation 3, Xbox 360",3064,609,2026-01-15T17:10:47
3017,Just Cause 3,2015-11-30,3.41,74.0,7,"Action, Shooter","Xbox One, PlayStation 4, PC",1575,597,2026-01-11T20:05:20
50738,Death Stranding,2019-11-08,4.32,84.0,11,"Action, Adventure","PC, PlayStation 4",2093,577,2026-01-15T17:53:36
3604,Metro: Last Light Redux,2014-08-25,4.13,76.0,7,"Action, Shooter","Nintendo Switch, PC, Linux, Xbox One, PlayStation 4, macOS",1693,602,2026-01-12T23:56:22
3543,Borderlands: The Pre-Sequel,2014-10-13,3.56,75.0,6,"Action, Shooter, RPG","Linux, macOS, PC, PlayStation 3, Xbox 360, Android",1381,570,2026-01-11T20:05:20
19301,Counter-Strike,2000-11-01,4.05,88.0,3,"Action, Shooter","Xbox, Linux, macOS, PC",1643,502,2026-01-20T11:52:14
3603,Metro 2033 Redux,2014-08-25,4.1,88.0,6,"Action, Shooter","PlayStation 4, Xbox One, Nintendo Switch, PC, macOS, Linux",1917,813,2026-01-12T23:56:35
13535,Left 4 Dead,2008-11-17,4.1,89.0,5,"Action, Shooter","PC, Xbox 360, macOS",1690,606,2026-01-12T23:56:28
11142,BioShock 2 Remastered,2016-09-15,4.0,,4,"Action, RPG","PlayStation 4, macOS, PC, Xbox One, Nintendo Switch",1009,455,2025-12-04T15:07:34
3747,Metal Gear Solid V: Ground Zeroes,2014-03-18,3.91,80.0,3,"Action, Shooter","Xbox 360, PC, PlayStation 3, PlayStation 4, Xbox One",1709,588,2026-01-10T20:10:09
274755,Hades,2020-09-17,4.42,93.0,10,"Action, Adventure, RPG, Indie","PlayStation 5, Xbox Series S/X, PlayStation 4, Nintendo Switch, PC, Xbox One",2059,620,2026-01-18T01:25:29
10141,NieR:Automata,2017-03-17,4.37,86.0,13,"Action, RPG","PlayStation 4, Nintendo Switch, PC, Xbox One",2157,665,2026-01-22T01:40:50
108,Mortal Kombat X,2015-04-07,3.86,76.0,7,"Action, Fighting","PC, Xbox One, PlayStation 4",2112,753,2026-01-13T22:43:53
4166,Mass Effect,2007-11-16,4.39,89.0,9,"Action, RPG","PC, Xbox One, Xbox 360, PlayStation 3",2682,543,2026-01-11T20:05:35
3636,The Last Of Us Remastered,2014-07-29,4.69,95.0,16,"Action, Adventure",PlayStation 4,2849,489,2026-01-12T23:57:10
4513,Just Cause 2,2010-03-23,3.62,84.0,3,"Action, Shooter","Xbox 360, PlayStation 3, Xbox One, PC",1361,589,2026-01-11T20:05:19
11147,ARK: Survival Of The Fittest,2016-03-15,2.6,,1,"Action, RPG, Strategy, Massively Multiplayer, Indie","Android, Linux, macOS, PC, iOS",523,345,2025-09-02T13:18:34
326292,Fall Guys: Ultimate Knockout,2020-08-04,3.74,80.0,6,"Action, Sports, Casual, Massively Multiplayer, Indie","Xbox One, PlayStation 4, PC, Nintendo Switch, Xbox Series S/X",1349,193,2026-01-18T20:07:20
22509,Minecraft,2009-05-10,4.44,83.0,26,"Action, Simulation, Arcade, Massively Multiplayer, Indie","Android, PS Vita, PlayStation 4, PlayStation 3, Xbox 360, Nintendo 3DS, Nintendo Switch, macOS, PC, iOS, Wii U, Xbox One, Linux",3098,365,2026-01-22T01:50:03
46889,Monster Hunter: World,2018-01-26,4.01,89.0,15,"Action, Adventure, RPG","PlayStation 4, Xbox One, PC",1624,616,2026-01-09T09:28:04
3191,Mad Max,2015-08-31,3.78,73.0,11,"Action, Adventure","PC, Xbox One, PlayStation 4, Xbox 360, Linux, macOS",1744,577,2026-01-15T13:24:51
613,Bastion,2011-07-20,4.15,86.0,4,"Action, Adventure, RPG, Indie","PlayStation 4, PS Vita, Xbox One, PC, iOS, Linux, Nintendo Switch, Xbox 360, macOS",1667,563,2026-01-11T20:05:19
25,Middle-earth: Shadow of War,2017-09-27,3.86,82.0,13,"Action, RPG","PC, Xbox One, PlayStation 4, Android",1375,392,2026-01-11T15:56:33
17576,Batman: Arkham City - Game of the Year Edition,2012-09-07,4.4,91.0,9,"Action, Adventure","PlayStation 4, Xbox 360, Xbox One, PlayStation 3, macOS, PC",1461,697,2026-01-02T19:12:22
480,Resident Evil 7: Biohazard,2017-01-23,4.33,85.0,10,"Action, Shooter, Adventure","macOS, PlayStation 4, PC, Xbox One, Nintendo Switch",1964,298,2026-01-21T01:22:20
10989,Paladins,2016-09-15,3.08,78.0,6,"Action, Shooter","macOS, PC, PlayStation 4, Xbox One, Nintendo Switch",1414,560,2026-01-05T22:18:30
923,Titanfall 2,2016-10-28,4.31,87.0,5,"Action, Shooter","Xbox One, PlayStation 4, PC",2063,628,2026-01-15T06:36:48
9810,ARK: Survival Evolved,2015-06-02,3.07,70.0,6,"Action, Adventure, RPG, Massively Multiplayer, Indie","Nintendo Switch, Xbox One, PlayStation 4, Linux, macOS, PC, iOS",665,627,2025-12-29T07:56:16
3387,Bloodborne,2015-03-24,4.41,92.0,12,"Action, RPG",PlayStation 4,2450,613,2026-01-18T21:42:01
10065,Cities: Skylines,2015-03-10,4.12,85.0,9,"Strategy, Simulation","Xbox One, PC, macOS, Linux, Nintendo Switch, PlayStation 4",1527,448,2026-01-11T20:05:18
3254,Journey,2012-03-13,4.32,92.0,2,"Adventure, Family, Indie","PC, iOS, PlayStation 4, PlayStation 3",2457,236,2026-01-18T20:06:31
17572,Batman: Arkham Asylum Game of the Year Edition,2010-03-26,4.38,91.0,8,"Action, Adventure, Platformer","PlayStation 3, PC, PlayStation 4, Xbox 360",1573,543,2025-12-12T22:16:38
13627,Undertale,2015-09-14,4.35,92.0,5,"RPG, Indie","Xbox Series S/X, Nintendo Switch, Xbox One, PC, macOS, Linux, PlayStation 4, PS Vita",1878,145,2026-01-18T20:08:35
9743,Unturned,2014-07-07,2.74,,3,"Action, Shooter","PlayStation 4, Linux, macOS, PC, Nintendo Switch, Xbox One",1111,279,2025-12-14T09:49:09
45969,Warhammer: Vermintide 2,2018-03-08,3.61,82.0,7,"Action, Indie","Xbox One, PC, PlayStation 4",778,259,2026-01-10T20:16:40
13910,XCOM: Enemy Unknown,2012-10-09,4.2,89.0,13,Strategy,"PC, Android, iOS, Xbox 360, PlayStation 3, macOS",1582,520,2026-01-05T00:09:36
13554,Fallout,1997-09-30,4.2,,1,RPG,"Classic Macintosh, PC, Linux, macOS",1218,601,2026-01-03T11:37:40
23585,Far Cry 5,2018-03-27,3.72,80.0,19,"Action, Shooter","PlayStation 4, PC, Xbox One",2160,401,2026-01-21T08:09:38
1416,Mafia II,2010-08-24,4.24,77.0,13,"Action, Shooter","PlayStation 3, Xbox 360, PC, Xbox One",2192,594,2026-01-21T14:21:56
18240,Brothers: A Tale of Two Sons,2013-08-07,4.18,90.0,3,"Action, Adventure, Indie","PlayStation 3, Xbox One, iOS, Nintendo Switch, Xbox 360, PlayStation 4, Android, PC",1637,639,2026-01-21T08:23:52
5525,Brutal Legend,2009-10-12,3.64,80.0,5,"Action, Strategy","Xbox 360, PlayStation 3, Xbox One, iOS, PC, Linux, macOS",1092,686,2026-01-04T16:16:40
28179,SEGA Mega Drive and Genesis Classics,2010-06-01,2.98,76.0,2,"Action, Adventure, RPG, Fighting, Platformer","PlayStation 4, macOS, Linux, Xbox One, Nintendo Switch, PC",571,407,2025-11-04T20:30:38
3687,Watch Dogs,2014-05-27,3.6,77.0,16,"Action, Adventure","Xbox One, Wii U, Xbox 360, PlayStation 3, PlayStation 4, PC",2205,671,2026-01-16T05:12:19
51329,Shadow of the Tomb Raider,2018-09-14,3.91,78.0,10,"Action, Adventure","PlayStation 4, PC, Xbox One, macOS, Linux",1646,671,2026-01-21T01:22:20
2743,Heavy Rain,2010-02-17,4.12,80.0,5,"Action, Adventure","PC, PlayStation 4, PlayStation 3",2454,456,2026-01-21T13:56:43
1450,INSIDE,2016-06-28,4.39,87.0,4,"Action, Adventure, Indie, Puzzle, Platformer","Nintendo Switch, PC, iOS, macOS, Xbox One, PlayStation 4",2565,266,2026-01-15T17:54:24
28201,Metro Exodus,2019-02-13,4.17,81.0,6,"Action, Shooter","PC, PlayStation 5, Xbox One, PlayStation 4",1698,641,2026-01-21T21:47:39
50734,Sekiro: Shadows Die Twice,2019-03-22,4.38,90.0,16,"Action, RPG","Xbox One, PC, PlayStation 4",2103,537,2026-01-18T20:08:23
2361,Psychonauts,2005-04-01,4.04,87.0,4,"Action, Platformer","PlayStation 3, Xbox One, iOS, PC, macOS, Linux, Xbox 360, PlayStation 2, PlayStation 4, Xbox",981,455,2026-01-12T23:57:58
9830,Brawlhalla,2014-04-30,3.23,,2,"Action, Casual, Fighting, Indie","Xbox One, Android, iOS, PC, macOS, Nintendo Switch, PlayStation 4",1110,414,2026-01-20T11:51:58
4280,Max Payne 3,2012-05-15,4.26,87.0,10,"Action, Shooter","PlayStation 3, PC, Xbox 360, macOS",1924,630,2026-01-11T20:05:15
2819,Firewatch,2016-02-08,4.3,81.0,5,"Adventure, Indie","macOS, Linux, Nintendo Switch, PlayStation 4, Xbox One, PC",2489,434,2026-01-21T08:19:55
3931,Saints Row IV,2013-08-20,3.82,86.0,13,"Action, Adventure","PlayStation 3, PC, Xbox One, PlayStation 4, Xbox 360, Linux",1632,594,2026-01-12T23:58:13
8488,Tom Clancy's Rainbow Six Siege,2015-12-01,3.88,75.0,32,"Action, Shooter","Xbox One, PC, PlayStation 4, Xbox Series S/X, PlayStation 5",1512,478,2026-01-13T09:01:12
58616,Assassin's Creed Odyssey,2018-10-05,3.98,85.0,31,"Action, RPG","PlayStation 4, PC, Xbox One, Nintendo Switch",2094,653,2026-01-20T20:49:14
2093,No Man's Sky,2016-08-09,3.71,75.0,15,"Action, Adventure, RPG, Simulation, Massively Multiplayer, Indie","Nintendo Switch, Xbox One, PC, PlayStation 4, PlayStation 5",1572,781,2026-01-11T20:04:19
3556,Alien: Isolation,2014-10-05,4.21,81.0,4,"Action, Adventure","PC, Xbox One, Nintendo Switch, Android, iOS, PlayStation 4",1462,545,2026-01-17T19:42:22
28568,Assassin's Creed II,2009-11-17,4.42,89.0,14,Action,"PlayStation 4, macOS, Xbox 360, PlayStation 3, Xbox One, PC",2940,639,2026-01-13T10:53:49
4223,The Darkness II,2012-02-07,3.71,77.0,3,Action,"PlayStation 3, macOS, PC, Xbox 360, Xbox One",1113,687,2026-01-11T20:05:11
262382,Disco Elysium,2019-10-14,4.37,91.0,6,"Adventure, RPG, Indie","PC, macOS, Xbox One, Nintendo Switch, PlayStation 4, Xbox Series S/X, PlayStation 5",1321,638,2026-01-11T20:05:41
58654,Hitman 2,2018-11-13,4.05,83.0,5,"Action, Shooter","Xbox One, PC, PlayStation 4",1222,309,2026-01-11T20:05:12
28154,Cuphead,2017-09-29,4.37,87.0,6,"Action, Indie, Platformer","PlayStation 4, Nintendo Switch, Xbox One, macOS, PC",2028,525,2026-01-18T20:08:33
3678,War Thunder,2013-08-15,3.19,81.0,6,"Action, Shooter, Massively Multiplayer","Xbox One, PC, macOS, Linux, PlayStation 4",1035,555,2026-01-15T17:51:18
4502,Darksiders,2010-01-05,3.76,83.0,3,Action,"PC, PlayStation 3, Xbox One, Xbox 360, Nintendo Switch",1210,680,2025-12-30T14:09:27
326243,Elden Ring,2022-02-25,4.39,95.0,62,"Action, RPG","PC, Xbox One, PlayStation 4, Xbox Series S/X, PlayStation 5",1433,586,2026-01-17T15:57:38
2235,Batman: Arkham Origins,2013-10-25,3.95,74.0,12,Action,"PlayStation 3, PC, Android, Xbox 360",1581,621,2026-01-11T20:05:07
11052,Titan Quest Anniversary Edition,2016-08-31,3.78,,5,"Action, RPG",PC,793,524,2026-01-15T17:48:35
28153,Assassin's Creed Origins,2017-10-27,3.97,81.0,28,"Action, RPG","Xbox One, PC, PlayStation 4",2090,335,2026-01-11T15:56:32
58777,DOOM Eternal,2020-03-20,4.37,86.0,12,"Action, Shooter","PC, PlayStation 4, Xbox One, Nintendo Switch, PlayStation 5",1415,695,2026-01-11T20:05:32
356714,Among Us,2018-07-25,3.84,82.0,5,"Action, Simulation, Casual","Android, Nintendo Switch, PC, iOS, PlayStation 4, PlayStation 5, Xbox One",1326,149,2026-01-18T18:56:41
10340,Crusader Kings II,2012-02-13,3.61,82.0,3,"Strategy, Simulation","PC, macOS, Linux",752,529,2026-01-16T19:13:19
58751,Halo Infinite,2021-12-08,3.65,84.0,2,"Action, Shooter, Adventure","Xbox One, PC, Xbox Series S/X",725,928,2026-01-12T05:38:55
1010,Transistor,2014-05-20,4.17,83.0,4,"Action, RPG, Indie","Nintendo Switch, PlayStation 4, PC, iOS, macOS, Linux",1468,517,2026-01-11T20:05:06
1682,The Wolf Among Us,2013-10-10,4.39,82.0,9,Adventure,"PS Vita, PlayStation 4, Xbox One, iOS, PC, Android, Xbox 360, macOS",2161,568,2026-01-04T11:59:39
3876,Deus Ex: Human Revolution - Director's Cut,2013-10-22,4.3,91.0,6,"Action, RPG","Wii U, PC, macOS, Xbox 360, PlayStation 3",1378,623,2026-01-04T11:59:37
2792,Layers of Fear,2016-02-16,3.54,72.0,3,"Adventure, Indie","PlayStation 4, Linux, macOS, PC, iOS, Xbox One",1120,575,2026-01-15T12:59:45
998,Battlefield 1,2016-10-21,3.84,88.0,6,"Action, Shooter","Xbox One, PC, PlayStation 4",1965,638,2026-01-11T20:05:06
4003,GRID 2,2013-05-27,3.29,80.0,3,"Racing, Arcade","PlayStation 3, Xbox 360, macOS, PC",827,412,2026-01-11T20:05:06
3497,Far Cry 4,2014-11-18,3.82,80.0,17,Shooter,"PlayStation 4, PlayStation 3, PC, Xbox One, Xbox 360",1914,512,2026-01-21T08:23:22
13461,Resident Evil 5,2009-03-05,3.82,86.0,11,"Action, Shooter","PlayStation 4, Nintendo Switch, Xbox 360, PC, Xbox One, PlayStation 3",1625,696,2026-01-11T16:19:38
1256,XCOM 2,2016-02-04,4.1,88.0,15,"RPG, Strategy","Nintendo Switch, macOS, PC, PlayStation 4, Linux",1307,653,2026-01-02T13:50:03
17959,Ori and the Blind Forest: Definitive Edition,2016-04-27,4.42,88.0,6,"Adventure, Platformer","Xbox One, PC, Nintendo Switch, Xbox 360",1713,511,2026-01-21T08:19:03
18613,Counter-Strike: Condition Zero,2004-03-01,3.14,65.0,1,Action,"PC, macOS, Linux",827,433,2026-01-07T07:55:04
15002,The Stanley Parable,2013-10-17,4.37,88.0,3,"Adventure, Indie","PC, macOS, Linux",2022,186,2026-01-21T08:23:48
12024,Insurgency,2014-01-22,3.42,74.0,4,"Action, Shooter, Indie","macOS, PC, Linux",966,566,2025-11-04T20:34:42
4527,Call of Duty: Modern Warfare 2,2009-11-10,4.27,86.0,22,Shooter,"PlayStation 3, macOS, PC, Xbox One, Xbox 360",2066,652,2026-01-22T03:51:37
22571,Black Desert Online,2014-12-01,2.91,73.0,4,"Action, Adventure, RPG, Strategy, Simulation, Massively Multiplayer","Xbox One, PC, PlayStation 4",647,600,2026-01-05T21:45:27
4599,Saints Row 2,2008-10-14,3.57,78.0,2,"Action, Shooter","Linux, PC, PlayStation 3, Xbox 360, Xbox One",896,530,2025-12-22T14:30:27
13268,Amnesia: A Machine for Pigs,2013-09-09,3.22,72.0,2,"Action, Adventure, Indie","Linux, macOS, PC",680,373,2026-01-05T07:20:30
19590,Ori and the Blind Forest,2015-03-10,4.38,88.0,6,"Adventure, Platformer","Xbox 360, Xbox One, PC",1524,553,2026-01-11T20:05:37
10560,Total War: SHOGUN 2,2011-03-14,3.61,90.0,5,Strategy,"macOS, PC, Linux",629,677,2025-12-06T19:58:42
10297,Sid Meier’s Civilization VI,2016-10-20,4.16,88.0,15,"Strategy, Simulation","iOS, PC, macOS, PlayStation 4, Xbox One, Nintendo Switch, Linux",1417,411,2026-01-16T19:09:47
28172,Kingdom Come: Deliverance,2018-02-13,4.04,71.0,10,"Action, Adventure, RPG","PlayStation 4, Xbox One, PC",1445,653,2026-01-04T20:43:22
13305,Assassin’s Creed III,2012-10-30,3.75,80.0,22,Action,"Wii U, Xbox 360, PlayStation 3, Xbox One, PlayStation 4, PC",2170,462,2026-01-04T11:59:58
3853,Trine 2: Complete Story,2013-06-05,3.72,84.0,4,"Action, Indie, Puzzle, Platformer","PlayStation 4, Nintendo Switch, PC, Linux, macOS",895,578,2025-12-16T13:40:19
11435,Viscera Cleanup Detail: Shadow Warrior,2013-09-26,2.59,,2,"Action, Simulation, Indie","macOS, PC",578,494,2025-11-04T20:31:15
3168,SOMA,2015-09-21,4.16,84.0,6,"Action, Adventure, Indie","PlayStation 4, Xbox One, PC, macOS, Linux",1437,508,2026-01-13T01:36:15
4544,Red Dead Redemption,2010-05-18,4.42,95.0,6,"Action, Shooter","PlayStation 4, PC, Xbox Series S/X, PlayStation 5, Nintendo Switch, Xbox One, Xbox 360, PlayStation 3",2183,470,2026-01-20T05:24:56
51325,The Last of Us Part II,2020-06-19,4.42,93.0,0,"Action, Shooter, Adventure","PlayStation 4, PlayStation 5",1963,632,2026-01-13T13:49:37
1090,This War of Mine,2014-11-14,4.06,83.0,4,"Adventure, Simulation, Indie","Android, PS Vita, Nintendo Switch, Linux, macOS, PC, iOS",1245,513,2026-01-11T11:37:25
10061,Watch Dogs 2,2016-11-28,3.84,79.0,17,"Action, Adventure","Xbox One, PlayStation 4, PC",1761,577,2026-01-01T21:35:40
3766,Thief,2014-02-25,3.26,70.0,5,"Action, Adventure","PlayStation 4, PlayStation 3, Xbox 360, Xbox One, macOS, PC",1277,691,2026-01-21T01:22:26
4013,Call of Juarez: Gunslinger,2013-05-14,3.8,79.0,5,"Action, Shooter","PlayStation 3, PC, Nintendo Switch, Xbox 360, Xbox One",840,661,2026-01-14T11:19:14
432,Grand Theft Auto III,2001-10-22,4.15,93.0,1,"Action, Shooter","macOS, PC, iOS, Android, PlayStation 4, PlayStation 2, Xbox",1634,462,2026-01-21T08:26:34
28202,Wolfenstein II: The New Colossus,2017-10-25,4.09,86.0,11,"Action, Shooter","PlayStation 4, PC, Nintendo Switch, Xbox One",1765,641,2026-01-21T21:15:50
17352,Killing Floor,2009-05-14,3.45,72.0,5,Action,"PC, Linux, macOS",854,603,2026-01-11T20:05:05
11726,Dead Cells,2018-08-07,4.24,88.0,10,"Action, RPG, Indie, Platformer","Xbox One, Nintendo Switch, PlayStation 4, macOS, Linux, iOS, PC",1729,361,2026-01-09T09:30:12
952,Shadowrun Returns,2013-07-24,3.5,76.0,4,"RPG, Strategy, Indie","PC, macOS, Android, Linux, iOS",730,589,2025-11-12T16:33:26
906,Call of Duty: Black Ops III,2015-11-06,3.28,73.0,16,"Action, Shooter","Xbox 360, Xbox One, PlayStation 3, PC, PlayStation 4",1495,568,2026-01-11T20:05:05
1358,"Papers, Please",2013-08-08,4.38,85.0,4,"Simulation, Educational, Indie, Puzzle","Linux, macOS, PC, iOS, Android, PS Vita",1759,253,2026-01-15T17:54:53
3990,The Last Of Us,2013-06-14,4.54,95.0,15,"Action, Adventure","PlayStation 3, PlayStation 4",3321,643,2026-01-13T01:38:46
10073,Divinity: Original Sin 2,2017-09-14,4.38,95.0,22,"RPG, Strategy","PlayStation 4, Nintendo Switch, PC, Xbox One",1656,336,2026-01-18T20:07:52
18272,Magicka,2011-01-25,3.79,74.0,5,"Action, RPG","Android, PC",1093,625,2026-01-18T20:09:32
10548,Darksiders Warmastered Edition,2016-11-29,3.68,79.0,5,"Action, RPG","Xbox One, PC, Nintendo Switch, Wii U, PlayStation 4",936,678,2026-01-05T20:21:48
43877,Quake Champions,2017-08-22,3.26,,2,"Action, Shooter",PC,1017,326,2026-01-09T01:42:43
3474,Lara Croft and the Temple of Osiris,2014-12-08,3.09,73.0,2,"Action, Adventure, Puzzle","Xbox One, PlayStation 4, PC",650,664,2025-11-18T09:21:52
28492,Dead Island,2011-09-06,3.48,74.0,7,"Action, Shooter, RPG","PC, Xbox 360, PlayStation 3",1358,565,2025-12-24T20:59:42
59359,A Plague Tale: Innocence,2019-05-13,4.15,82.0,7,"Action, Adventure","PC, Xbox Series S/X, PlayStation 4, PlayStation 5, Xbox One, Nintendo Switch",1519,601,2026-01-21T14:31:41
3757,South Park: The Stick of Truth,2014-03-04,4.22,84.0,12,"Adventure, RPG","Xbox One, PlayStation 4, PlayStation 3, PC, Nintendo Switch, Xbox 360",1713,313,2026-01-21T08:23:33
10419,Subnautica,2018-01-23,4.24,83.0,10,"Adventure, Indie","PlayStation 4, Xbox Series S/X, PC, macOS, Nintendo Switch, Xbox One, PlayStation 5",1466,888,2026-01-06T04:57:41
559,Fallout Shelter,2015-06-15,3.42,63.0,3,"RPG, Simulation","PlayStation 4, Xbox One, PC, Nintendo Switch, Android, iOS",1526,408,2026-01-15T17:53:58
3740,FEZ,2012-04-13,4.0,91.0,2,"Action, Adventure, Indie, Puzzle, Platformer","Nintendo Switch, PlayStation 3, Xbox 360, PlayStation 4, PS Vita, iOS, PC, macOS, Linux",1173,169,2026-01-02T07:29:12
19542,Half-Life: Blue Shift,2001-06-01,3.72,71.0,2,"Action, Shooter","Linux, macOS, PC, Dreamcast",761,199,2026-01-17T06:08:40
56184,Resident Evil 4 (2005),2005-01-11,4.4,83.0,5,"Action, Shooter","GameCube, Android, PC, iOS, PlayStation 4, PlayStation 2, Wii",1832,501,2026-01-17T13:45:00
21265,Half-Life: Opposing Force,1999-11-19,3.86,,3,"Action, Shooter","Linux, macOS, PC",744,264,2026-01-17T06:08:40
4954,Castle Crashers,2008-08-27,3.89,84.0,4,"Action, Indie","PlayStation 3, Xbox 360, Nintendo Switch, PC, macOS",1217,476,2026-01-18T20:07:11
1244,Darkest Dungeon,2016-01-18,4.17,84.0,8,"RPG, Strategy, Indie","PC, macOS, Nintendo Switch, Linux, PS Vita, Xbox One, PlayStation 4",1352,537,2025-12-26T02:22:00
8146,Assassin's Creed Unity,2014-11-11,3.63,71.0,14,Action,"PlayStation 4, PC, Xbox One",1705,500,2026-01-02T11:15:03
2572,DiRT Rally,2015-12-07,3.69,86.0,4,"Simulation, Sports, Racing","PlayStation 4, PC, macOS, Xbox One, Linux",673,426,2026-01-07T07:56:57
14348,Dying Light: The Following - Enhanced Edition,2015-01-26,4.13,87.0,17,"Action, RPG","macOS, PC, Linux, Xbox One, PlayStation 4",1103,702,2026-01-02T12:18:27
15859,Star Wars: Knights of the Old Republic,2003-07-15,4.35,88.0,2,"Action, RPG","Xbox 360, Xbox, Nintendo Switch, Xbox One, Android, iOS, PC, macOS",1467,536,2026-01-02T11:19:53
865,Call of Duty: Black Ops,2010-11-09,4.05,81.0,9,"Action, Shooter","iOS, Nintendo DS, PlayStation 3, macOS, PC, Xbox One, Wii, Xbox 360",1859,706,2026-01-15T17:52:33
9475,Don't Starve,2013-04-22,3.85,79.0,4,Indie,"PlayStation 3, PS Vita, Linux, Wii U, Xbox One, PC, macOS, PlayStation 4",1127,436,2026-01-02T07:29:32
857,Halo: The Master Chief Collection,2014-11-11,4.25,85.0,7,"Action, Adventure","PC, Xbox One",1091,633,2025-12-24T20:58:20
4639,Dragon Age: Origins,2009-11-03,4.39,91.0,7,RPG,"Xbox 360, Xbox One, macOS, PlayStation 3, PC",1964,651,2026-01-15T06:34:01
3015,Chivalry: Medieval Warfare,2012-10-16,3.41,79.0,4,"Action, Indie","PC, Xbox One, Xbox 360, PlayStation 3, PlayStation 4, macOS, Linux",838,657,2026-01-07T07:57:40
19384,The Binding of Isaac,2011-09-28,3.91,84.0,5,"Action, RPG, Indie","macOS, PC",1183,175,2026-01-07T07:53:07
3486,Syberia,2002-01-09,3.94,82.0,3,"Adventure, Puzzle","Nintendo DS, Nintendo Switch, macOS, PC, iOS, PlayStation 3, Xbox 360, Android",794,561,2026-01-17T10:56:48
18241,DmC: Devil May Cry,2013-01-15,4.02,85.0,6,"Action, Adventure","PlayStation 3, PC, Xbox One, PlayStation 4, Xbox 360",1556,1146,2026-01-10T21:18:05
6617,Quantum Break,2016-04-05,3.91,66.0,6,"Action, Shooter","PC, Xbox One",1336,555,2026-01-06T02:41:42
4550,Dead Space 2,2011-01-25,4.38,87.0,5,"Action, Shooter","Xbox 360, PC, Xbox One, PlayStation 3",1398,677,2026-01-20T16:53:33
3932,The Bureau: XCOM Declassified,2013-08-20,3.05,66.0,3,"Action, Shooter","Xbox 360, PC, PlayStation 3, macOS",656,528,2026-01-13T21:39:35
16112,Sleeping Dogs: Definitive Edition,2014-10-08,4.15,76.0,6,"Action, Adventure","Xbox One, PC, macOS, PlayStation 4",1178,657,2026-01-01T21:46:52
28623,Batman: Arkham City,2011-10-18,4.41,94.0,20,Action,"PlayStation 3, Nintendo Switch, macOS, PlayStation 4, Xbox One, PC, Xbox 360",2157,636,2026-01-13T01:47:55
5562,Fallout 3,2008-10-28,4.08,91.0,4,"Shooter, RPG","Xbox 360, PC, Xbox One, PlayStation 3",1938,659,2026-01-17T15:49:40
58755,Devil May Cry 5,2019-03-08,4.25,88.0,9,Action,"PlayStation 5, Xbox One, PC, PlayStation 4",1534,474,2026-01-06T11:51:04
3771,Rayman Legends,2013-08-29,4.16,89.0,5,Platformer,"Xbox One, Xbox 360, PlayStation 3, PC, Nintendo Switch, Wii U, PlayStation 4, PS Vita",1560,506,2025-12-13T01:16:17
492,Yakuza 0,2015-03-12,4.37,85.0,8,"Action, RPG","PC, PlayStation 4, PlayStation 3, Xbox One",1132,525,2026-01-16T05:12:56
3028,Beyond: Two Souls,2013-10-07,3.8,73.0,4,"Action, Adventure","PC, PlayStation 3, PlayStation 4",1771,526,2026-01-05T23:04:20
17875,Guacamelee! Super Turbo Championship Edition,2014-07-01,3.55,86.0,3,"Action, Indie, Platformer","PlayStation 4, Xbox 360, Wii U, Nintendo Switch, PC, Xbox One",824,445,2026-01-11T20:05:03
29338,Days Gone,2019-04-26,3.97,74.0,10,Action,"PC, PlayStation 4",1384,661,2026-01-19T13:14:06
1169,Mafia III,2016-10-06,3.14,62.0,9,"Action, Adventure","macOS, PC, Xbox One, PlayStation 4",1367,539,2026-01-11T20:05:05
3842,Battlefield 4,2013-10-29,3.95,81.0,6,Shooter,"PC, Xbox One, PlayStation 4, Xbox 360, PlayStation 3",1602,667,2026-01-15T17:52:03
7819,SUPERHOT,2016-02-24,4.19,82.0,4,"Action, Shooter, Indie","PlayStation 4, Nintendo Switch, macOS, Xbox One, Linux, Web, PC",1537,194,2026-01-16T19:04:57
817974,Wallpaper Engine,2016-10-10,4.04,,13,Casual,"Android, PC",257,109,2025-11-17T16:12:15
17126,Torchlight II,2012-09-20,3.84,88.0,10,"Action, RPG","PC, PlayStation 4, Nintendo Switch, Xbox One, macOS, Linux",1070,571,2026-01-11T20:05:04
42187,The Sims 4,2014-09-02,3.67,67.0,4,"Strategy, Simulation, Casual","PlayStation 4, macOS, PC, Xbox One, Xbox Series S/X",1151,485,2026-01-13T22:45:26
42,What Remains of Edith Finch,2017-04-23,4.38,89.0,3,"Adventure, Indie","Xbox One, iOS, PC, Nintendo Switch, PlayStation 4",2030,189,2026-01-21T08:11:47
1959,Goat Simulator,2014-04-01,3.18,62.0,3,"Action, Simulation, Casual, Indie","Xbox One, Xbox 360, PlayStation 3, PlayStation 4, Android, iOS, macOS, Linux, PC",1193,507,2025-11-21T09:44:23
5703,Uncharted 3: Drake's Deception,2011-11-01,4.37,92.0,12,Action,"PlayStation 4, PlayStation 3",1942,678,2026-01-18T00:47:22
21924,Call of Duty: WWII,2017-11-03,3.55,77.0,6,"Action, Shooter","PlayStation 4, Xbox One, PC",1175,475,2026-01-11T15:56:32
19365,Homefront,2011-03-15,2.96,70.0,2,Shooter,"PlayStation 3, PC, Xbox 360",814,648,2025-11-04T20:30:57
3892,Sniper Elite V2,2012-05-01,3.4,66.0,4,"Action, Shooter","PC, Wii U, Xbox 360, PlayStation 3",850,727,2026-01-18T07:42:39
28199,Ori and the Will of the Wisps,2020-03-10,4.42,91.0,11,"Action, Adventure, Platformer","Xbox One, PC, Nintendo Switch, Xbox Series S/X",1294,434,2026-01-21T08:06:46
3408,Hotline Miami 2: Wrong Number,2015-03-09,4.28,72.0,7,"Action, Shooter, Arcade, Indie","Android, PS Vita, PlayStation 4, PlayStation 3, Linux, macOS, PC, Nintendo Switch, iOS",1325,257,2026-01-18T20:08:36
5159,Resident Evil 2 (1998),1998-01-21,4.32,90.0,13,Action,"Dreamcast, GameCube, Nintendo 64, PC, PlayStation",926,620,2025-12-26T14:58:46
2623,Resident Evil 6,2012-10-02,3.43,67.0,8,"Action, Shooter","Web, Nintendo Switch, PC, Xbox One, PlayStation 4, Xbox 360, PlayStation 3",1274,637,2026-01-21T01:22:24
1774,Grim Fandango Remastered,2015-01-26,4.0,84.0,5,"Adventure, Puzzle","PC, PlayStation 4, PS Vita, Xbox One, Nintendo Switch, iOS, Linux, macOS, Android",905,577,2026-01-05T00:25:55
2873,The Witness,2016-01-25,4.0,87.0,4,"Adventure, Indie, Puzzle","Android, macOS, PC, iOS, Xbox One, PlayStation 4",1278,488,2026-01-21T08:20:09
624,FTL: Faster Than Light,2012-09-14,4.25,84.0,6,"Strategy, Simulation, Indie","PC, Linux, iOS, macOS",963,452,2025-12-14T09:47:25
28559,Dragon Age: Inquisition,2014-11-18,3.8,86.0,4,"Action, RPG, Strategy","Xbox 360, PlayStation 3, PlayStation 4, Xbox One, PC",1557,698,2026-01-04T11:58:52
2733,Broforce,2015-10-15,4.02,83.0,6,"Action, Indie, Platformer","Nintendo Switch, PlayStation 4, Linux, macOS, PC",1315,388,2026-01-17T04:33:58
9609,Euro Truck Simulator 2,2012-10-19,4.12,79.0,12,"Simulation, Indie","Linux, macOS, PC",903,474,2026-01-10T20:25:20
274762,The Outer Worlds,2019-10-25,3.85,80.0,8,"Action, Shooter, Adventure, RPG","PlayStation 4, PC, Nintendo Switch, Xbox One",1481,449,2026-01-11T20:05:03
11276,Call of Duty: Modern Warfare 3,2011-11-08,3.78,85.0,8,"Action, Shooter","PC, macOS, Wii, Xbox 360, PlayStation 3, iOS, Xbox One",1639,673,2026-01-22T03:51:18
9600,The Forest,2018-04-30,3.74,,8,"Action, Adventure, Indie","PC, PlayStation 4",925,437,2026-01-06T02:42:48
16209,Kingdom: Classic,2015-09-21,3.39,74.0,4,"Strategy, Simulation, Indie","Linux, macOS, PC",577,412,2025-12-16T13:40:46
22511,The Legend of Zelda: Breath of the Wild,2017-03-03,4.47,97.0,121,"Action, Adventure, RPG","Nintendo Switch, Wii U",3166,318,2026-01-16T05:11:19
11686,POSTAL 2,2003-04-13,3.9,59.0,4,"Action, Shooter, Adventure, Indie","macOS, PC, Linux",1065,486,2026-01-20T16:52:09
58753,Forza Horizon 4,2018-10-02,4.37,90.0,13,"Racing, Arcade","PC, Xbox One, Xbox Series S/X",1641,476,2026-01-14T17:06:04
23322,Surviving Mars,2018-03-14,3.47,75.0,4,"Strategy, Simulation","PlayStation 4, Xbox One, PC, macOS, Linux",470,259,2025-12-25T09:58:51
15834,The Walking Dead: Season 2,2013-12-16,4.06,80.0,10,"Action, Adventure","macOS, PC, iOS, Android, PS Vita, PlayStation 3, Xbox 360, Nintendo Switch, PlayStation 4, Xbox One",1466,648,2026-01-04T11:59:28
58617,Borderlands 3,2019-09-13,3.87,83.0,11,"Action, Shooter, Adventure, RPG","Nintendo Switch, PC, Xbox One, PlayStation 4, PlayStation 5, Xbox Series S/X",967,978,2026-01-11T20:05:02
22781,Syberia 2,2004-03-30,3.88,80.0,5,"Adventure, Puzzle","iOS, Xbox, Android, PlayStation 3, PlayStation 2, Xbox 360, Nintendo Switch, macOS, PC",573,607,2025-11-16T22:19:35
3371,Dark Souls II: Scholar of the First Sin,2015-04-01,4.15,79.0,25,"Action, RPG","PlayStation 4, Xbox One, PC",1217,719,2026-01-11T20:05:02
4440,Deus Ex: Human Revolution,2011-08-22,4.36,89.0,17,"Action, RPG","PlayStation 3, Xbox One, PC, macOS, Xbox 360",1543,544,2026-01-11T20:04:07
16113,Sleeping Dogs,2012-08-14,4.13,81.0,14,"Action, Adventure","PC, Xbox 360, PlayStation 3",1317,652,2026-01-03T18:58:00
18336,Alan Wake's American Nightmare,2012-02-22,3.41,73.0,3,"Action, Shooter","Xbox 360, PC, Xbox One",818,485,2026-01-05T21:51:34
16343,A Story About My Uncle,2014-05-27,3.15,73.0,3,"Adventure, Arcade, Casual, Indie, Platformer","PC, macOS, Linux",642,512,2025-11-04T20:33:42
4101,Bayonetta,2009-06-23,4.3,90.0,5,"Action, Adventure","PlayStation 4, PlayStation 3, Xbox 360, Wii U, PC, Xbox One, Nintendo Switch",1156,709,2026-01-13T21:58:16
13194,To the Moon,2011-01-10,4.29,81.0,4,"Action, Adventure, RPG, Casual, Indie","PC, Nintendo Switch, Android, Linux, iOS, macOS",1136,339,2026-01-21T08:25:18
752,SMITE,2015-08-19,3.05,83.0,3,Action,"PlayStation 4, Nintendo Switch, Xbox One, macOS, PC",803,670,2025-06-12T20:28:09
22121,Celeste,2018-01-25,4.37,91.0,6,"Indie, Platformer","Xbox One, PC, macOS, Nintendo Switch, PlayStation 4, Linux",1690,678,2026-01-11T20:05:33
20406,Team Fortress Classic,1999-04-01,2.92,,1,"Action, Shooter, Massively Multiplayer","Linux, macOS, PC",386,261,2025-10-16T08:30:32
14446,Call of Duty: Black Ops II,2012-11-13,3.96,74.0,5,"Action, Shooter","Wii U, Xbox One, Xbox 360, PlayStation 3, PC",1422,619,2026-01-11T20:05:01
306124,Borderlands Game of the Year Enhanced,2019-04-03,3.79,78.0,3,"Action, Shooter, RPG","PC, Nintendo Switch, PlayStation 4, Xbox One",1033,714,2025-12-24T20:58:31
45821,Frostpunk,2018-04-24,4.19,85.0,6,"Strategy, Simulation","Xbox One, Nintendo Switch, PlayStation 4, PC",1057,403,2026-01-20T14:50:29
2728,Tom Clancy’s The Division,2016-03-07,3.7,80.0,27,"Action, Shooter, RPG","PC, Xbox One, PlayStation 4",1342,670,2025-12-24T18:15:51
12756,"Warhammer 40,000: Space Marine",2011-09-05,3.47,74.0,5,"Action, Shooter","PC, PlayStation 3, Xbox 360",747,726,2026-01-13T18:11:13
15426,Black Mesa,2020-03-06,4.35,86.0,6,"Action, Shooter, Indie","PC, Linux",1070,543,2026-01-21T14:18:49
4573,PAYDAY The Heist,2011-10-18,3.34,76.0,4,"Action, Shooter","PC, PlayStation 3",780,595,2025-11-24T22:44:54
4094,Metal Gear Rising: Revengeance,2013-02-19,4.25,83.0,6,Action,"PlayStation 3, Xbox 360, PC, Android, Xbox One",1248,671,2026-01-07T07:52:27
2553,Ratchet & Clank,2016-04-12,4.05,85.0,18,"Action, Shooter, Adventure",PlayStation 4,1458,531,2026-01-02T07:30:41
4123,Batman: Arkham Asylum,2009-08-25,4.4,91.0,13,Action,"Nintendo Switch, macOS, PC, PlayStation 4, PlayStation 3, Xbox 360, Xbox One",2313,653,2026-01-21T01:22:17
14512,Age of Wonders III,2014-03-31,2.92,80.0,4,"RPG, Strategy","PC, macOS, Linux",446,559,2025-08-27T13:15:36
3631,inFAMOUS Second Son,2014-03-21,3.91,80.0,0,Action,PlayStation 4,1641,661,2025-12-05T20:45:10
42895,Assassin's Creed Syndicate,2015-10-23,3.66,74.0,22,Action,"PC, Xbox One, PlayStation 4",1511,687,2025-12-26T03:16:24
58550,Ghost of Tsushima,2020-07-17,4.41,83.0,0,"Action, Adventure, RPG","PlayStation 4, PC, PlayStation 5",1125,469,2026-01-20T08:05:25
9966,Dead by Daylight,2016-06-14,3.5,72.0,10,Action,"Nintendo Switch, PC, PlayStation 4, Xbox One, PlayStation 5",986,1119,2026-01-05T20:07:24
30899,Mafia: The City of Lost Heaven,2002-08-28,4.35,88.0,2,Action,"PlayStation 2, PC, Xbox",1308,463,2026-01-11T20:05:33
18614,Half-Life: Source,2004-06-01,3.71,,1,Action,"Linux, PC, macOS",553,235,2025-12-05T20:36:55
2597,LEGO The Lord of the Rings,2012-10-30,3.56,80.0,2,"Action, Adventure","PC, iOS, Nintendo DS, PlayStation 3, Nintendo 3DS, Xbox 360, Wii, PS Vita, Android",619,556,2026-01-15T22:09:22
2115,Overcooked,2016-08-01,4.07,81.0,4,"Simulation, Arcade, Casual, Indie","PlayStation 4, Nintendo Switch, Xbox One, PC",1350,350,2026-01-17T11:31:37
9671,Rust,2018-02-09,3.37,66.0,15,"Action, Shooter, RPG, Massively Multiplayer, Indie","PlayStation 4, Xbox One, PC, macOS, Linux",856,512,2025-12-28T10:01:58
17857,S.T.A.L.K.E.R.: Shadow of Chernobyl,2007-03-19,4.27,82.0,3,"Action, Shooter, Adventure, RPG","Xbox Series S/X, PC, Xbox One, Nintendo Switch, PlayStation 4",1344,601,2026-01-15T17:55:54
28152,STAR WARS Battlefront II,2017-11-17,3.58,74.0,4,"Action, Shooter, Adventure","PlayStation 4, PC, Xbox One",1364,591,2025-12-26T02:23:18
13247,Human: Fall Flat,2016-07-22,3.83,70.0,5,"Action, Indie, Puzzle","Android, Linux, macOS, PC, iOS, PlayStation 4, Xbox One, Nintendo Switch",1026,253,2026-01-17T11:31:50
13913,Deus Ex: Game of the Year Edition,2000-06-22,4.11,90.0,1,"Action, Shooter, RPG","macOS, PlayStation 2, PlayStation 3, PC",574,424,2025-12-26T01:54:10
50778,A Way Out,2018-03-23,4.12,78.0,6,"Action, Adventure","PC, Xbox One, PlayStation 4",1608,531,2026-01-21T12:18:11
3209,Until Dawn,2015-08-25,4.1,79.0,14,"Action, Adventure","PlayStation 4, PlayStation 3",1742,549,2026-01-06T04:53:20
46956,Doki Doki Literature Club!,2017-09-22,4.06,78.0,3,"Adventure, Indie","Linux, PC, macOS",1291,237,2026-01-18T20:09:08
19569,Hitman: Blood Money,2006-05-29,4.31,82.0,2,"Action, Shooter","Xbox, PlayStation 4, PlayStation 3, PlayStation 2, PC, Xbox 360",1042,517,2026-01-11T20:05:00
14962,Dark Souls: Prepare To Die Edition,2012-08-23,4.37,85.0,14,"Action, RPG","Xbox 360, PlayStation 3, PC",1259,677,2026-01-11T20:05:00
750,FINAL FANTASY XV,2016-11-29,3.87,82.0,5,RPG,"PlayStation 4, PC, Xbox One",1422,556,2026-01-02T07:31:02
2518,Max Payne,2001-07-25,4.45,89.0,2,"Action, Shooter","PC, PlayStation 3, Xbox, Classic Macintosh, PlayStation 2, Xbox 360, PlayStation 4",2033,462,2026-01-13T01:44:53
11312,The Long Dark,2014-09-22,3.91,76.0,5,"Action, Adventure, Simulation, Indie","PlayStation 4, Xbox One, Nintendo Switch, PC, macOS, Linux",867,407,2026-01-11T10:14:41
18183,Company of Heroes,2006-09-11,3.68,93.0,7,Strategy,"PC, iOS",564,450,2025-11-04T20:30:53
5193,Oddworld: Abe's Oddysee,1997-09-19,3.54,85.0,3,"Action, Platformer","PlayStation 5, PlayStation 4, PC, PlayStation",562,566,2025-12-25T22:01:23
14016,Tropico 4,2011-08-24,3.51,78.0,4,"Strategy, Simulation","PC, Xbox 360, Xbox One, macOS",511,547,2025-11-06T07:17:27
250,The Binding of Isaac: Rebirth,2014-11-03,4.32,86.0,31,"Action, RPG","Xbox One, macOS, Linux, Nintendo Switch, Nintendo 3DS, Wii U, PlayStation 4, PS Vita, iOS, PC",1161,221,2026-01-09T09:40:43
670682,Counter-Strike: Condition Zero Deleted Scenes,2004-03-23,2.88,,1,Shooter,"PC, macOS, Linux",179,205,2025-12-22T11:09:27
3368,Titan Souls,2015-04-13,3.34,74.0,1,"Action, Indie","PlayStation 4, PS Vita, PC, macOS",528,317,2026-01-11T20:04:59
274480,Mortal Kombat 11,2019-04-22,3.97,82.0,9,"Action, Adventure, Fighting","Nintendo Switch, Xbox One, PC, PlayStation 4, Xbox Series S/X, PlayStation 5",1138,495,2026-01-11T20:04:59
16359,Divinity: Original Sin - Enhanced Edition,2015-10-27,4.25,94.0,8,"RPG, Indie","PC, Linux, macOS, PlayStation 4, Xbox One",1026,433,2026-01-19T21:41:56
3346,Wolfenstein: The Old Blood,2015-05-04,4.0,76.0,7,"Action, Shooter","Xbox One, PlayStation 4, PC",1135,699,2026-01-04T11:58:42
17803,Ryse: Son of Rome,2013-11-22,3.59,61.0,6,"Action, Adventure","Xbox One, PC",973,740,2026-01-06T18:26:11
452638,Stray,2022-07-19,4.15,82.0,5,"Action, Adventure, Indie, Puzzle, Platformer","macOS, Xbox One, Nintendo Switch, PC, Xbox Series S/X, PlayStation 5, PlayStation 4",1234,144,2026-01-21T10:59:37
10449,Darksiders II Deathinitive Edition,2015-11-05,3.79,75.0,9,"Action, RPG","PlayStation 4, Xbox One, Nintendo Switch, PC",679,722,2026-01-06T11:32:01
51610,Dark Souls: Remastered,2018-05-23,4.47,84.0,15,"Action, RPG","Nintendo Switch, PC, PlayStation 4, Xbox One",1455,366,2026-01-18T20:07:49
9653,Hacknet,2015-08-11,3.19,82.0,3,"Simulation, Indie","PC, macOS, Linux",491,187,2025-08-30T22:22:07
15858,Star Wars: Knights of the Old Republic II – The Sith Lords,2004-12-06,4.36,85.0,4,"Adventure, RPG","Xbox, Xbox 360, Linux, macOS, PC, Nintendo Switch, Android",924,547,2026-01-11T20:05:36
9793,Guns of Icarus Online,2012-09-30,2.59,64.0,4,"Action, Simulation, Indie","Linux, PC, macOS",404,551,2025-11-04T20:31:54
19299,Fallout 2,1998-09-30,4.34,86.0,2,RPG,"macOS, PC",1146,523,2026-01-03T11:37:53
3554,The Evil Within,2014-10-12,3.97,68.0,6,"Action, Shooter, Adventure","PlayStation 3, PlayStation 4, Xbox 360, PC, Xbox One",1159,625,2025-12-18T09:40:17
13628,Dear Esther: Landmark Edition,2017-02-14,3.31,,1,"Adventure, Casual, Indie","PlayStation 4, Xbox One, PC, macOS",436,372,2025-12-24T18:47:27
12320,Prison Architect,2015-10-05,3.73,83.0,5,"Strategy, Simulation, Indie","Xbox One, PC, macOS, Linux, Nintendo Switch, PlayStation 4",586,378,2025-10-08T20:18:43
10090,Beholder,2016-11-08,3.81,75.0,4,"Adventure, RPG, Strategy, Indie","Nintendo Switch, iOS, Xbox One, PC, macOS, Linux, PlayStation 4, Android",727,359,2026-01-06T02:43:24
50781,Sea of Thieves,2018-03-20,3.69,68.0,13,"Action, Adventure, Massively Multiplayer","PC, PlayStation 5, Xbox Series S/X, Xbox One",1053,468,2026-01-07T07:50:56
17380,Sid Meier's Civilization III Complete,2001-10-29,3.7,90.0,1,"Strategy, Simulation",PC,464,529,2026-01-02T12:43:32
10092,Minion Masters,2019-05-24,2.29,,5,"Action, Strategy, Indie","Xbox One, PC",389,457,2025-10-05T13:50:14
19451,Fallout 3: Game of the Year Edition,2009-10-13,4.14,91.0,4,"Action, RPG","Xbox 360, PlayStation 3, PC",942,656,2026-01-15T17:53:55
455597,It Takes Two,2021-03-26,4.47,88.0,10,"Action, Adventure, Platformer","PlayStation 5, Xbox Series S/X, PlayStation 4, PC, Nintendo Switch, Xbox One",1704,870,2026-01-21T16:42:49
15274,Jotun: Valhalla Edition,2015-09-29,3.07,79.0,3,"Action, Indie","PlayStation 4, Nintendo Switch, PC, Xbox One, Linux, macOS",510,497,2025-10-25T13:47:05
4729,Assassin's Creed,2007-11-13,3.92,80.0,5,Action,"PC, PlayStation 3, Xbox 360, Xbox One",2011,617,2026-01-11T16:04:00
3427,Murdered: Soul Suspect,2014-06-03,3.47,59.0,5,"Action, Adventure, RPG","Xbox One, PC, PlayStation 4, PlayStation 3, Xbox 360",987,618,2025-12-06T09:13:32
3729,LEGO The Hobbit,2014-04-08,3.4,70.0,2,"Action, Adventure, Family","PC, PlayStation 3, Nintendo 3DS, Xbox 360, Xbox One, Wii U, PlayStation 4, PS Vita, macOS",468,533,2025-12-26T11:13:53
12569,Starbound,2016-07-22,3.82,81.0,17,"Action, RPG, Casual, Indie","Linux, PC, macOS",851,396,2026-01-11T20:04:58
58813,Resident Evil 2,2019-01-25,4.5,91.0,11,"Action, Shooter, Adventure","Nintendo Switch, PlayStation 5, PlayStation 4, PC, macOS, Xbox One",2248,541,2026-01-21T01:22:19
5161,Braid,2008-08-06,4.16,92.0,2,"Action, Arcade, Indie, Puzzle, Platformer","PlayStation 3, Xbox One, iOS, PC, macOS, Linux, Xbox 360",997,537,2026-01-02T18:21:57
829,Killing Floor 2,2016-11-18,3.53,75.0,9,Action,"PlayStation 4, Xbox One, PC",814,775,2026-01-05T20:05:37
19452,F.E.A.R.,2005-10-18,4.26,88.0,2,"Action, Shooter","PC, PlayStation 3, Xbox 360",1028,645,2026-01-11T20:04:57
3912,Sanctum 2,2013-05-15,2.97,77.0,3,"Action, Shooter, Strategy, Indie","macOS, Linux, PlayStation 3, Xbox 360, PC",398,542,2025-12-31T14:12:54
3449,Resident Evil,1996-03-22,4.18,91.0,4,"Action, Shooter","SEGA Saturn, PC, PlayStation",796,561,2025-12-26T15:00:14
10001,Serious Sam Fusion 2017 (beta),2017-03-20,3.05,,1,"Action, Indie","PC, macOS, Linux",328,562,2026-01-05T20:22:11
14062,Red Orchestra 2: Heroes of Stalingrad with Rising Storm,2011-09-13,3.25,76.0,4,Action,PC,434,604,2025-12-22T13:59:32
14690,Trine Enchanted Edition,2009-07-02,3.82,80.0,4,"Action, Arcade, Indie, Platformer","Nintendo Switch, PlayStation 4, macOS, PC, Linux",725,510,2025-12-16T13:40:11
10064,Assassin’s Creed Brotherhood,2010-11-16,4.28,88.0,16,Action,"macOS, PC, PlayStation 3, Xbox 360, Xbox One, PlayStation 4",1714,658,2026-01-04T12:00:39
5578,GRID (2008),2008-06-03,3.66,87.0,1,Racing,"Xbox 360, Nintendo DS, PC, PlayStation 3, Xbox One",524,419,2026-01-11T20:04:57
678,Neverwinter,2013-06-20,2.93,74.0,6,"Action, RPG, Massively Multiplayer","PlayStation 4, Xbox One, PC",643,689,2025-10-11T06:48:47
17174,Resident Evil Revelations 2,2015-02-24,3.68,72.0,4,"Action, Adventure","PC, Nintendo Switch, Xbox One, Xbox 360, PlayStation 3, PlayStation 4, PS Vita",766,641,2025-12-31T14:13:12
2574,Enter the Gungeon,2016-04-04,4.07,84.0,6,"Action, Shooter, Indie","PlayStation 4, Nintendo Switch, Linux, macOS, PC, Xbox One",1067,280,2026-01-11T20:04:57
19375,Far Cry 3: Blood Dragon,2013-04-30,4.0,81.0,4,Shooter,"PlayStation 3, PC, PlayStation 4, Xbox 360, Xbox One",1120,511,2026-01-19T21:04:01
3300,The Elder Scrolls Online: Tamriel Unlimited,2015-03-17,3.48,77.0,16,"Action, RPG, Massively Multiplayer","macOS, PC, Xbox One, PlayStation 4",767,702,2025-12-27T19:00:47
14317,Endless Space - Collection,2012-07-04,3.09,77.0,5,Strategy,"PC, macOS",357,325,2025-11-12T16:32:50
47137,Fortnite Battle Royale,2017-09-26,3.28,,0,"Action, Shooter","PlayStation 4, Xbox One, iOS, PC, Android, Xbox Series S/X, PlayStation 5, Nintendo Switch",1126,552,2026-01-11T17:43:01
2047,Lords of the Fallen (2014),2014-10-28,2.91,73.0,4,"Action, Adventure, RPG","Android, PlayStation 4, PC, iOS, Xbox One",894,709,2026-01-11T20:04:17
3697,Serious Sam 3: BFE,2011-11-22,3.46,72.0,4,"Action, Shooter, Indie","PlayStation 3, Xbox 360, Linux, macOS, PC",775,574,2026-01-11T20:04:56
4179,Darksiders II,2012-08-14,3.74,83.0,5,"Action, RPG","PC, Wii U, PlayStation 3, Nintendo Switch, Xbox 360",972,717,2025-12-27T19:00:50
397477,Resident Evil 3,2020-04-02,4.04,80.0,8,"Action, Shooter, Adventure","Nintendo Switch, PC, Xbox Series S/X, PlayStation 5, PlayStation 4, Xbox One",1054,512,2026-01-21T01:22:19
442854,Mafia: Definitive Edition,2020-09-25,4.24,78.0,10,"Action, Shooter","PC, Xbox Series S/X, Xbox One, PlayStation 4",1104,410,2026-01-18T12:39:47
53341,Jet Set Radio,2000-06-29,3.41,94.0,1,"Action, Sports, Platformer","iOS, Xbox 360, Android, Game Boy Advance, Dreamcast, PlayStation 3, PS Vita, PC",508,350,2025-12-26T21:15:43
11974,Mark of the Ninja,2012-09-07,3.98,91.0,5,"Action, Indie, Platformer","Nintendo Switch, PC, Linux, macOS, Xbox 360",766,509,2026-01-21T08:24:16
12019,BattleBlock Theater,2013-04-03,3.84,85.0,5,"Action, Adventure, Casual, Indie, Platformer","Xbox 360, Xbox One, macOS, PC, Linux",901,278,2026-01-18T20:07:18
442855,Mafia II: Definitive Edition,2020-05-19,3.89,65.0,3,"Action, Adventure","Xbox One, PlayStation 4, PC",619,611,2026-01-17T16:19:48
2166,Game of Thrones - A Telltale Games Series,2014-12-02,3.23,66.0,7,"Action, Adventure","Xbox 360, PlayStation 3, Xbox One, PlayStation 4, Android, PC, macOS, iOS",977,693,2026-01-04T11:58:48
2300,Drawful 2,2016-06-20,3.2,74.0,1,"Strategy, Casual, Indie","Xbox One, Nintendo Switch, macOS, PlayStation 4, PC",316,125,2025-10-05T13:50:16
295021,Orwell: Keeping an Eye On You,2016-10-27,3.28,77.0,3,"Adventure, Simulation, Indie, Puzzle","Android, iOS, PC, macOS, Linux",557,268,2026-01-04T11:58:00
28121,Slay the Spire,2019-01-22,4.37,86.0,12,"RPG, Strategy, Card, Indie","Xbox One, iOS, PC, macOS, Linux, Nintendo Switch, PlayStation 4, Android",1073,305,2026-01-11T20:04:55
259801,Final Fantasy VII,2020-04-10,4.37,87.0,0,"Action, Adventure, RPG","PC, PlayStation 5, PlayStation 4",817,647,2026-01-18T10:44:49
9551,Deep Rock Galactic,2020-05-13,4.11,84.0,7,"Action, Indie","PC, PlayStation 4, PlayStation 5",682,550,2026-01-05T20:22:46
4032,Dragon's Dogma: Dark Arisen,2013-04-23,3.91,81.0,7,"Action, Adventure, RPG","Xbox One, PC, Nintendo Switch, Xbox 360, PlayStation 3, PlayStation 4",677,665,2026-01-06T05:47:29
4000,Remember Me,2013-06-04,3.67,65.0,5,"Action, Adventure, Casual, Indie, Platformer","PC, PlayStation 3, Xbox 360",946,617,2026-01-02T14:31:48
19600,Far Cry 2,2008-10-21,3.46,85.0,2,"Action, Shooter","Xbox 360, PC, PlayStation 3, Xbox One",1033,650,2026-01-11T20:04:54
10040,Stellaris,2016-05-08,4.11,78.0,10,"Strategy, Simulation","PC, macOS, Linux",690,398,2025-11-12T16:33:23
685577,Vampire Survivors,2022-10-20,4.19,,11,"Action, RPG, Casual, Indie","Nintendo Switch, Android, PC, iOS, Xbox One, Web",784,153,2026-01-22T01:50:47
295,Oxenfree,2016-01-14,3.91,80.0,4,"Adventure, RPG, Indie","Nintendo Switch, Xbox One, PlayStation 4, iOS, PC, Linux, Android, macOS",922,365,2025-12-04T18:26:43
7381,ABZU,2016-08-02,3.92,83.0,3,"Adventure, Simulation, Indie","PlayStation 4, Nintendo Switch, Xbox One, PC",1099,299,2026-01-04T17:47:19
2100,Tales from the Borderlands: A Telltale Game Series,2015-10-21,4.18,85.0,11,Adventure,"PlayStation 3, macOS, PC, iOS, Nintendo Switch, Android, PlayStation 4, Xbox 360, Xbox One",1117,659,2026-01-11T19:17:38
3350,Broken Age,2014-01-28,3.65,81.0,5,"Adventure, Casual, Family, Indie, Puzzle","Android, PS Vita, Nintendo Switch, Linux, macOS, PC, iOS, PlayStation 4, Xbox One",688,553,2026-01-10T20:37:18
3647,Child of Light,2014-04-29,3.85,77.0,3,"RPG, Indie","PlayStation 3, PlayStation 4, PS Vita, Wii U, Xbox 360, Xbox One, PC, Nintendo Switch",959,644,2025-12-05T21:55:48
5687,The Playroom,2013-11-15,2.27,,0,Arcade,PlayStation 4,779,110,2025-12-15T19:05:02
9575,VRChat,2017-02-01,3.14,,2,"Adventure, Simulation, Sports, Casual, Massively Multiplayer",PC,531,496,2026-01-05T22:22:11
5565,F.E.A.R. 3,2011-03-25,3.35,74.0,3,"Action, Shooter","PC, PlayStation 3, Xbox 360",652,593,2025-12-31T14:14:40
3290,PlanetSide 2,2012-11-20,2.97,84.0,3,"Action, Shooter, Massively Multiplayer","PlayStation 4, PC",527,621,2025-11-04T20:32:41
5564,F.E.A.R. 2: Project Origin,2009-02-10,3.86,79.0,4,"Action, Shooter","PC, PlayStation 3, Xbox 360",682,615,2026-01-18T18:41:18
894,Destiny,2014-09-09,3.68,76.0,24,"Action, Shooter","PlayStation 3, PlayStation 4, Xbox 360, Xbox One",1062,686,2026-01-21T01:22:12
23557,Gwent: The Witcher Card Game,2018-10-23,3.59,80.0,2,"RPG, Strategy, Board Games, Card","Xbox One, iOS, PC, PlayStation 4, Android",1030,522,2025-12-26T12:57:38
23587,Sonic Mania,2017-08-15,3.86,85.0,3,"Action, Adventure, Casual, Platformer","PlayStation 4, Xbox One, PC, Nintendo Switch",858,255,2026-01-02T18:22:55
452649,Resident Evil: Village,2021-05-07,4.39,83.0,15,"Action, Adventure","Xbox Series S/X, PC, iOS, PlayStation 5, Nintendo Switch, Xbox One, PlayStation 4",1021,905,2026-01-22T05:39:00
17037,Monaco: What's Yours Is Mine,2013-04-24,2.99,83.0,3,"Action, Strategy, Casual, Indie","PC, Xbox 360, macOS, Linux",364,431,2025-12-16T13:39:57
4882,Lara Croft and the Guardian of Light,2010-08-05,3.43,82.0,2,"Action, Adventure","PC, PlayStation 3, Xbox 360, Android, iOS",500,550,2025-12-16T13:40:15
13820,The Elder Scrolls III: Morrowind,2002-05-01,4.37,89.0,2,RPG,"Xbox 360, Xbox, PC",1045,596,2025-12-14T09:57:05
42215,Dying Light,2015-01-27,4.1,74.0,22,"Action, Adventure, RPG","Xbox One, PlayStation 4, Nintendo Switch, PC",1397,699,2026-01-21T21:48:22
6879,The Flame in the Flood,2016-02-23,2.9,73.0,2,"Action, Simulation, Indie","macOS, Xbox One, Nintendo Switch, PC, PlayStation 4",397,495,2025-12-16T13:41:31
12929,The Talos Principle,2014-12-11,4.16,85.0,5,"Adventure, Indie, Puzzle","Xbox One, PlayStation 4, iOS, PC, macOS, Linux, Nintendo Switch, Android",842,355,2026-01-21T08:23:17
59313,Gris,2018-12-13,4.2,83.0,3,"Adventure, Indie, Puzzle, Platformer","Android, macOS, PC, iOS, Xbox One, PlayStation 5, Xbox Series S/X, PlayStation 4, Nintendo Switch",1074,292,2026-01-09T08:56:33
4397,Battlefield 3,2011-10-25,4.08,86.0,4,"Action, Shooter","PlayStation 3, Xbox One, PC, Xbox 360",1361,683,2026-01-15T17:52:01
3052,STAR WARS Battlefront,2015-11-17,3.29,73.0,3,"Action, Shooter, Adventure, Strategy","Xbox One, PC, PlayStation 4",1144,636,2025-12-08T07:05:43
28110,Vampyr,2018-06-04,3.49,70.0,6,"Action, Adventure, RPG","PlayStation 4, PC, Xbox One, Nintendo Switch",880,463,2025-12-26T02:35:54
41490,Divinity: Original Sin,2014-06-30,4.18,87.0,6,"RPG, Strategy, Indie","PlayStation 4, macOS, PC, Xbox One",799,582,2026-01-17T10:53:19
58494,Battlefield V,2018-11-20,3.51,77.0,5,"Action, Shooter, Adventure, Massively Multiplayer","PC, Xbox One, PlayStation 4",1005,608,2026-01-05T20:24:21
4869,Tomb Raider: Underworld,2008-11-18,3.7,80.0,1,"Action, Adventure","Xbox 360, Wii, macOS, PC, Nintendo DS, PlayStation 3",525,534,2025-08-18T07:41:07
3561,Spelunky,2012-07-04,3.68,90.0,3,"Indie, Platformer","PlayStation 3, Xbox 360, PC, PlayStation 4, PS Vita",638,416,2026-01-11T20:04:53
248521,Valheim,2021-02-02,4.0,,12,"Action, Adventure, Indie","PC, Linux",631,520,2026-01-21T10:59:56
704634,Uncharted: Legacy of Thieves Collection,2022-01-28,4.46,,7,"Action, Adventure","PC, PlayStation 5",512,507,2026-01-17T16:19:50
58764,Outer Wilds,2019-05-29,4.36,84.0,4,"Adventure, Indie, Puzzle","PlayStation 4, Nintendo Switch, Xbox One, PC",875,274,2026-01-21T11:18:14
10428,Heroes & Generals,2016-10-18,2.77,,2,"Action, Shooter, Massively Multiplayer, Indie",PC,472,498,2025-11-04T20:31:06
16199,Killer is Dead - Nightmare Edition,2014-05-23,3.22,,3,Action,PC,402,467,2025-11-04T20:34:42
3635,Rogue Legacy,2013-06-27,3.87,85.0,6,"Action, RPG, Indie, Platformer","PlayStation 4, Xbox 360, PC, iOS, PlayStation 3, PS Vita, Nintendo Switch",916,381,2026-01-02T07:33:25
4358,Assassin's Creed Revelations,2011-11-15,3.99,80.0,14,Action,"PlayStation 3, PC, Xbox 360, PlayStation 4, Xbox One",1456,638,2026-01-16T16:06:36
17885,Overlord,2007-06-26,3.82,81.0,1,"Action, RPG, Casual","PC, macOS, Linux, Xbox 360",640,1301,2025-12-16T10:26:56
719,Deponia,2012-01-27,3.85,74.0,4,"Adventure, RPG, Indie, Puzzle","Nintendo Switch, iOS, PC, macOS, PlayStation 4, Xbox One, Linux",723,618,2025-11-01T06:16:14
19647,Crysis 2 - Maximum Edition,2011-03-22,3.7,,2,Action,PC,615,643,2026-01-21T08:25:15
13886,Star Wars: Battlefront II (2005),2005-10-30,4.22,78.0,2,"Action, Shooter","Xbox, PSP, PlayStation 2, PC",845,531,2026-01-07T07:54:56
34,Crash Bandicoot N. Sane Trilogy,2017-06-30,4.12,81.0,4,"Action, Platformer","PC, Nintendo Switch, PlayStation 4, Xbox One",645,563,2026-01-21T01:22:20
29153,Max Payne 2: The Fall of Max Payne,2003-10-14,4.42,80.0,3,"Action, Shooter","PC, Xbox, PlayStation 2",1603,566,2026-01-11T20:05:40
398423,Gothic Playable Teaser,2019-12-01,2.54,,1,RPG,PC,244,716,2025-11-30T09:39:34
10293,Tabletop Simulator,2015-06-05,4.05,,7,"RPG, Strategy, Simulation, Casual, Indie","Linux, macOS, PC",670,338,2026-01-07T07:51:48
19491,Burnout Paradise: The Ultimate Box,2009-02-05,3.97,87.0,2,"Racing, Arcade",PC,665,438,2026-01-07T07:53:39
892,Dust: An Elysian Tail,2012-08-15,3.63,84.0,4,"Action, RPG, Indie, Platformer","Xbox 360, iOS, PC, macOS, Linux, Nintendo Switch, PlayStation 4",625,541,2026-01-02T07:33:43
4347,DiRT Showdown,2012-05-24,3.3,74.0,1,"Racing, Arcade","Xbox 360, PC, PlayStation 3",435,548,2026-01-04T17:10:09
382,Sniper Elite 4,2017-02-13,3.58,78.0,6,"Action, Shooter, Adventure","PlayStation 5, Xbox Series S/X, PC, PlayStation 4, Nintendo Switch, Xbox One",739,656,2026-01-06T09:06:14
11279,Day of Defeat: Source,2005-09-26,3.2,80.0,3,Action,"Linux, macOS, PC",360,290,2025-12-16T13:40:04
49,Persona 5,2016-09-15,4.35,93.0,105,"Action, Adventure, RPG","PlayStation 3, PlayStation 4",1436,568,2026-01-05T00:08:49
5342,Medal of Honor,2010-10-12,3.28,72.0,2,Shooter,"PC, PlayStation 3, Xbox 360",706,650,2025-12-24T20:59:29
58952,Life is Strange 2,2018-09-27,3.79,75.0,6,Adventure,"PlayStation 4, Linux, macOS, PC, Nintendo Switch, Xbox One",768,321,2026-01-19T10:14:35
1259,Machinarium,2009-10-16,4.18,85.0,3,"Adventure, Family, Indie, Puzzle","Android, PS Vita, macOS, PC, iOS, PlayStation 3, PlayStation 4, Xbox One, Linux, Nintendo Switch",918,548,2026-01-21T08:25:41
1758,Valiant Hearts: The Great War,2014-06-24,4.36,80.0,6,"Adventure, Puzzle","PlayStation 3, Xbox 360, Nintendo Switch, PC, iOS, Android, Xbox One, PlayStation 4",1358,538,2026-01-21T13:49:52
45970,The LEGO NINJAGO Movie Video Game,2017-09-22,2.92,70.0,1,"Action, Adventure","PC, PlayStation 4, Nintendo Switch, Xbox One",279,431,2025-11-20T11:58:02
15566,Red Faction: Guerrilla,2009-06-02,3.67,82.0,4,"Action, Shooter","Xbox 360, PC, PlayStation 3",627,646,2025-12-06T09:16:14
4581,Crysis,2007-11-12,4.01,91.0,3,"Action, Shooter","PlayStation 3, Xbox 360, PC",1112,658,2026-01-21T08:26:08
44525,Yakuza Kiwami,2016-01-21,4.1,83.0,10,"Action, Adventure, RPG, Fighting","PlayStation 4, PC, Nintendo Switch, Xbox One, PlayStation 3",774,285,2025-12-18T20:39:38
15829,Pillars of Eternity,2015-03-26,3.96,89.0,9,RPG,"PlayStation 4, Xbox One, macOS, PC, Linux",722,615,2026-01-19T21:40:11
19056,S.T.A.L.K.E.R.: Call of Pripyat,2009-10-02,4.27,80.0,3,"Shooter, RPG","Xbox Series S/X, PlayStation 4, PC, Xbox One, Nintendo Switch",935,630,2026-01-15T17:55:48
622492,Forza Horizon 5,2021-11-08,4.3,,15,"Racing, Arcade","PC, iOS, Xbox One, PlayStation 5, Xbox Series S/X",755,533,2026-01-11T15:29:47
616765,Marvel's Guardians of the Galaxy,2021-10-26,4.29,,10,"Action, Shooter, Adventure","Xbox One, Nintendo Switch, PC, PlayStation 4, Xbox Series S/X, PlayStation 5",891,785,2026-01-19T10:14:39
19057,S.T.A.L.K.E.R.: Clear Sky,2008-08-22,3.88,75.0,3,"Shooter, RPG","PC, PlayStation 4, Xbox One, Nintendo Switch, Xbox Series S/X",890,507,2026-01-17T16:53:36
1789,The Swapper,2013-05-13,3.53,87.0,3,"Action, Adventure, Indie, Puzzle, Platformer","Wii U, Xbox One, macOS, PS Vita, PC, Linux, PlayStation 3, PlayStation 4",528,448,2026-01-21T08:23:56
4439,Mass Effect 3,2012-03-05,4.4,90.0,30,"Action, RPG","PlayStation 3, Xbox One, PC, Wii U, Xbox 360",1777,714,2026-01-11T20:05:36
15642,The Elder Scrolls IV: Oblivion Game of the Year Edition,2009-06-16,4.32,94.0,5,RPG,"PC, Xbox 360, PlayStation 3",680,615,2026-01-11T20:04:52
3965,Binary Domain,2012-02-16,3.56,68.0,2,"Action, Shooter","PC, PlayStation 3, Xbox 360",544,595,2026-01-01T21:29:49
10767,Shadow Tactics: Blades of the Shogun,2016-12-05,4.08,85.0,4,"Strategy, Indie","Xbox One, PlayStation 4, macOS, PC, Linux",463,659,2025-12-21T09:07:17
19592,Hitman 2: Silent Assassin,2002-10-01,3.94,87.0,1,"Action, Shooter","PC, PlayStation 2, PlayStation 3, Xbox 360, Xbox, GameCube",653,422,2025-12-20T00:54:47
58752,The Awesome Adventures of Captain Spirit,2018-06-25,3.61,77.0,2,Adventure,"PlayStation 4, Xbox One, PC",928,374,2026-01-14T11:19:14
5636,Rage,2011-10-03,3.42,79.0,5,"Action, Shooter","PlayStation 3, PC, Xbox 360, Xbox One",825,730,2026-01-07T07:53:09
884,Call of Duty: Modern Warfare Remastered,2016-10-05,3.97,86.0,5,"Action, Shooter","Xbox One, PlayStation 4, PC",1136,311,2026-01-05T18:46:57
9631,Sins of a Solar Empire: Rebellion,2012-06-12,2.73,82.0,5,"Strategy, Indie",PC,327,503,2025-10-11T06:48:36
38,Injustice 2,2017-05-09,3.92,88.0,6,Fighting,"Android, PlayStation 4, PC, Xbox One, iOS",952,428,2025-11-05T13:57:04
5528,Call of Duty: World at War,2008-11-11,3.96,83.0,8,Shooter,"Xbox 360, PC, PlayStation 3, Nintendo DS, Xbox One, Wii",1203,651,2026-01-15T17:53:16
1140,World of Goo,2008-10-13,4.02,90.0,1,"Strategy, Educational, Family, Indie, Puzzle","Android, Wii, Nintendo Switch, Linux, macOS, PC, iOS",841,161,2026-01-21T08:25:52
324997,Baldur's Gate III,2023-08-03,4.44,97.0,19,"Adventure, RPG, Strategy","macOS, PC, Xbox Series S/X, PlayStation 5",987,582,2026-01-22T01:46:50
19410,Day of Defeat,2003-05-01,2.83,79.0,1,Action,"macOS, PC, Linux",279,283,2025-08-18T18:26:20
4491,Shadow of the Colossus (2011),2011-09-22,4.25,91.0,3,Action,PlayStation 3,1016,251,2025-12-04T23:52:23
3315,Magicka 2,2015-05-26,3.69,69.0,4,"Action, Adventure, RPG","Linux, macOS, PC, PlayStation 4",680,375,2025-11-19T15:39:44
391399,Tell Me Why,2020-08-27,3.18,76.0,2,Adventure,"Xbox One, PC",297,648,2026-01-13T00:03:04
15317,Shadow Warrior,1997-05-13,3.33,73.0,1,"Action, Shooter","PC, macOS, Linux",377,433,2025-10-15T14:30:59
9835,Outlast 2,2017-04-24,3.68,76.0,5,"Action, Adventure, Indie","Xbox One, PlayStation 4, PC, Nintendo Switch",731,325,2026-01-21T01:22:22
326251,Deathloop,2021-09-14,3.96,88.0,6,"Action, RPG","PlayStation 5, PC, Xbox Series S/X",542,569,2026-01-02T12:43:57
5298,Tomb Raider: Legend,2006-04-06,3.9,82.0,2,"Action, Adventure","Xbox, PSP, PlayStation 3, PC, GameCube, PlayStation 2, Xbox 360",532,650,2025-12-15T02:12:01
326252,Gears 5,2019-09-10,3.92,83.0,7,"Action, Shooter","Xbox Series S/X, PC, Xbox One",844,692,2026-01-20T10:14:00
16787,Bully: Scholarship Edition,2008-03-04,4.13,72.0,2,"Action, Adventure","PC, Wii, Xbox 360",761,562,2026-01-05T20:24:57
14606,Ricochet,2000-11-01,2.38,,1,"Action, Indie","macOS, Linux, PC",265,141,2025-08-18T18:17:24
15714,Deponia: The Complete Journey,2014-06-03,3.6,,4,"Adventure, RPG","Linux, PC, macOS, iOS",419,540,2025-12-26T01:35:28
10310,Robocraft,2014-07-08,2.57,,2,"Action, RPG, Simulation, Massively Multiplayer, Indie","macOS, PC, Linux",411,582,2025-11-22T06:35:28
4535,Call of Duty 4: Modern Warfare,2007-11-05,4.39,92.0,6,"Action, Shooter","PlayStation 4, PlayStation 3, Xbox 360, Wii, PC, Nintendo DS, Xbox One, macOS",1831,630,2026-01-22T03:51:57
2805,Street Fighter V,2016-02-15,3.49,74.0,6,"Action, Fighting","PlayStation 4, PC",508,646,2026-01-11T20:04:51
437059,Assassin's Creed Valhalla,2020-11-10,3.69,82.0,5,"Action, Adventure, RPG","PC, Xbox One, PlayStation 5, PlayStation 4, Xbox Series S/X",785,471,2026-01-13T03:50:43
197,Trove,2015-07-09,2.67,65.0,3,"Action, RPG, Casual, Massively Multiplayer","PlayStation 4, Xbox One, PC, macOS",474,409,2025-11-22T06:35:16
20405,Deathmatch Classic,2001-06-01,2.74,,1,Action,"macOS, Linux, PC",261,217,2026-01-16T18:43:34
4012,Resident Evil Revelations,2012-02-07,3.76,77.0,8,"Action, Adventure","Xbox One, Xbox 360, Nintendo 3DS, Wii U, PlayStation 3, Nintendo Switch, PlayStation 4, PC",636,649,2026-01-13T21:59:59
58827,Overcooked! 2,2018-08-06,4.15,82.0,4,"Action, Casual, Indie","Xbox One, PlayStation 4, Nintendo Switch, Linux, PC, macOS",805,229,2026-01-06T23:01:00
4523,Red Faction: Armageddon,2011-06-07,3.04,75.0,2,"Action, Shooter","PlayStation 3, Xbox 360, PC",400,716,2025-12-16T13:40:16
29171,The Evil Within 2,2017-10-11,4.14,82.0,11,"Action, Shooter, Adventure","PlayStation 4, PC, Xbox One",819,475,2025-12-18T09:40:27
14334,Satellite Reign,2015-08-27,2.65,75.0,4,"Action, Strategy, Indie","Linux, macOS, PC",291,492,2025-11-01T14:54:41
6773,Sunset Overdrive,2014-10-28,3.9,82.0,4,"Action, Shooter, Adventure","PC, Xbox One",723,377,2025-12-16T13:42:27
29215,Life is Strange: Before The Storm,2017-08-31,3.95,77.0,11,Adventure,"PlayStation 4, Xbox One, iOS, macOS, Linux, Android, PC",1248,409,2026-01-01T11:39:47
17127,Torchlight,2009-10-26,3.71,83.0,5,"Action, RPG","Xbox 360, Xbox One, Linux, PC, macOS",666,640,2025-11-29T20:47:00
5297,Tomb Raider: Anniversary,2007-06-01,3.95,83.0,2,"Action, Adventure","macOS, PC, PSP, PlayStation 2, Xbox 360, Wii, iOS",447,580,2025-12-02T12:37:49
11970,Star Wars Jedi Knight: Jedi Academy,2003-09-16,4.33,81.0,2,"Action, Shooter","Xbox 360, Xbox One, PC, macOS, Nintendo Switch, PlayStation 4, Xbox",655,530,2026-01-07T07:55:09
366850,Ghostrunner,2020-10-27,3.84,,4,Action,"PlayStation 5, Xbox Series S/X, PlayStation 4, Nintendo Switch, PC, Xbox One",642,441,2026-01-21T21:15:25
18003,Gone Home,2013-08-14,3.73,86.0,3,"Adventure, Indie","Nintendo Switch, iOS, PlayStation 4, PC, macOS, Linux",884,291,2026-01-18T17:56:52
10615,System Shock 2,1999-08-11,4.14,92.0,2,"Action, Shooter, RPG","PC, macOS, Linux",413,416,2025-12-26T01:59:52
4387,Awesomenauts,2012-05-01,3.06,78.0,7,"Action, Strategy, Indie, Platformer","PlayStation 3, Xbox 360, macOS, PC, Linux",414,447,2026-01-18T20:07:35
17356,Orcs Must Die! 2,2012-07-30,3.71,83.0,6,"Action, Strategy, Indie",PC,527,623,2025-12-31T14:25:36
1670,Shadowrun: Dragonfall - Director's Cut,2014-09-17,3.81,87.0,4,"Adventure, RPG, Strategy, Indie","Nintendo Switch, iOS, PC, macOS, Linux, Android",366,504,2025-11-20T20:13:05
19196,ARMA: Cold War Assault,2001-08-29,2.87,,1,"Action, Strategy, Simulation",PC,212,519,2025-12-14T09:56:59
52939,Final Fantasy VII (1997),1997-01-31,4.37,83.0,3,"Action, Adventure, RPG","PC, iOS, Android, Nintendo Switch, PlayStation, PlayStation 4, Xbox One",1035,391,2026-01-02T07:13:44
452634,Marvel's Spider-Man: Miles Morales,2020-11-12,4.25,86.0,9,Action,"PlayStation 5, PC, PlayStation 4",935,1744,2026-01-14T13:09:16
28395,Metro: Last Light,2013-05-13,4.12,81.0,8,"Action, Shooter","PC, PlayStation 3, Xbox 360",1063,677,2026-01-04T11:59:48
13856,Katana ZERO,2019-04-17,4.39,83.0,5,"Action, Indie, Platformer","Xbox One, Nintendo Switch, macOS, PC",1132,314,2025-12-30T17:00:15
4331,Sonic Generations,2011-11-01,3.9,77.0,2,"Action, Arcade, Family, Platformer","PC, Nintendo 3DS, Xbox 360, PlayStation 3, PlayStation 4, Xbox One",549,508,2025-11-04T20:32:48
58133,Spyro Reignited Trilogy,2018-11-13,4.12,80.0,5,"Action, Adventure","Xbox One, PlayStation 4, PC, Nintendo Switch",539,240,2026-01-21T01:22:23
19429,Alien Swarm,2010-07-19,3.33,77.0,2,"Action, Shooter",PC,712,576,2025-11-04T20:31:41
2255,7 Days to Die,2013-12-13,3.36,,9,"Shooter, RPG, Indie","Xbox One, PlayStation 4, PC, macOS, Linux",492,561,2025-12-16T13:42:31
2213,Kerbal Space Program,2015-04-26,4.16,88.0,5,"Simulation, Indie","Linux, macOS, PC, Xbox One, PlayStation 4",405,416,2026-01-11T20:04:50
10031,Battlerite,2016-09-20,3.22,,3,Action,PC,569,569,2025-09-17T19:22:09
42776,Never Alone,2014-11-18,3.47,70.0,4,"Adventure, Casual, Indie","PlayStation 4, PlayStation 3, Wii U, Linux, macOS, Nintendo Switch, PC, Xbox One",611,325,2025-08-14T13:23:39
13079,Everlasting Summer,2013-12-12,3.99,,5,Indie,"Android, iOS, PC, macOS, Linux",940,504,2026-01-15T17:53:50
4388,Battlefield: Bad Company 2,2010-03-02,4.13,87.0,7,"Action, Shooter","Xbox 360, PlayStation 3, PC, Xbox One",913,606,2025-12-30T16:59:27
327999,Dota Underlords,2020-02-25,3.02,,4,"Strategy, Board Games, Casual","iOS, PC, macOS, Linux, Android",772,56,2025-11-09T03:26:38
22859,Deus Ex 2: Invisible War,2003-12-01,3.1,80.0,1,"Action, RPG","PC, Xbox",306,524,2025-12-26T02:07:36
58651,Totally Accurate Battlegrounds,2018-06-05,2.81,,1,"Action, Shooter, Indie",PC,435,186,2025-11-06T07:17:17
263590,Risk of Rain 2,2020-08-11,4.14,82.0,8,"Action, Shooter, Arcade","Nintendo Switch, Xbox One, PlayStation 4, PC",693,442,2026-01-09T09:41:11
17252,Deadlight,2012-06-01,3.62,78.0,4,"Action, Indie, Platformer","PC, Xbox 360",544,551,2025-12-16T13:40:25
204,Clicker Heroes,2015-05-13,2.65,,9,"Adventure, RPG, Strategy, Simulation, Casual, Indie","Xbox One, PlayStation 4, Android, PC, iOS, macOS",590,224,2025-07-14T17:30:53
2722,Kholat,2015-06-08,2.65,64.0,3,"Adventure, Simulation, Indie","Xbox One, Nintendo Switch, PlayStation 4, PC",412,450,2025-05-31T18:35:03
3265,God of War III Remastered,2015-07-14,4.12,81.0,6,"Action, Adventure",PlayStation 4,1047,606,2026-01-02T11:14:20
258322,Blasphemous,2019-09-09,4.04,78.0,3,"Action, Adventure, Indie, Platformer","Xbox One, Nintendo Switch, PlayStation 4, PC, Linux, macOS",570,437,2026-01-03T11:43:54
36,TEKKEN 7,2015-03-18,4.02,82.0,7,"Action, Sports, Fighting","PlayStation 4, PC, Xbox One",776,681,2026-01-16T14:37:06
3562,Styx: Master of Shadows,2014-10-06,3.16,71.0,3,"Action, RPG","Xbox One, PlayStation 4, PC",461,698,2026-01-17T02:45:05
16355,Evolve Stage 2,2015-02-10,2.57,77.0,3,Action,PC,453,696,2025-11-04T20:31:08
4249,HELL YEAH! Wrath of the Dead Rabbit,2012-09-25,2.44,64.0,1,"Action, Arcade, Platformer","PlayStation 3, Xbox 360, PC",297,410,2025-11-04T20:32:04
4676,Outland,2011-04-26,2.9,83.0,3,"Action, Adventure, Indie, Platformer","PlayStation 3, Xbox 360, macOS, PC, Linux",336,419,2025-11-04T20:30:16
9545,Shadow Warrior 2,2016-10-12,3.52,78.0,5,"Action, Shooter, Adventure","Xbox One, PlayStation 4, PC",606,709,2026-01-05T20:27:12
21926,Uncharted: The Lost Legacy,2017-08-22,4.28,85.0,0,"Action, Adventure","PlayStation 4, PlayStation 5",1269,448,2026-01-10T21:17:51
19685,Just Cause,2006-09-22,3.3,75.0,1,"Action, Shooter","PC, Xbox 360, PlayStation 2, Xbox",445,538,2026-01-08T11:17:31
1299,Mount & Blade: Warband,2010-03-30,4.36,78.0,10,"Action, RPG, Strategy","PlayStation 4, Linux, macOS, Android, PC, Xbox One",737,504,2026-01-21T01:25:44
16191,Galactic Civilizations II: Ultimate Edition,2011-12-02,2.65,92.0,1,Strategy,PC,218,471,2025-05-19T22:19:10
3450,Saints Row: Gat Out of Hell,2015-01-20,3.17,66.0,5,"Action, Adventure","Linux, PC, Xbox One, PlayStation 3, PlayStation 4, Xbox 360",693,642,2025-12-22T14:29:50
17599,Mortal Kombat Komplete Edition,2013-07-03,4.12,82.0,7,"Arcade, Fighting","PlayStation 3, Xbox 360, PC",949,443,2025-12-14T09:47:47
2434,VVVVVV,2010-01-09,3.77,81.0,1,"Action, Adventure, Arcade, Casual, Indie, Puzzle, Platformer","PS Vita, PlayStation 4, Nintendo Switch, Nintendo 3DS, macOS, Linux, iOS, Android, PC",510,189,2025-12-16T13:40:14
9853,H1Z1: King of the Kill,2016-02-17,2.39,,2,"Action, Adventure, Massively Multiplayer",PC,345,560,2025-09-17T21:21:32
2778,Surgeon Simulator,2013-04-18,3.43,71.0,3,"Action, Simulation, Educational, Indie","PlayStation 4, iOS, PC, macOS, Linux, Nintendo Switch, Android",567,372,2025-11-21T09:23:49
4612,Renegade Ops,2011-09-13,2.98,76.0,2,"Action, Shooter","PlayStation 3, Xbox 360, PC",320,610,2025-12-31T19:35:12
1225,Warhammer: End Times - Vermintide,2015-10-23,3.47,79.0,5,"Action, Indie","PlayStation 4, PC, Xbox One",441,685,2025-11-18T09:57:13
22513,Uncharted 2: Among Thieves,2009-10-13,4.39,96.0,13,"Action, Shooter","PlayStation 4, PlayStation 3",1788,663,2026-01-13T01:53:21
516111,Mass Effect: Legendary Edition,2021-05-14,4.57,88.0,12,"Action, Shooter, Adventure, RPG","PlayStation 5, Xbox Series S/X, PlayStation 4, PC, Xbox One",571,719,2026-01-21T11:00:02
2559,Stories: The Path of Destinies,2016-04-11,3.22,74.0,4,"Action, RPG, Indie, Platformer","PlayStation 4, PC, Xbox One",506,554,2025-12-18T18:14:41
3850,LEGO Marvel Super Heroes,2013-10-22,3.83,78.0,8,"Action, Adventure, Family","PlayStation 3, Nintendo 3DS, Nintendo DS, Xbox One, iOS, PC, macOS, Wii U, Xbox 360, PlayStation 4, PS Vita, Android",673,544,2025-12-16T13:39:58
715,Steep,2016-12-02,3.48,72.0,5,"Action, Simulation, Sports","Xbox One, PlayStation 4, PC",880,299,2025-12-06T19:53:45
3651,Sniper Elite 3,2014-06-26,3.53,67.0,5,"Action, Shooter, Adventure","PlayStation 3, PlayStation 4, Xbox 360, Nintendo Switch, Xbox One, PC",509,617,2026-01-02T16:18:50
58585,Fallout 76,2018-11-14,2.85,51.0,7,"Action, Adventure, RPG","PlayStation 4, Xbox One, PC",658,400,2026-01-21T11:00:07
20760,FINAL FANTASY XIII,2009-12-17,3.46,77.0,7,RPG,"Xbox One, Xbox 360, PlayStation 3, PC",688,597,2026-01-02T07:35:20
17295,Enclave,2002-07-18,3.1,71.0,3,"Action, Adventure, RPG","Linux, macOS, PC",342,598,2025-11-04T20:30:31
60179,Hellblade: Senua's Sacrifice VR Edition,2018-07-31,3.57,87.0,1,"Action, Adventure, Indie",PC,243,496,2025-03-25T03:54:28
401805,Genshin Impact,2020-09-28,3.55,83.0,0,"Action, Adventure, RPG","PlayStation 5, Android, PlayStation 4, Nintendo Switch, PC, iOS",1097,330,2026-01-15T17:54:08
22789,Serious Sam: The First Encounter,2001-03-21,4.03,87.0,1,"Action, Shooter, Indie","Nintendo Switch, PC",600,436,2026-01-21T08:26:42
4923,Prototype,2009-06-09,3.8,79.0,3,"Action, Adventure, Strategy, Casual","PC, PlayStation 3, PlayStation 4, Xbox One, Xbox 360",1058,586,2026-01-21T08:25:48
137,Mass Effect: Andromeda,2017-03-21,3.21,73.0,23,"Action, RPG","Xbox One, PC, PlayStation 4",1166,264,2026-01-02T12:43:53
17925,Fable Anniversary,2014-02-04,4.07,68.0,4,RPG,"Xbox 360, PC",593,574,2026-01-21T02:09:37
4744,Prince of Persia (2008),2008-12-02,3.78,82.0,1,"Action, Adventure","PC, macOS, PlayStation 3, Xbox 360",895,564,2025-11-10T09:42:56
2239,Furi,2016-07-04,3.93,76.0,4,"Action, Arcade","PC, PlayStation 4, Xbox One, Nintendo Switch",709,450,2025-11-04T20:32:06
2354,Mirror's Edge Catalyst,2016-06-07,3.49,72.0,3,"Action, Adventure, Platformer","PlayStation 4, PC, Xbox One",852,457,2026-01-15T06:20:26
3251,F1 2015,2015-07-09,2.71,61.0,5,"Sports, Racing","Xbox One, PlayStation 4, PC, Linux",275,433,2026-01-16T14:37:07
123,Titan Quest,2006-06-26,3.9,69.0,1,"Action, RPG","PC, Xbox One, Nintendo Switch, PlayStation 4, Android, iOS",574,544,2026-01-07T07:54:41
3748,SteamWorld Dig,2013-08-08,3.83,76.0,4,"Action, Adventure, Indie, Puzzle, Platformer","Nintendo Switch, Nintendo 3DS, Xbox One, PC, macOS, Linux, Wii U, PlayStation 4, PS Vita",620,492,2026-01-21T01:22:15
10049,Hitman: Codename 47,2000-11-19,3.83,73.0,1,"Action, Shooter",PC,598,490,2025-12-11T19:11:53
13469,"Warhammer 40,000: Dawn of War - Game of the Year Edition",2007-08-07,3.98,86.0,3,Strategy,PC,367,659,2025-11-22T13:13:19
28261,Serious Sam HD:  The First Encounter,2009-11-24,3.92,68.0,4,"Action, Shooter, Indie","Xbox 360, PC, Nintendo Switch",572,600,2026-01-13T10:31:32
19458,Doom 3,2004-08-03,3.9,87.0,1,"Action, Shooter","Xbox, Nintendo Switch, macOS, PC, PlayStation 4, Xbox One, Linux",629,560,2026-01-22T06:11:05
19309,Plants vs. Zombies GOTY Edition,2010-08-10,4.33,87.0,5,Strategy,"Nintendo DS, Nintendo DSi, Xbox 360, PlayStation 3, PlayStation 4, PS Vita, Android, iOS, PC, macOS",724,299,2026-01-15T15:38:44
323065,Call of Duty: Modern Warfare (2019),2019-10-25,3.76,80.0,12,"Action, Shooter","PC, Xbox One, PlayStation 4",721,545,2026-01-08T20:33:34
9465,Grim Dawn,2016-02-25,3.96,83.0,8,"Action, RPG, Indie","Xbox Series S/X, PC, Xbox One",574,605,2025-12-05T20:34:56
29173,Dishonored: Death of the Outsider,2017-09-14,4.05,83.0,9,Action,"PlayStation 4, Xbox One, PC",625,501,2025-12-26T02:04:58
3772,Strider,2012-02-16,3.3,78.0,4,"Action, Adventure, Arcade","PC, Xbox One, PlayStation 3, PlayStation 4, Xbox 360",333,644,2025-10-16T14:59:21
14990,Viking: Battle for Asgard,2008-03-25,2.51,66.0,1,"Action, Adventure, RPG, Fighting","PlayStation 3, Xbox 360, PC",274,673,2026-01-03T11:28:38
2913,The Banner Saga,2014-01-14,4.09,81.0,5,"RPG, Strategy, Indie","PC, Xbox One, macOS, Linux, Nintendo Switch, PlayStation 4, Android, iOS",738,532,2026-01-04T11:59:27
2845,Crypt of the NecroDancer,2015-04-22,3.99,87.0,4,"Action, RPG, Indie","Xbox One, iOS, PC, macOS, Linux, Nintendo Switch, PlayStation 4, PS Vita",597,325,2025-07-29T16:55:27
722,World of Tanks,2010-08-12,2.91,78.0,2,"Action, Shooter, Massively Multiplayer","PlayStation 4, PC, Xbox 360, Xbox One",697,587,2026-01-15T17:57:39
19284,Fallout Tactics: Brotherhood of Steel,2001-03-01,3.36,82.0,1,"RPG, Strategy",PC,338,603,2025-12-22T13:44:03
22597,Darksiders III,2018-11-27,3.44,65.0,5,"Action, Adventure, RPG","PlayStation 4, PC, Nintendo Switch, Xbox One",562,401,2026-01-05T20:27:37
364806,Need for Speed Heat,2019-11-08,3.26,73.0,3,"Racing, Arcade","PlayStation 4, PC, Xbox One",557,201,2026-01-13T21:00:16
7485,Elite Dangerous,2015-04-02,3.93,80.0,14,"Action, Adventure, RPG, Simulation, Massively Multiplayer","Xbox One, PC, macOS, PlayStation 4",475,509,2026-01-11T20:04:18
50677,Superhot: Mind Control Delete,2020-07-15,3.86,79.0,2,"Action, Indie","Linux, macOS, PC, Xbox One, PlayStation 4",386,226,2025-12-24T20:50:58
4340,Uncharted: Drake's Fortune,2007-11-19,4.03,88.0,12,"Action, Shooter","PlayStation 3, PlayStation 4",1471,618,2026-01-21T11:57:14
28026,Super Mario Odyssey,2017-10-27,4.42,97.0,0,"Arcade, Platformer",Nintendo Switch,1914,477,2026-01-19T13:31:55
3268,The Vanishing of Ethan Carter,2014-09-25,3.76,82.0,4,"Action, Adventure, Indie","Xbox One, PC, Nintendo Switch, PlayStation 4",688,562,2026-01-06T02:55:00
2830,Unravel,2016-02-09,3.94,78.0,2,"Action, Adventure, Arcade, Puzzle, Platformer","PlayStation 4, Xbox 360, Nintendo Switch, PC, Xbox One",783,475,2026-01-21T08:19:52
2390,Plague Inc: Evolved,2015-09-18,3.98,80.0,5,"Strategy, Simulation, Casual, Indie","Nintendo Switch, Linux, macOS, PC, PlayStation 4, Xbox One",660,319,2025-11-09T03:07:22
10900,Project Zomboid,2013-11-08,3.89,,6,"RPG, Indie","Linux, PC, macOS",453,450,2026-01-17T15:48:19
1322,Dead Rising 2,2010-08-31,3.54,78.0,5,Action,"Xbox One, PC, Xbox 360, PlayStation 3, PlayStation 4",559,352,2026-01-05T20:27:44
18886,Overlord II,2009-06-22,3.79,79.0,2,"Action, RPG","Xbox One, Xbox 360, PC, macOS, Linux, PlayStation 3",365,696,2025-09-28T21:52:40
18081,No More Room in Hell,2013-10-31,2.89,,2,"Action, Indie","PC, macOS, Linux",348,476,2026-01-10T20:13:00
9904,Age of Empires II HD,2013-04-09,4.2,68.0,6,Strategy,PC,589,364,2025-12-26T12:57:54
3494,Thomas Was Alone,2012-06-30,3.74,77.0,2,"Adventure, Family, Indie","Android, PS Vita, PlayStation 4, PlayStation 3, Wii U, macOS, PC, iOS, Xbox One, Linux, Nintendo Switch",542,52,2025-12-16T13:40:25
22069,Ultimate Epic Battle Simulator,2017-04-12,2.63,,1,"Action, Adventure, Strategy, Simulation, Indie",PC,166,468,2025-10-05T13:50:24
20980,The Expendabros,2014-08-05,3.54,,1,"Action, Indie, Platformer","macOS, PC",391,472,2025-11-30T09:37:37
10125,Tom Clancy's Ghost Recon Wildlands,2017-03-06,3.57,72.0,18,"Action, Shooter, Massively Multiplayer","PC, Xbox One, PlayStation 4",717,597,2025-12-12T00:05:48
13498,EVE Online,2003-05-06,3.34,88.0,3,"Action, RPG, Strategy, Massively Multiplayer","PC, Linux, macOS",365,438,2025-11-05T13:14:04
4414,Grand Theft Auto: Episodes from Liberty City,2009-10-29,4.12,,3,Action,"PC, PlayStation 3, Xbox 360",612,232,2026-01-04T12:01:22
3358,Tropico 5,2014-05-22,3.64,75.0,5,"RPG, Strategy, Simulation","PlayStation 4, PC, macOS, Linux, Xbox 360",542,560,2025-12-26T19:51:11
12018,Star Wars Jedi Knight II: Jedi Outcast,2002-03-01,4.19,89.0,1,"Action, Shooter, Adventure","Nintendo Switch, PC, macOS, PlayStation 4, Classic Macintosh, Xbox, GameCube",456,545,2026-01-02T11:19:44
2767,Far Cry Primal,2016-02-23,3.58,74.0,9,"Action, Shooter","Xbox One, PC, PlayStation 4",858,598,2026-01-21T08:19:25
11228,SpeedRunners,2016-04-19,3.76,84.0,4,"Action, Sports, Racing, Casual, Indie","PlayStation 4, PC, macOS, Linux, Nintendo Switch, Xbox One",525,174,2026-01-13T22:29:46
23702,Need for Speed Payback,2017-11-07,3.2,61.0,4,"Racing, Arcade","PC, PlayStation 4, Xbox One",740,474,2026-01-08T08:59:46
3459,The Order: 1886,2015-01-13,3.76,63.0,11,"Action, Adventure",PlayStation 4,985,422,2025-12-05T20:51:30
9741,The Surge,2017-05-15,3.19,72.0,4,"Action, RPG","PC, PlayStation 4, Xbox One",596,661,2025-12-16T13:42:27
14989,Alpha Protocol,2010-04-08,3.54,72.0,2,"Action, Shooter, RPG","PC, PlayStation 3, Xbox 360",454,648,2026-01-11T02:40:40
9979,Dirty Bomb,2015-06-01,2.72,63.0,2,"Action, Shooter",PC,378,721,2025-09-23T15:16:11
3090,Need for Speed,2015-11-03,3.38,66.0,4,"Racing, Arcade","PlayStation 4, PC, Xbox One",821,395,2026-01-21T01:22:13
2412,Dungeons 2,2015-04-23,2.84,70.0,4,"RPG, Strategy, Simulation","PlayStation 4, iOS, PC, macOS, Linux",269,591,2025-08-18T07:39:45
9494,ArmA II,2009-06-18,3.2,77.0,1,"Action, Strategy, Simulation",PC,287,584,2025-12-14T10:04:41
19380,Dark Messiah of Might and Magic,2006-10-24,4.3,72.0,2,"Action, RPG","PC, Xbox 360",676,609,2026-01-11T20:04:47
10296,TERA,2017-01-31,2.85,77.0,3,"Action, RPG, Massively Multiplayer","Xbox One, PC, PlayStation 4",499,325,2026-01-05T21:45:09
7317,Scribblenauts Unlimited,2012-11-13,3.62,75.0,4,"Adventure, Strategy, Casual, Puzzle","PC, Wii U, Nintendo 3DS, Android, iOS",423,230,2025-12-04T19:38:44
13273,The Uncertain: Episode 1 - The Last Quiet Day,2016-09-22,2.62,,3,"Adventure, Indie","PC, macOS",146,511,2025-04-14T21:26:53
18184,Company of Heroes: Opposing Fronts,2007-09-24,3.44,87.0,1,"Action, Strategy",PC,232,701,2025-11-04T20:30:53
22162,Moonlighter,2018-05-28,3.74,82.0,5,"Action, Adventure, Indie","PlayStation 4, Nintendo Switch, Linux, macOS, PC, iOS, Xbox One, Android",494,360,2026-01-02T13:49:59
2556,Risk of Rain,2013-11-07,3.91,77.0,4,"Action, Indie, Platformer","PlayStation 4, PS Vita, Linux, macOS, Nintendo Switch, Xbox One, PC",493,229,2026-01-11T20:04:15
18726,Gothic,2001-03-15,4.35,81.0,1,"Action, RPG","PC, Nintendo Switch",734,606,2026-01-12T14:30:14
9744,RiME,2017-05-25,3.67,78.0,4,"Adventure, Puzzle","Xbox One, Nintendo Switch, PlayStation 4, PC",778,361,2025-12-16T13:42:26
906547,Hogwarts Legacy,2023-02-10,3.92,,30,"Action, RPG","PC, PlayStation 5, Xbox Series S/X, PlayStation 4, Nintendo Switch, Xbox One",893,916,2026-01-22T06:58:33
10050,Thief Gold,1999-10-29,4.02,92.0,1,"Action, Simulation",PC,262,460,2025-12-26T02:01:13
236694,Remnant: From the Ashes,2019-08-20,3.61,76.0,7,"Action, Adventure, RPG","PC, Nintendo Switch, Xbox One, PlayStation 4",652,610,2025-12-26T02:29:43
19633,Need For Speed: Hot Pursuit,2010-11-16,3.86,86.0,3,"Racing, Arcade","Android, PlayStation 3, Xbox 360, PC, iOS, Nintendo Switch, Wii",776,344,2026-01-07T07:52:58
19439,Risen,2009-10-02,3.81,77.0,4,"Action, RPG","Xbox 360, PC",524,608,2026-01-12T20:38:37
401,Nioh,2017-02-07,3.81,88.0,0,"Action, RPG","PC, PlayStation 4",692,661,2026-01-06T01:40:22
21736,Unreal Gold,2000-01-20,3.42,,1,"Action, Shooter",PC,325,550,2025-11-04T20:31:02
11148,The Lab,2016-04-05,3.01,,1,,PC,181,369,2025-11-23T07:53:04
29,South Park: The Fractured But Whole,2017-03-31,4.04,80.0,12,"Adventure, RPG","PlayStation 4, Xbox One, PC, Nintendo Switch",818,273,2026-01-21T08:15:25
122,This is the Police,2016-08-01,3.89,66.0,6,"Adventure, Strategy, Simulation, Indie","Android, Linux, macOS, PC, iOS, Xbox One, PlayStation 4, Nintendo Switch",719,267,2025-12-03T23:32:00
20569,X-COM: UFO Defense,1993-12-30,3.67,,1,Strategy,"PlayStation, Commodore / Amiga, PC",274,366,2025-11-04T20:31:00
3468,Loadout,2014-01-10,2.47,72.0,3,"Action, Indie","PlayStation 4, PC",434,679,2025-12-23T16:25:10
3501,LittleBigPlanet 3,2014-11-18,3.51,79.0,3,"Adventure, Puzzle, Platformer","PlayStation 3, PlayStation 4",720,519,2025-12-12T00:05:45
27938,SteamWorld Dig 2,2017-09-21,4.06,88.0,5,"Action, Adventure, Indie, Platformer","Nintendo Switch, PlayStation 4, Xbox One, PC, macOS, Linux, Nintendo 3DS, PS Vita",431,416,2026-01-11T20:04:42
9782,Deceit,2017-03-03,2.94,,2,Action,PC,411,336,2026-01-10T20:23:18
10327,SpaceChem,2011-01-01,3.09,84.0,2,"Strategy, Simulation, Indie, Puzzle","Android, macOS, PC, Linux",240,382,2025-11-04T20:30:46
46597,Aim Lab,2018-02-07,3.04,,1,"Action, Indie",PC,251,324,2025-08-24T12:58:51
11567,The Red Solstice,2015-07-09,2.27,74.0,4,"Action, RPG, Strategy, Indie",PC,169,532,2025-03-25T03:56:21
22938,Shadow Warrior (2013),2013-09-25,3.64,73.0,4,"Action, Shooter","PC, iOS, Xbox One, PlayStation 4, Linux, macOS",587,628,2026-01-02T13:49:59
10926,Factorio,2020-08-14,4.36,83.0,20,"Strategy, Simulation, Casual, Indie","Linux, macOS, PC, Nintendo Switch",796,469,2026-01-16T15:08:20
19560,Far Cry,2004-03-22,3.9,89.0,1,"Action, Shooter","PlayStation 3, PlayStation 2, Wii, PC, Xbox, Xbox 360",871,558,2026-01-21T08:26:28
19369,Call of Duty,2003-10-29,4.16,91.0,6,Shooter,"PlayStation 3, Xbox 360, macOS, PC",930,566,2026-01-15T17:52:22
11663,My Friend Pedro,2019-06-19,3.87,76.0,3,"Action, Shooter, Adventure, Arcade, Indie","PlayStation 4, Xbox One, iOS, PC, Nintendo Switch",744,179,2026-01-01T11:39:45
427930,Phasmophobia,2020-09-18,3.86,,6,"Action, Indie",PC,429,81,2025-12-16T13:42:40
9824,Skullgirls,2012-02-14,3.75,81.0,5,"Action, Fighting","Xbox 360, PC, PlayStation 3",321,491,2025-08-04T23:45:07
1830,Dungeon of the Endless,2014-10-27,3.61,79.0,3,"Adventure, RPG, Strategy, Indie","Nintendo Switch, Xbox One, iOS, PC, macOS, PlayStation 4",268,448,2026-01-02T13:49:50
11425,SPORE,2008-09-04,4.15,84.0,4,"Simulation, Family",PC,873,565,2026-01-11T20:04:46
10436,Golf With Your Friends,2016-01-29,3.82,69.0,4,"Sports, Casual, Indie","PC, Nintendo Switch, Xbox One, macOS, PlayStation 4, Linux",370,337,2026-01-16T14:37:15
2139,Hyper Light Drifter,2016-03-30,4.14,84.0,4,"Action, Adventure, RPG, Indie","Nintendo Switch, Xbox One, PC, PlayStation 4, iOS, macOS, Linux",595,398,2026-01-12T09:07:03
14072,Tropico 3,2009-10-20,3.36,79.0,1,"Strategy, Simulation","PC, Xbox 360",274,537,2025-12-26T19:51:11
58698,Just Cause 4,2018-12-04,3.04,68.0,5,"Action, Adventure","PC, PlayStation 4, Xbox One",516,539,2026-01-02T13:49:49
12980,Endless Legend,2014-09-18,3.64,82.0,6,"RPG, Strategy","PC, macOS",371,467,2025-11-12T16:33:05
15860,STAR WARS: The Force Unleashed II,2010-10-25,3.65,59.0,3,"Action, Adventure","PlayStation 3, Xbox One, Nintendo DS, Xbox 360, PC, Wii",569,673,2026-01-07T07:46:15
2055,AdVenture Capitalist,2015-02-19,2.8,,5,"Simulation, Board Games, Casual, Indie","Linux, PlayStation 4, Android, iOS, PC, macOS",468,232,2025-09-02T21:56:17
10281,Besiege,2015-01-28,3.79,,2,"Strategy, Simulation, Indie","PC, macOS, Linux",468,404,2025-12-16T13:41:19
10537,Ruiner,2017-09-26,3.72,78.0,4,"Action, Shooter","Nintendo Switch, Linux, macOS, PC, Xbox One, PlayStation 4",594,509,2026-01-12T16:38:48
19397,Vampire: The Masquerade - Bloodlines,2004-11-15,4.36,80.0,2,"Action, RPG",PC,895,566,2026-01-03T11:32:22
4602,Bulletstorm,2011-02-22,4.08,83.0,4,"Action, Shooter","PlayStation 3, Xbox 360, Xbox One, PC",860,710,2026-01-01T21:43:20
10393,Gothic 3,2006-10-12,3.71,63.0,1,"Action, Adventure, RPG",PC,523,486,2026-01-07T07:54:29
9515,We Were Here,2017-02-03,3.79,63.0,2,"Action, Adventure, Puzzle","PlayStation 4, Linux, macOS, PC, Xbox One",474,291,2026-01-21T08:15:33
4361,Rayman Origins,2011-11-15,4.13,86.0,2,"Action, Arcade, Family, Platformer","Nintendo 3DS, Wii, PC, macOS, PlayStation 3, PS Vita, Xbox One, iOS, Xbox 360",760,539,2025-11-18T10:01:55
99,Snake Pass,2017-03-28,3.23,71.0,3,"Adventure, Simulation, Casual, Indie, Puzzle","Nintendo Switch, Xbox One, PC, PlayStation 4",250,549,2025-05-04T10:31:00
23191,Aegis Defenders,2018-02-07,2.53,76.0,1,"Action, Adventure, RPG, Strategy, Indie","PlayStation 4, Nintendo Switch, macOS, PC",108,324,2025-10-05T13:50:21
4477,Kane & Lynch 2: Dog Days,2010-08-17,3.26,66.0,2,"Action, Shooter","PC, Xbox 360, PlayStation 3",515,597,2025-12-31T14:27:44
13570,Game Dev Tycoon,2012-12-10,4.0,68.0,8,"Strategy, Simulation, Casual, Indie","Android, macOS, PC, Linux, iOS",755,153,2026-01-11T20:04:42
244716,DiRT Rally 2.0,2019-02-26,3.57,83.0,2,"Simulation, Sports, Racing","Xbox One, PlayStation 4, PC",333,345,2025-12-12T00:05:45
22508,Overwatch,2016-05-24,4.13,91.0,41,"Action, Shooter, Casual, Massively Multiplayer","Nintendo Switch, PC, Xbox One, PlayStation 4",1146,590,2026-01-08T10:35:07
2131,Race The Sun,2013-08-17,3.15,79.0,3,"Action, Racing, Arcade, Indie","Xbox One, Wii U, PlayStation 3, PlayStation 4, PS Vita, PC, Web, macOS, Linux, iOS",406,212,2026-01-15T17:55:14
372576,Lost Ark,2022-02-11,3.18,81.0,10,"RPG, Massively Multiplayer",PC,284,698,2026-01-21T11:00:13
842,Call of Duty: Advanced Warfare,2014-11-03,3.47,78.0,8,"Action, Shooter","PlayStation 4, Xbox One, PC, PlayStation 3, Xbox 360",864,665,2025-12-26T15:04:17
339961,The Dark Pictures Anthology: Man of Medan,2019-08-30,3.62,71.0,5,"Action, Adventure","PC, Nintendo Switch, PlayStation 4, Xbox One",757,485,2026-01-06T05:06:54
13387,Serious Sam HD: The Second Encounter,2010-04-28,3.89,76.0,4,"Action, Shooter, Indie","PC, Nintendo Switch, Xbox 360",413,634,2026-01-11T20:04:46
2889,Oddworld: New 'n' Tasty,2014-07-22,3.52,87.0,4,"Action, Adventure, Indie, Platformer","Xbox One, Wii U, PS Vita, PlayStation 3, PlayStation 4, Nintendo Switch, PC, macOS, Linux, Android, iOS",387,645,2025-10-15T10:23:47
19584,Risen 2: Dark Waters,2012-04-23,3.43,69.0,4,"Action, RPG","PC, PlayStation 3, Xbox 360",387,694,2026-01-12T20:38:57
17357,Orcs Must Die!,2011-10-05,3.7,83.0,3,"Action, Strategy, Indie","Xbox 360, PC",432,624,2026-01-07T07:53:15
13909,Prince of Persia: The Sands of Time,2003-10-28,4.22,89.0,2,"Action, Adventure","PlayStation 2, PlayStation 3, Xbox, GameCube, PC",933,597,2026-01-11T20:04:45
12662,LEGO Star Wars - The Complete Saga,2007-11-06,4.1,77.0,3,"Action, Adventure","Android, Xbox 360, Nintendo DS, PC, iOS, Wii, macOS, PlayStation 3, Xbox One",632,347,2026-01-14T16:27:23
4206,Vanquish,2010-10-19,4.02,79.0,4,"Action, Shooter, Adventure, Indie","PC, PlayStation 3, Xbox One, Xbox 360",561,697,2025-12-24T20:59:11
59023,Red Faction Guerrilla Re-Mars-tered,2018-07-02,3.47,70.0,4,"Action, Shooter, Arcade","PC, Nintendo Switch, PlayStation 4, Xbox One",289,574,2025-12-14T00:29:20
19568,Tom Clancy's Splinter Cell: Conviction,2010-04-13,3.84,83.0,5,"Action, Adventure","PlayStation 3, Xbox One, Android, PC, macOS, Xbox 360",683,613,2025-11-14T00:15:39
35561,Star Wars: Republic Commando,2005-03-01,4.18,78.0,1,"Action, Shooter","Xbox 360, Xbox One, Xbox, Nintendo Switch, PlayStation 4, PlayStation 5, PC",528,666,2025-11-23T01:18:13
791638,MultiVersus,2022-07-26,3.15,,2,"Action, Fighting","PC, Xbox Series S/X, Xbox One, PlayStation 4, PlayStation 5",186,395,2025-11-21T09:54:06
12884,HELLDIVERS,2015-12-07,3.61,83.0,5,Action,"PC, PlayStation 4, PlayStation 3",564,541,2025-12-16T13:41:55
18287,Anomaly: Warzone Earth,2011-04-07,2.9,80.0,2,"Action, Strategy, Simulation, Indie","Xbox 360, PC, Android, PlayStation 3, Linux, iOS, macOS",226,551,2025-11-04T20:30:54
4111,Lord of the Rings: War in the North,2011-11-01,3.35,66.0,3,"Action, RPG","PC, PlayStation 3, Xbox 360",392,606,2025-11-04T20:31:20
9736,Slime Rancher,2016-01-14,3.87,81.0,6,"Action, Adventure, Simulation, Indie","PlayStation 4, Linux, macOS, PC, Nintendo Switch, Xbox One",577,439,2026-01-06T02:28:47
61176,Bloodstained: Ritual of the Night,2019-06-18,4.01,81.0,6,"Action, Adventure","Xbox One, Android, iOS, PC, Nintendo Switch, PlayStation 4",457,646,2026-01-18T20:09:38
61961,Headsnatchers,2018-07-24,1.81,,2,"Action, Sports, Casual, Indie","Nintendo Switch, PlayStation 4, PC",128,293,2025-12-16T13:41:18
12757,"Warhammer 40,000: Dawn of War II",2009-02-18,3.96,85.0,6,"RPG, Strategy","PC, macOS, Linux",390,755,2026-01-16T10:31:05
4520,Alice: Madness Returns,2011-06-14,4.01,75.0,3,"Action, Adventure","PC, PlayStation 3, Xbox 360, Xbox One",570,635,2026-01-11T20:04:45
18185,Company of Heroes: Tales of Valor,2009-04-07,3.39,70.0,1,Strategy,PC,203,582,2025-11-04T20:30:54
2287,Her Story,2015-06-23,3.97,88.0,4,"Adventure, Simulation, Indie, Puzzle","Android, macOS, PC, iOS",624,244,2026-01-21T08:21:40
17158,PAC-MAN CHAMPIONSHIP EDITION 2,2016-09-13,3.13,77.0,1,"Arcade, Casual","Xbox One, Nintendo Switch, PlayStation 4, PC",200,353,2025-11-20T21:42:13
20992,Cry of Fear,2012-02-22,3.59,,1,"Action, Adventure, Indie",PC,334,389,2026-01-03T11:36:33
58640,Realm Royale,2018-06-05,2.62,,2,Action,"Nintendo Switch, PlayStation 4, Xbox One, PC",472,437,2025-12-25T09:34:27
31771,The Elder Scrolls II: Daggerfall,1996-08-30,3.25,,1,"Action, RPG",PC,114,88,2025-12-05T22:03:30
4186,Persona 4 Golden,2012-11-20,4.44,89.0,10,RPG,"Nintendo Switch, Xbox Series S/X, PS Vita, PC, Xbox One, PlayStation 4",599,552,2026-01-16T05:17:39
9495,ArmA II: Operation Arrowhead,2010-06-29,3.27,73.0,3,"Action, Strategy, Simulation",PC,218,557,2025-11-04T20:30:43
5711,The Incredible Adventures of Van Helsing,2013-05-22,3.41,72.0,4,"Action, RPG, Indie","Xbox One, PC, macOS",324,690,2025-04-14T21:30:09
445442,Helltaker,2020-05-11,3.97,,2,"Adventure, Indie, Puzzle","PC, macOS, Linux",552,157,2026-01-11T20:04:45
17975,DOOM II,1994-09-30,4.38,83.0,1,"Action, Shooter","Xbox One, iOS, PC, PlayStation 4, Game Boy Advance, Classic Macintosh, Android, macOS, Nintendo Switch, Xbox 360",724,450,2025-12-22T13:48:11
7439,Call of Duty: Ghosts,2013-11-05,3.16,68.0,6,"Action, Shooter","Wii U, Xbox One, PC, Xbox 360, PlayStation 3, PlayStation 4",846,716,2025-12-22T14:00:14
313843,Goat of Duty,2019-07-10,2.25,,1,Action,PC,119,354,2025-04-14T21:27:43
4483,Duke Nukem Forever,2011-06-09,2.88,54.0,3,"Action, Shooter","Xbox 360, PlayStation 3, Xbox One, PC, macOS",551,689,2025-11-04T20:32:49
16649,Serious Sam 2,2005-10-11,3.55,74.0,2,"Action, Indie","Xbox, PC",481,616,2026-01-11T20:04:44
5538,Dark Souls,2011-09-22,4.34,89.0,48,"Action, RPG","Xbox 360, PC, PlayStation 3",932,686,2026-01-03T11:34:06
3838,Need for Speed Rivals,2013-11-15,3.15,77.0,2,"Racing, Arcade","PlayStation 4, PlayStation 3, Xbox 360, PC, Xbox One",685,419,2025-11-14T00:15:29
16856,AudioSurf,2008-02-15,3.93,85.0,3,Indie,PC,547,289,2026-01-07T07:53:43
28615,Gears of War,2006-11-08,4.11,90.0,7,"Action, Shooter","Xbox 360, Xbox One, PC",831,680,2026-01-04T06:51:42
15861,STAR WARS - The Force Unleashed Ultimate Sith Edition,2009-12-15,3.83,65.0,3,Action,"macOS, PC, Xbox 360, PlayStation 3",376,516,2026-01-04T12:01:04
13566,Into the Breach,2018-02-26,4.31,90.0,5,"RPG, Strategy, Indie","Nintendo Switch, macOS, PC, Android",800,140,2026-01-02T13:49:59
13525,Assassin's Creed 2 Deluxe Edition,2010-03-04,4.33,86.0,13,"Action, Adventure","macOS, PC",537,537,2025-12-24T20:59:10
28631,Fable III,2010-10-25,3.73,78.0,8,"Action, RPG","PC, Xbox 360, Xbox One",709,646,2025-12-27T19:00:52
5678,The Elder Scrolls IV: Oblivion,2006-03-20,4.33,94.0,4,"Adventure, RPG, Indie","PC, Xbox 360, PlayStation 3, Xbox One",958,544,2026-01-17T06:08:38
5706,Valkyria Chronicles,2008-04-24,4.07,85.0,6,"Action, RPG, Strategy","PlayStation 3, Nintendo Switch, PC",413,414,2026-01-02T07:37:18
58735,Unravel Two,2018-06-09,3.96,79.0,2,"Action, Adventure, Puzzle, Platformer","Nintendo Switch, Xbox One, PlayStation 4, PC",619,372,2026-01-21T08:09:11
54491,Quake,1996-06-22,4.25,94.0,1,"Action, Shooter","Xbox One, macOS, Linux, Classic Macintosh, Xbox, Nintendo Switch, PlayStation 4, Nintendo 64, SEGA Saturn, Commodore / Amiga, PC, Xbox Series S/X, PlayStation 5",485,478,2025-12-21T14:19:32
3601,inFAMOUS: First Light,2014-08-26,3.72,73.0,1,Action,PlayStation 4,730,335,2025-12-05T20:52:32
13512,Cortex Command,2012-09-28,2.59,44.0,2,"Action, Strategy, Indie","macOS, PC",246,471,2025-08-18T00:12:17
17676,Doom 3: BFG Edition,2012-10-16,3.78,,2,"Action, Shooter","PlayStation 3, PlayStation 4, Xbox 360, PC, Android",360,453,2025-12-24T02:35:44
14211,Children of Morta,2019-09-03,3.91,80.0,4,"Action, Adventure, RPG, Indie","Nintendo Switch, Linux, PC, Xbox One, macOS, PlayStation 4",393,522,2026-01-02T07:37:14
887,Call of Duty: Infinite Warfare,2016-11-04,3.58,73.0,10,"Action, Shooter","Xbox One, PC, PlayStation 4",626,526,2026-01-03T19:02:02
2296,Fahrenheit: Indigo Prophecy Remastered,2015-01-27,4.16,68.0,4,"Action, Adventure","PC, PlayStation 4, Linux, macOS, iOS",521,531,2026-01-03T11:25:13
58754,Tom Clancy’s The Division 2,2019-03-15,3.74,83.0,5,"Action, Shooter, Adventure, RPG","PC, PlayStation 4, Web, Xbox One",775,659,2026-01-13T14:27:34
57908,Tomb Raider II,1997-10-31,3.74,69.0,1,"Action, Shooter, Adventure, Platformer","Classic Macintosh, macOS, PC, iOS, PlayStation, Android",301,586,2025-12-25T22:01:30
10389,Gothic II: Gold Edition,2010-01-13,4.4,79.0,1,"Action, RPG",PC,443,553,2025-12-05T22:00:16
58890,Need For Speed: Most Wanted,2005-11-15,4.46,83.0,0,"Racing, Arcade","GameCube, PC, Xbox, PlayStation 2, PlayStation 3, Xbox 360, PSP",1760,457,2026-01-20T20:04:13
9871,Guns of Icarus Alliance,2017-03-31,2.41,,1,"Action, Simulation, Indie","PC, macOS, Linux",228,604,2025-05-11T23:11:53
50418,Deiland,2016-02-19,2.28,,1,"Adventure, RPG, Indie","macOS, PC, iOS, PlayStation 4, Android",137,316,2025-10-08T08:49:40
17998,Antichamber,2013-01-31,4.07,82.0,3,"Indie, Puzzle","macOS, Linux, PC",430,138,2026-01-21T08:24:00
2639,Day of the Tentacle Remastered,2016-03-21,3.66,86.0,3,"Adventure, Family","PS Vita, PlayStation 4, Xbox One, iOS, PC, Linux, macOS",380,326,2026-01-05T15:08:55
3726,Trials Fusion,2014-04-15,3.53,80.0,4,Racing,"PlayStation 4, Xbox 360, PC, Xbox One",611,619,2026-01-13T22:29:57
18449,Divinity II: Developer's Cut,2012-10-29,3.57,77.0,2,"Action, RPG","PC, Xbox 360",233,757,2025-12-15T03:11:50
16543,LEGO Batman,2008-09-23,3.76,80.0,2,"Action, Family","Nintendo DS, macOS, PC, PSP, PlayStation 3, Xbox 360, Wii, PlayStation 2, Xbox One",482,397,2026-01-14T21:48:57
295019,GreedFall,2019-09-10,3.34,74.0,4,"Action, Adventure, RPG","PlayStation 4, PC, Xbox One",404,191,2025-12-05T20:34:14
11214,Northgard,2018-03-06,3.77,79.0,5,"Adventure, RPG, Strategy, Simulation, Indie","Nintendo Switch, macOS, Linux, Xbox One, PlayStation 4, PC, iOS",496,458,2025-12-25T10:02:15
4154,Dead Space 3,2013-02-05,3.65,77.0,4,"Action, Shooter","Xbox One, PC, Xbox 360, PlayStation 3",758,548,2026-01-02T13:49:58
58758,Dying Light 2 Stay Human,2022-02-04,3.65,77.0,23,"Action, Adventure, RPG","PC, Xbox One, Xbox Series S/X, PlayStation 4, Nintendo Switch, PlayStation 5",432,1190,2026-01-05T12:20:04
4571,Dungeon Defenders,2010-12-16,3.32,81.0,8,"Action, RPG, Strategy, Indie","PC, iOS, Android, PlayStation 3, macOS, Linux, Xbox 360",283,598,2026-01-18T20:08:07
3400,Battlefield Hardline,2015-03-17,3.19,72.0,3,"Action, Shooter","PC, Xbox 360, PlayStation 4, Xbox One, PlayStation 3",690,662,2026-01-07T22:55:22
17179,Resident Evil 0 / Biohazard 0 HD REMASTER,2016-01-18,3.83,69.0,5,"Action, Adventure","PC, PlayStation 4, PlayStation 3, Xbox 360, Nintendo Switch, Xbox One",414,616,2026-01-19T16:45:33
9831,Conan Exiles,2017-01-30,2.84,67.0,10,"Action, Adventure, Massively Multiplayer","PlayStation 4, Xbox One, PC",457,651,2025-12-27T08:20:33
22790,Serious Sam: The Second Encounter,2002-02-02,4.01,85.0,1,"Action, Shooter, Indie",PC,514,470,2025-11-04T20:32:59
693,The Last Guardian,2016-10-25,4.07,82.0,7,"Action, Puzzle",PlayStation 4,749,570,2026-01-06T04:59:18
59197,F1 2018,2018-08-23,3.33,84.0,3,"Action, Sports, Racing, Indie","PC, PlayStation 4, Xbox One",201,189,2026-01-16T14:37:20
966,Sonic & All-Stars Racing Transformed,2012-11-16,3.91,79.0,5,"Sports, Racing, Family","Xbox One, iOS, PC, Nintendo 3DS, Wii U, Xbox 360, PlayStation 3, PS Vita, Android",395,502,2026-01-16T14:37:24
3863,How to Survive,2013-10-23,3.02,60.0,3,"Action, Adventure, RPG","PlayStation 3, Xbox 360, Wii U, PC, Xbox One, PlayStation 4",377,593,2025-11-10T09:43:00
13199,Graveyard Keeper,2018-08-14,3.73,68.0,7,"Adventure, RPG, Strategy, Simulation, Casual, Indie","Android, PlayStation 4, Linux, macOS, PC, iOS, Xbox One, Nintendo Switch",436,232,2025-12-28T16:27:49
22961,Hitman: Contracts,2004-04-20,3.93,77.0,1,"Action, Shooter, Adventure","Xbox, PlayStation 3, PlayStation 2, Xbox 360, PC, macOS",485,449,2025-11-29T21:53:15
965,Sherlock Holmes: The Devil's Daughter,2016-06-10,3.7,65.0,7,"Action, Adventure","Nintendo Switch, PC, PlayStation 4, Xbox One",378,584,2026-01-02T12:44:01
13925,Prince of Persia: Warrior Within,2004-11-30,4.39,83.0,2,"Action, Adventure","GameCube, Xbox, PC, iOS, PlayStation 2, PlayStation 3",843,685,2026-01-13T22:48:05
392019,Half-Life: Alyx,2020-03-23,4.35,93.0,5,"Action, Shooter, Adventure",PC,499,557,2026-01-11T20:05:38
17545,Assassin’s Creed Rogue,2014-11-11,3.72,74.0,12,"Action, Adventure","Xbox 360, PlayStation 3, Nintendo Switch, Xbox One, PlayStation 4, PC",777,605,2025-12-30T22:48:20
11887,Hero Siege,2013-12-18,3.32,,4,"Action, Adventure, RPG, Massively Multiplayer, Indie","macOS, Linux, PC",326,450,2025-12-31T14:28:48
479694,Inscryption,2021-10-19,4.38,86.0,8,"Adventure, Strategy, Indie","PlayStation 5, Linux, PC, Nintendo Switch, PlayStation 4, macOS",586,145,2026-01-19T10:14:34
20466,Worms Armageddon,1999-01-25,4.31,,2,Strategy,"Nintendo 64, Game Boy Color, PlayStation, PC, Dreamcast",563,323,2025-12-26T21:15:28
9811,DayZ,2013-12-16,3.08,44.0,17,"Action, Massively Multiplayer, Indie","PC, PlayStation 4, Xbox One",464,392,2025-12-16T13:41:13
339958,Persona 5 Royal,2020-03-31,4.75,94.0,13,"Adventure, RPG","Xbox Series S/X, PC, PlayStation 5, Nintendo Switch, Xbox One, PlayStation 4",523,332,2026-01-22T03:49:26
10602,Dino D-Day,2011-04-08,2.42,53.0,3,"Action, Indie",PC,214,584,2025-11-04T20:31:20
10724,Crossout,2017-05-30,2.81,68.0,3,"Action, Simulation, Racing, Massively Multiplayer","Xbox One, PC, PlayStation 4",491,454,2025-11-22T06:34:40
47326,OKAMI HD,2017-12-12,4.18,92.0,4,"Action, Adventure","PlayStation 4, PlayStation 3, PC, Xbox One, Nintendo Switch",356,549,2025-12-04T19:35:12
46399,Regions Of Ruin,2018-02-04,2.46,,1,"Action, Adventure, RPG, Strategy, Simulation, Indie","Nintendo Switch, Xbox One, PC, macOS, Linux, PlayStation 4",136,247,2025-10-05T13:50:19
14422,Condemned: Criminal Origins,2005-11-15,3.82,80.0,1,Action,"PC, Xbox 360",423,224,2025-12-28T00:32:59
10056,Kane and Lynch: Dead Men,2007-11-13,3.6,67.0,1,"Action, Shooter","PC, Xbox 360, PlayStation 3",461,529,2025-12-16T01:17:31
37669,Marvel Heroes,2013-06-03,2.5,81.0,2,"Action, RPG, Massively Multiplayer","PC, Xbox One, PlayStation 4, macOS",326,679,2025-08-14T11:17:58
4466,Catherine,2011-02-17,4.14,80.0,4,"Action, Adventure, RPG, Puzzle","PlayStation 3, Xbox 360, Xbox One, PC",502,496,2025-12-05T20:34:11
1612,Super Hexagon,2012-08-31,3.75,88.0,2,"Action, Arcade, Casual, Indie","PC, Linux, iOS, macOS, Android",440,84,2025-12-16T13:39:55
10342,RaceRoom Racing Experience,2013-02-12,2.27,,1,"Simulation, Sports, Racing",PC,142,355,2025-11-04T20:30:22
10980,Serial Cleaner,2016-09-28,3.2,72.0,3,"Action, RPG, Indie","PlayStation 4, Xbox One, Nintendo Switch, iOS, macOS, PC, Linux",171,265,2026-01-16T21:52:20
9997,Arma 3,2013-09-12,3.84,74.0,16,"Action, Shooter, Strategy, Simulation",PC,396,580,2025-12-14T09:47:51
10545,Warface: Ice Breaker,2014-07-01,2.42,62.0,2,"Action, Massively Multiplayer",PC,176,312,2025-03-25T03:56:45
464,Baldur's Gate: Enhanced Edition,2012-11-28,4.08,78.0,4,"RPG, Strategy","iOS, Xbox One, Nintendo Switch, PlayStation 4, Android, Linux, PC, macOS",326,535,2025-11-29T13:47:15
28589,Halo 3,2007-09-25,4.36,91.0,2,Shooter,"PC, Xbox 360, Xbox One",779,737,2025-12-23T12:56:34
4031,Dead Island Riptide,2013-04-22,3.42,60.0,5,"Action, Shooter, Adventure","PC, Xbox 360, PlayStation 3",474,710,2026-01-11T20:04:42
29658,The Elder Scrolls: Arena,1994-02-28,2.87,,1,"Action, RPG",PC,109,438,2025-12-05T21:55:15
15851,Star Wars: Dark Forces,1995-02-28,3.65,,1,"Action, Shooter","Classic Macintosh, PlayStation, PC",260,472,2025-11-30T04:25:37
3374,Stealth Inc 2: A Game of Clones,2014-10-30,2.84,79.0,4,"Action, Adventure, Indie, Puzzle","PlayStation 3, PlayStation 4, Xbox One, PC, Wii U, PS Vita, Android",222,304,2025-05-31T23:22:29
441,Deus Ex: The Fall,2013-07-10,2.7,45.0,3,"Action, Adventure, RPG","iOS, Android, PC",240,527,2025-10-12T06:48:03
58835,Yakuza Kiwami 2,2017-12-07,4.38,85.0,10,"Action, Adventure, RPG","PC, PlayStation 4, Xbox One",404,379,2025-12-13T07:53:27
9911,Dungeon Defenders II,2014-12-05,2.96,,3,"Action, RPG, Strategy, Indie","PlayStation 4, Xbox One, PC",285,605,2026-01-18T20:08:16
19908,LEGO Batman 2 DC Super Heroes,2012-06-19,3.68,75.0,4,"Action, Family","PS Vita, Xbox 360, Wii, macOS, PC, iOS, Xbox One, Nintendo 3DS, PlayStation 3, Android, Nintendo DS, Wii U",359,647,2025-12-22T18:19:27
271,Kingdom: New Lands,2015-10-21,3.88,80.0,4,"Strategy, Simulation, Arcade, Casual, Indie","Android, PlayStation 4, Nintendo Switch, Linux, macOS, PC, iOS, Xbox One",371,456,2025-12-14T09:50:03
50214,Ring of Elysium,2018-09-19,2.94,,2,"Action, Shooter, Massively Multiplayer",PC,383,521,2025-09-19T16:03:33
9659,Bulletstorm: Full Clip Edition,2017-04-07,3.93,76.0,4,"Action, Adventure","PlayStation 4, Xbox One, Nintendo Switch, PC",638,435,2026-01-05T20:29:29
22397,Command & Conquer: Red Alert 3 - Uprising,2009-03-12,3.6,64.0,1,Strategy,PC,243,731,2026-01-04T12:01:26
19655,Guacamelee! Gold Edition,2013-08-08,3.85,88.0,3,"Action, Adventure, Indie","PC, macOS, Linux",305,398,2025-12-05T20:55:01
16813,Mount & Blade,2008-09-16,3.9,72.0,4,"Action, RPG, Indie",PC,357,486,2026-01-07T07:53:35
17854,Teleglitch: Die More Edition,2013-07-24,2.74,78.0,2,"Action, Indie","macOS, PC, Linux",147,324,2025-02-01T17:22:08
51687,Two Point Hospital,2018-08-29,3.74,84.0,4,"RPG, Simulation","PlayStation 4, Nintendo Switch, PC, iOS, Xbox One, macOS",406,255,2025-12-26T11:13:53
16161,Hard Reset Extended Edition,2012-07-12,3.19,73.0,2,"Action, Indie",PC,208,687,2025-11-04T20:34:40
22846,Thief 3: Deadly Shadows,2004-05-24,3.76,85.0,1,"Action, Simulation","Xbox, PC",230,395,2025-12-28T10:34:00
709,Hawken,2014-02-14,2.83,73.0,1,"Action, Shooter","Xbox One, PlayStation 4, PC",296,716,2024-11-27T23:36:39
46508,Return Of The Obra Dinn,2018-10-17,4.33,88.0,5,"Adventure, Indie","Nintendo Switch, PlayStation 4, Xbox One, PC, macOS",754,294,2026-01-07T16:15:08
28613,Halo: Reach,2010-09-14,4.29,91.0,11,Shooter,"Xbox 360, Xbox One, PC",778,679,2025-12-24T20:59:09
10665,POSTAL,1997-11-14,2.99,56.0,2,"Action, Indie","PC, Linux, macOS",241,588,2025-11-04T20:32:46
10309,Endless Space 2,2016-10-06,3.87,82.0,5,Strategy,"PC, macOS",227,441,2025-11-30T03:39:10
23479,Observеr,2017-08-14,3.9,77.0,4,"Adventure, RPG, Casual, Indie","PC, Nintendo Switch, Linux, macOS, PlayStation 4, Xbox One",476,528,2025-12-27T05:48:20
11164,A Hat in Time,2017-10-05,4.31,77.0,6,"Action, Platformer","PlayStation 4, macOS, PC, Xbox One, Nintendo Switch",506,388,2025-11-04T20:34:15
46560,Stick Fight: The Game,2017-09-28,3.82,,3,"Action, Casual, Indie","macOS, Android, iOS, PC",390,65,2025-12-16T13:41:04
43,Full Throttle Remastered,2017-04-17,3.96,77.0,3,Adventure,"PlayStation 4, Xbox One, PS Vita, PC, iOS, macOS, Linux",431,487,2025-12-01T05:23:30
637477,Splitgate,2019-05-24,3.4,,2,"Action, Shooter","Xbox One, PC, PlayStation 4, Xbox Series S/X, PlayStation 5",231,969,2025-12-16T13:41:54
1073,Keep Talking and Nobody Explodes,2015-10-08,4.2,67.0,3,"Simulation, Indie, Puzzle","Xbox One, PC, macOS, Nintendo Switch, PlayStation 4, Android",416,244,2025-12-14T09:50:01
28580,Dragon Age 2,2011-03-08,3.84,81.0,9,"Action, Adventure, RPG","PlayStation 3, Xbox One, PC, macOS, Xbox 360",849,628,2026-01-11T20:04:07
10023,Geneshift,2017-04-27,2.14,,3,"Action, RPG, Indie","PC, Linux",196,334,2025-05-22T17:36:01
2659,Trackmania Turbo,2016-03-22,3.48,79.0,5,"Racing, Massively Multiplayer","PlayStation 4, PC, Xbox One",619,477,2026-01-13T22:30:08
28418,Diablo III: Reaper of Souls,2014-03-25,4.17,87.0,20,"Action, RPG","PC, Xbox 360, Xbox One, macOS, PlayStation 3, PlayStation 4",910,591,2026-01-21T01:22:23
17844,Divine Divinity,2002-09-13,3.49,81.0,1,"Action, RPG","PC, macOS",266,551,2025-09-08T15:23:52
11460,Astroneer,2019-02-06,3.78,73.0,9,"Adventure, Indie","Nintendo Switch, PC, PlayStation 4, Xbox One",509,474,2026-01-06T03:58:01
442857,Tomb Raider: Definitive Edition,2014-01-31,4.1,86.0,1,"Action, Adventure","PlayStation 5, Xbox Series S/X, Nintendo Switch, PlayStation 4, Xbox One, PC",358,1023,2026-01-21T01:22:25
28619,Gears of War 2,2008-11-07,4.28,93.0,22,Shooter,"Xbox 360, Xbox One",716,660,2026-01-01T21:43:38
58859,Marvel’s Avengers,2020-09-04,2.68,68.0,12,"Action, Adventure, RPG","PlayStation 5, PlayStation 4, PC, Xbox One, Xbox Series S/X",437,544,2026-01-17T15:44:34
38965,Star Wars: The Old Republic,2011-12-20,3.86,85.0,5,"RPG, Massively Multiplayer",PC,282,610,2026-01-15T17:57:03
58637,Code Vein,2019-09-26,3.51,72.0,7,"Action, RPG","Xbox One, PC, PlayStation 4",362,382,2026-01-21T11:00:20
14156,ENSLAVED: Odyssey to the West Premium Edition,2013-10-24,3.97,70.0,3,"Action, Adventure","PlayStation 3, Xbox 360, PC",363,653,2025-12-05T20:34:07
12130,RimWorld,2016-07-15,4.36,87.0,19,"Strategy, Simulation, Indie","macOS, PC, Linux",615,362,2025-12-30T17:01:37
13780,Sid Meier's Civilization IV,2005-10-25,4.11,94.0,1,Strategy,"PC, macOS",375,560,2026-01-07T07:57:49
3751,Dark Souls II,2014-03-11,4.03,91.0,43,"Action, RPG","PlayStation 4, Xbox One, PC, Xbox 360, PlayStation 3",746,600,2026-01-03T17:45:51
441738,The Ascent,2021-07-29,3.33,73.0,4,"Action, Adventure, RPG, Indie","PlayStation 5, Xbox Series S/X, PlayStation 4, PC, Xbox One",318,617,2025-12-16T13:42:04
19635,Fable: The Lost Chapters,2005-09-01,4.43,83.0,2,"Action, Adventure, RPG","Xbox, PC, macOS",829,663,2026-01-02T07:38:24
2894,"Invisible, Inc.",2015-05-12,3.52,82.0,3,"Adventure, Strategy","iOS, Nintendo Switch, PlayStation 4, Linux, macOS, PC",345,362,2026-01-02T13:49:53
1726,10 Second Ninja X,2016-07-19,2.51,,1,"Action, Indie","Xbox One, PlayStation 4, PS Vita, PC",166,257,2025-10-05T13:50:20
14364,Jagged Alliance 1: Gold Edition,1994-04-02,2.45,,1,"Action, RPG, Strategy","macOS, PC, Linux",92,240,2025-10-15T14:32:03
10206,Ashes of the Singularity: Escalation,2016-11-09,2.41,81.0,3,"RPG, Strategy, Simulation, Indie",PC,68,529,2025-04-14T21:27:01
58385,Rage 2,2019-05-14,3.24,71.0,11,"Action, Shooter, Racing","PlayStation 4, Xbox One, PC",712,558,2026-01-09T04:36:30
876,Legend of Grimrock,2012-04-10,3.8,82.0,3,"Adventure, RPG, Indie","PC, Linux, iOS, macOS",298,569,2026-01-07T07:52:45
10355,Fractured Space,2016-09-22,2.4,79.0,1,"Action, Strategy, Indie",PC,156,474,2025-11-01T14:59:22
46301,Raft,2022-06-20,3.89,,8,Adventure,PC,442,334,2026-01-21T21:45:18
3189,Grow Home,2014-02-04,3.47,75.0,3,"Adventure, Casual, Indie","PlayStation 4, Linux, PC",382,354,2025-12-14T00:28:47
897,Superbrothers: Sword & Sworcery,2011-03-24,3.5,,1,"Adventure, RPG, Indie","Nintendo Switch, Android, iOS, PC, Linux, macOS",271,305,2025-07-09T13:51:05
17736,Two Worlds Epic Edition,2009-04-30,2.8,65.0,5,RPG,"Linux, macOS, PC",186,555,2026-01-07T07:53:41
366885,Dragon Age: Origins - Ultimate Edition,2010-10-26,4.44,88.0,6,RPG,"PC, Xbox 360, PlayStation 3",482,567,2026-01-02T08:55:46
27,Pyre,2017-07-25,4.16,84.0,4,"Adventure, RPG, Sports, Arcade, Indie","PlayStation 4, macOS, Linux, PC",485,368,2026-01-07T07:51:16
5524,Brink,2011-05-09,2.72,70.0,2,"Action, Shooter","PC, PlayStation 3, Xbox 360",405,697,2025-12-24T20:59:00
17818,Overlord: Raising Hell,2008-02-15,3.71,72.0,2,RPG,"Xbox 360, PlayStation 3, PC, macOS, Linux",207,661,2025-12-05T21:55:21
12108,DISTRAINT,2015-10-21,3.06,76.0,3,"Adventure, Casual, Indie",PC,246,199,2025-11-04T20:33:28
10028,Space Engineers,2013-10-23,3.52,68.0,5,"Action, Strategy, Simulation, Indie","Xbox One, PC",268,436,2026-01-11T20:04:40
28131,Fortnite: Save The World,2017-07-21,2.99,,0,"Action, Shooter, Strategy","Xbox One, PC, PlayStation 4, Nintendo Switch, iOS",804,645,2025-12-08T07:05:40
58806,Satisfactory,2024-09-11,4.3,,12,"Action, Adventure, Strategy, Indie",PC,336,427,2026-01-21T21:45:54
10039,Tyranny,2016-11-10,4.07,80.0,5,RPG,"PC, Linux, macOS",462,514,2026-01-10T07:39:24
486,Tales of Berseria,2016-08-18,3.97,80.0,6,"Action, RPG","PlayStation 4, PC, PlayStation 3",336,600,2025-12-22T14:33:19
257192,Psychonauts 2,2021-08-24,4.38,88.0,11,"Action, Adventure, Platformer","PlayStation 4, Xbox One, Xbox Series S/X, macOS, PC, Linux",390,487,2026-01-15T14:32:05
13926,Prince of Persia: The Two Thrones,2005-12-01,4.12,85.0,1,"Action, Adventure","Wii, PlayStation 3, PC, PlayStation 2, PSP, Classic Macintosh, Xbox, GameCube",710,645,2026-01-13T18:55:06
11975,STAR WARS Jedi Knight: Dark Forces II,1997-09-30,3.68,91.0,1,"Action, Shooter",PC,205,400,2025-11-30T04:25:52
5995,Little Inferno,2012-11-17,3.83,68.0,3,"Adventure, Simulation, Casual, Indie, Puzzle","Wii U, Nintendo Switch, Linux, macOS, Android, iOS, PC",388,368,2026-01-09T13:07:16
19628,FlatOut 2,2006-06-29,4.32,76.0,2,"Racing, Arcade","PC, Xbox, Linux, PlayStation 2",645,552,2026-01-11T20:04:40
397473,Back 4 Blood,2021-10-07,3.23,76.0,6,"Action, Shooter","Xbox Series S/X, Xbox One, PlayStation 4, PlayStation 5, PC",330,570,2026-01-05T20:08:36
10037,Europa Universalis IV,2013-08-12,4.22,87.0,6,Strategy,"Linux, macOS, PC",393,547,2025-11-12T16:33:25
17473,Quake Live,2014-09-17,3.56,,1,Action,"Web, PC",318,579,2025-11-22T06:34:30
3513,LEGO Batman 3: Beyond Gotham,2014-11-10,3.61,75.0,5,"Action, Adventure, Family","PlayStation 4, PlayStation 3, Wii U, Nintendo 3DS, macOS, PC, iOS, Xbox One, Android, PS Vita",228,529,2025-12-22T18:19:45
28126,FIFA 18,2017-09-26,3.37,79.0,0,Sports,"PlayStation 4, PC, Xbox 360, Xbox One, Nintendo Switch",701,249,2026-01-16T14:37:30
12850,Cave Story+,2010-03-22,3.95,83.0,2,"Action, Adventure, Indie, Platformer","Nintendo Switch, Nintendo 3DS, Nintendo DS, Wii, macOS, PC, Linux",317,783,2026-01-20T09:12:07
45763,Bomber Crew,2017-10-19,3.11,75.0,3,"Strategy, Simulation","Xbox One, Nintendo Switch, PlayStation 4, macOS, Linux, PC",140,151,2025-10-05T13:50:23
3277,Quiplash,2015-06-30,3.56,,1,"Strategy, Casual, Indie","Xbox One, PlayStation 4, PlayStation 3, macOS, PC",155,124,2025-08-17T22:45:09
2119,Tricky Towers,2016-06-20,3.67,80.0,3,"Arcade, Casual, Indie, Puzzle","Xbox One, Android, iOS, PC, macOS, Linux, PlayStation 4, Nintendo Switch",454,268,2025-12-16T13:40:52
12045,Two Worlds II,2010-11-09,3.03,76.0,5,RPG,"Xbox 360, macOS, PC",265,686,2026-01-07T07:53:18
3933,Tom Clancy’s Splinter Cell Blacklist,2013-08-20,4.08,81.0,10,Action,"PC, Wii U, Xbox 360, PlayStation 3, Xbox One",576,243,2025-11-14T00:15:13
3848,Killzone Shadow Fall,2013-11-15,3.16,73.0,0,Shooter,PlayStation 4,544,449,2025-11-14T00:15:22
11729,Gang Beasts,2014-08-29,3.9,,2,"Action, Adventure, Casual, Indie","PlayStation 4, Xbox One, PC, Linux, macOS",397,265,2025-12-16T13:41:56
384567,Crusader Kings III,2020-09-01,4.32,86.0,12,"RPG, Strategy, Simulation","macOS, PlayStation 5, Xbox Series S/X, PC, Linux",458,252,2026-01-16T19:13:40
5488,Crash Bandicoot,1996-09-09,4.15,,20,"Action, Platformer",PlayStation,783,373,2026-01-05T19:09:56
3134,Wasteland 2: Director's Cut,2015-10-13,3.63,87.0,6,"Adventure, RPG, Strategy, Indie","Nintendo Switch, PlayStation 4, Linux, PC, macOS, Xbox One",329,599,2025-11-14T03:42:32
12022,King's Bounty: The Legend,2008-04-24,4.2,79.0,3,"RPG, Strategy","PC, macOS",370,634,2025-09-27T15:52:29
4480,Mini Ninjas,2009-09-08,3.5,74.0,1,"Action, Adventure, Family","Wii, PC, PlayStation 3, Nintendo DS, macOS, Xbox 360",227,474,2026-01-02T13:49:46
558986,Capcom Arcade Stadium,2021-02-17,2.68,78.0,1,"Action, Arcade","PlayStation 4, Nintendo Switch, PC, Xbox One",73,144,2025-08-19T11:09:34
14331,Call of Duty 2,2005-10-25,4.21,86.0,3,Shooter,"macOS, PC, Xbox 360, iOS, Xbox One",946,591,2026-01-08T02:34:17
58389,Call of Duty: Black Ops 4,2018-10-12,3.29,84.0,0,"Action, Shooter","PC, Xbox One, PlayStation 4",568,438,2026-01-11T20:04:38
5544,DiRT 3,2011-05-24,3.67,87.0,2,"Sports, Racing, Arcade","PlayStation 3, Xbox 360, PC",408,496,2026-01-11T20:04:39
13466,Devil May Cry 4: Special Edition,2015-06-23,4.2,,9,Action,"Xbox One, PlayStation 4, PC",563,548,2025-12-22T14:26:33
54,Punch Club,2016-01-07,3.65,73.0,5,"RPG, Strategy, Simulation, Sports, Fighting, Indie","Xbox One, Linux, Android, iOS, PC, macOS, Nintendo Switch, Nintendo 3DS, PlayStation 4",378,368,2026-01-19T15:25:18
59637,Untitled Goose Game,2019-09-20,4.05,80.0,2,"Action, Family, Indie, Puzzle","Nintendo Switch, Xbox One, PlayStation 4, PC, macOS",714,76,2026-01-18T11:47:22
12761,"Warhammer 40,000: Dawn of War II: Retribution",2011-02-28,3.82,80.0,6,"RPG, Strategy","PC, macOS, Linux",267,697,2025-06-11T19:23:51
58394,Horizon Chase Turbo,2018-05-15,3.43,78.0,3,"Action, Sports, Racing, Casual, Indie","PlayStation 4, Nintendo Switch, PC, macOS, Linux, Xbox One",404,364,2026-01-16T14:37:35
4473,Shank 2,2012-02-07,3.57,72.0,4,"Action, Adventure, Arcade, Indie","PlayStation 3, Xbox 360, Linux, PC, macOS",266,571,2026-01-21T08:24:56
748414,Aperture Desk Job,2022-03-01,3.81,,1,"Action, Adventure, Casual","PC, Linux",204,236,2025-10-26T16:25:56
9644,Planet Coaster,2016-11-17,3.78,83.0,5,"Strategy, Simulation","Xbox One, PlayStation 4, Xbox Series S/X, PlayStation 5, PC",295,577,2025-08-18T16:58:45
18852,Poker Night at the Inventory,2010-11-22,3.4,71.0,3,"Sports, Casual, Card","PC, macOS",248,174,2025-07-02T23:07:23
59611,Pathfinder: Kingmaker,2018-09-25,3.92,73.0,10,RPG,"Linux, macOS, PC, PlayStation 4, Xbox One",324,614,2026-01-21T11:00:35
41498,Need for Speed: Most Wanted - A Criterion Game,2012-10-30,3.36,82.0,2,"Racing, Arcade","Android, PlayStation 3, PC, iOS, PS Vita, Wii U, Xbox 360",639,397,2026-01-11T20:04:08
758,Hue,2016-08-30,3.36,79.0,2,"Adventure, Board Games, Indie, Puzzle","PS Vita, PlayStation 4, Nintendo Switch, Xbox One, macOS, PC, Linux, iOS",336,318,2026-01-02T12:43:54
4962,Shank,2010-08-10,3.66,67.0,2,"Action, Adventure, Arcade, Indie","PlayStation 3, Xbox 360, PC, Linux, macOS",378,354,2026-01-21T08:25:21
54492,Quake II,1997-12-09,4.17,,1,"Action, Shooter","Xbox 360, Linux, Commodore / Amiga, PC, PlayStation, Classic Macintosh, Nintendo 64",410,518,2026-01-04T17:09:55
369157,Yakuza: Like a Dragon,2020-01-16,4.35,85.0,17,"Action, Adventure, RPG","PC, PlayStation 4, Xbox One, Xbox Series S/X, PlayStation 5",367,732,2026-01-03T11:57:45
327219,Superliminal,2019-11-12,4.16,77.0,3,"Indie, Puzzle","PlayStation 4, macOS, PC, Linux, Nintendo Switch, Xbox One",503,221,2026-01-21T08:07:19
16723,Gunpoint,2013-06-03,4.02,83.0,3,"Action, Strategy, Indie","macOS, PC, Linux",293,139,2025-04-28T16:42:48
54629,Crazy Taxi (1999),1999-01-01,3.83,82.0,1,"Action, Racing, Arcade","PlayStation 3, PlayStation 2, Xbox 360, PC, iOS, Android, GameCube, Dreamcast",431,281,2025-12-26T21:15:33
19640,Assassin's Creed: Director's Cut Edition,2008-04-09,3.92,79.0,5,"Action, Adventure",PC,417,648,2025-11-06T07:20:44
10379,Fishing Planet,2015-08-11,2.6,,1,"Simulation, Sports, Massively Multiplayer","iOS, PlayStation 4, Linux, macOS, PC",207,410,2025-01-08T19:38:24
11223,Absolver,2017-08-28,2.91,69.0,3,"Action, Adventure, Fighting, Indie","PC, Xbox One, PlayStation 4",403,470,2026-01-02T06:31:54
343597,Sonic Adventure 2,2001-06-18,3.95,89.0,2,"Action, Adventure, Platformer","Xbox 360, Xbox One, PC, PlayStation 3, GameCube, Dreamcast",366,459,2025-11-16T22:25:25
10270,100% Orange Juice,2013-09-10,2.98,,4,"Strategy, Indie",PC,165,244,2025-05-19T14:50:42
326236,Spiritfarer,2020-08-18,4.12,84.0,5,"Adventure, Simulation, Indie","Xbox One, PC, macOS, Linux, Nintendo Switch, PlayStation 4",379,138,2025-12-14T12:18:21
9880,Oxygen Not Included,2017-05-18,4.15,86.0,7,"Strategy, Simulation, Indie","PC, macOS, Linux",375,290,2025-12-27T02:15:40
43734,State of Decay 2,2018-05-22,3.29,68.0,8,"Action, Shooter, RPG, Simulation","PC, Xbox One",513,473,2026-01-02T13:49:53
1249,FIFA 17,2016-09-27,3.31,85.0,0,Sports,"PlayStation 3, Xbox 360, PC, Xbox One, PlayStation 4",589,436,2026-01-16T14:37:41
39707,God of War II,2007-03-13,4.4,93.0,17,Action,"PlayStation 2, PS Vita, PlayStation 3",959,574,2026-01-13T01:52:57
49225,DRAGON BALL FighterZ,2018-01-25,4.09,86.0,7,"Action, Fighting","PC, Xbox One, Nintendo Switch, PlayStation 4",441,504,2025-12-26T12:58:21
490,The Turing Test,2016-08-30,3.58,74.0,4,Adventure,"Nintendo Switch, PC, PlayStation 4, Xbox One",324,226,2026-01-21T08:17:43
9828,Natural Selection 2,2012-10-30,3.25,80.0,3,"Action, Strategy, Indie","Linux, PC",201,708,2025-12-16T13:40:25
16003,Baldur's Gate II: Enhanced Edition,2013-11-15,4.27,78.0,4,"RPG, Strategy","Xbox One, PlayStation 4, Nintendo Switch, macOS, Linux, iOS, PC",237,856,2025-11-22T10:33:54
12344,Counter-Strike Nexon: Zombies,2014-09-23,2.14,,1,"Action, Casual, Massively Multiplayer",PC,235,632,2025-12-14T09:49:15
5403,Flower,2009-02-12,3.97,89.0,2,"Adventure, Arcade, Casual, Family","PlayStation 4, PlayStation 3, iOS, PC, PS Vita",567,332,2026-01-12T07:27:08
28300,NiGHTS into dreams...,1995-02-11,3.05,,1,"Adventure, Platformer","PlayStation 3, Xbox 360, SEGA Saturn, PC",110,405,2025-11-04T21:21:22
548036,Loop Hero,2021-03-04,4.04,83.0,10,"RPG, Strategy, Simulation, Indie","Linux, macOS, PC, iOS, Android, Nintendo Switch, Xbox Series S/X",475,191,2026-01-21T21:44:02
1854,Costume Quest,2010-10-19,3.44,,4,"Action, Adventure, RPG, Casual, Family","PlayStation 3, Xbox 360, Xbox One, Linux, macOS, PC, iOS",269,496,2025-11-04T20:32:03
447,LEGO Harry Potter: Years 1-4,2010-06-03,3.82,79.0,3,"Action, Adventure, Family, Platformer","Wii, Nintendo DS, PSP, PlayStation 3, PS Vita, PC, Xbox 360, macOS, Android",440,521,2026-01-05T22:53:12
18712,Dear Esther,2012-02-14,3.47,75.0,1,"Adventure, Casual, Indie","iOS, PC, macOS",367,312,2025-12-08T16:16:58
3226,Prototype 2,2012-04-24,3.79,76.0,6,"Action, Adventure","Xbox One, PC, Xbox 360, PlayStation 3, PlayStation 4",607,654,2026-01-21T08:24:50
452642,Horizon Forbidden West,2022-02-18,4.19,86.0,0,"Action, Adventure, RPG","PC, PlayStation 4, PlayStation 5",466,499,2026-01-15T12:09:18
39277,Aliens vs. Predator,2010-02-16,3.56,68.0,3,"Action, Shooter","Xbox 360, Xbox One, PC, PlayStation 3",419,684,2025-12-22T13:52:58
11839,Pathologic 2,2019-05-22,4.06,69.0,4,"Adventure, RPG, Indie","PC, Xbox One, PlayStation 4",308,421,2026-01-19T09:22:08
12073,The Secret of Monkey Island: Special Edition,2009-07-15,4.18,86.0,2,"Adventure, Family","Xbox 360, macOS, PC",331,512,2025-11-04T20:29:54
10715,Hearts of Iron IV,2016-06-06,4.06,83.0,8,"Strategy, Simulation","macOS, PC, Linux",374,395,2026-01-12T12:40:51
58085,Jurassic World Evolution,2018-06-12,3.62,71.0,6,"Action, Strategy, Simulation","Xbox One, PlayStation 4, Nintendo Switch, PC",343,400,2025-12-12T00:05:33
10108,Portal Knights,2016-02-25,2.98,72.0,4,"Action, Adventure, RPG","PlayStation 4, Xbox One, iOS, PC, Nintendo Switch, Android",355,417,2026-01-09T21:30:23
1488,METAL SLUG 3,2000-03-23,3.97,,2,"Action, Arcade, Casual, Fighting","Android, PlayStation 4, PlayStation 3, Neo Geo, Wii, PC, iOS, Xbox 360, Xbox One",366,450,2026-01-21T01:22:11
10241,Thief II: The Metal Age,2000-02-29,4.12,87.0,1,"Action, Simulation",PC,177,456,2025-12-26T02:00:48
10180,Wizard of Legend,2018-05-15,3.55,77.0,3,"Action, Adventure, Indie","Xbox One, PC, macOS, Linux, Nintendo Switch, PlayStation 4",245,47,2026-01-02T07:40:33
4108,Demon's Souls,2009-02-05,4.27,89.0,38,"Action, RPG",PlayStation 3,543,727,2026-01-19T10:14:20
10390,Pixel Puzzles Ultimate,2016-09-09,1.99,,3,"Casual, Indie, Puzzle",PC,139,517,2025-11-04T20:30:22
35613,Sonic Adventure DX: Director's Cut,2003-06-06,3.91,57.0,2,"Adventure, Arcade, Platformer","Xbox 360, PC, PlayStation 3, GameCube",318,498,2025-11-07T04:13:44
17169,The Ship: Murder Party,2006-07-11,2.99,76.0,3,"Action, RPG, Indie",PC,179,291,2025-12-04T15:07:24
22734,Beneath a Steel Sky,1994-04-10,2.75,,1,"Adventure, Indie","Commodore / Amiga, iOS, Classic Macintosh, PC, Linux, macOS",221,544,2025-11-24T22:44:20
463723,Far Cry 6,2021-10-07,3.36,75.0,8,"Action, Shooter, Adventure","PC, Xbox One, PlayStation 4, Xbox Series S/X, PlayStation 5",472,1016,2026-01-21T07:49:45
43078,Portal Stories: Mel,2015-06-25,4.02,,2,Puzzle,"macOS, PC, Linux",212,330,2025-12-26T03:14:08
29180,Ni no Kuni II: Revenant Kingdom,2018-03-23,3.88,82.0,7,"Adventure, RPG","PlayStation 4, Nintendo Switch, PC, Xbox One, Xbox Series S/X",434,604,2026-01-02T07:40:39
22865,Tomb Raider: The Angel of Darkness,2003-06-19,3.1,,1,"Action, Adventure, Platformer","PC, macOS, PlayStation 2",191,446,2025-11-07T06:33:01
17945,Knights and Merchants,2013-02-01,2.81,,3,"Strategy, Simulation","PC, Linux, macOS",166,312,2025-08-24T15:33:35
570074,Teenage Mutant Ninja Turtles: Shredder's Revenge,2022-06-16,4.08,86.0,3,"Action, Adventure, Arcade, Casual, Fighting, Indie","PlayStation 5, Android, Linux, PC, PlayStation 4, Nintendo Switch, iOS, Xbox One, Xbox Series S/X",438,286,2026-01-21T01:22:19
42060,Wreckfest,2018-06-13,3.67,79.0,3,"Racing, Arcade","PC, PlayStation 4, iOS, Xbox One, Android, Xbox Series S/X, PlayStation 5, Nintendo Switch",380,359,2026-01-13T22:30:25
10416,Darkwood,2017-08-17,3.8,78.0,2,"Action, Adventure, RPG, Indie","Xbox One, Nintendo Switch, PlayStation 4, PC, macOS, Linux",252,185,2026-01-02T13:50:05
18708,Pathologic Classic HD,2015-10-28,3.88,76.0,4,"Action, Adventure, RPG, Indie",PC,263,512,2025-12-25T01:56:35
440079,DiRT 5,2020-11-05,3.25,79.0,2,"Racing, Arcade","PC, PlayStation 5, PlayStation 4, Xbox One, Xbox Series S/X",242,634,2025-07-11T23:53:26
63904,Steel Rats,2018-11-06,2.63,66.0,2,"Action, Simulation, Racing, Platformer","Xbox One, PC, PlayStation 4",97,951,2026-01-01T11:39:48
4185,Kingdoms of Amalur: Reckoning,2012-02-07,3.61,81.0,6,"Action, Adventure, RPG","PC, PlayStation 3, Xbox 360",476,729,2026-01-11T20:04:08
4192,Pid,2012-09-05,2.63,63.0,1,"Action, Adventure, Arcade, Indie, Puzzle, Platformer","Xbox 360, PlayStation 3, macOS, PC",177,449,2026-01-11T20:04:07
58921,Mutant Year Zero: Road to Eden,2018-12-03,3.73,78.0,4,"Adventure, RPG, Strategy","Xbox One, PlayStation 4, Nintendo Switch, PC",471,469,2025-12-26T08:08:22
51324,Kingdom Hearts III,2019-01-25,3.86,82.0,0,"Action, RPG","Xbox One, PlayStation 4, PC",537,525,2026-01-02T07:46:01
295020,Wasteland 3,2020-08-28,4.06,83.0,6,"RPG, Strategy","Xbox One, macOS, PC, Linux, PlayStation 4",304,679,2026-01-21T11:18:06
15857,STAR WARS Empire at War - Gold Pack,2010-05-25,3.76,,2,Strategy,PC,186,519,2025-08-24T15:33:53
19151,The Ship: Single Player,2006-11-20,2.67,,1,"Action, RPG, Indie",PC,173,212,2025-12-04T15:07:25
14625,Medieval II: Total War,2007-11-27,4.09,88.0,4,"Strategy, Simulation","PC, Linux, macOS",300,585,2025-12-27T11:45:01
2828,NARUTO SHIPPUDEN: Ultimate Ninja STORM 4,2016-02-04,4.02,80.0,8,"Action, Fighting","PC, Xbox One, PlayStation 4",499,524,2025-12-14T19:15:38
44029,My Time At Portia,2019-01-14,3.52,73.0,5,"RPG, Simulation, Casual","Xbox One, iOS, PC, Nintendo Switch, PlayStation 4",283,413,2025-12-16T13:42:23
4057,Defiance,2013-04-02,2.21,64.0,3,"Action, Shooter, RPG, Massively Multiplayer","PlayStation 3, PC, Xbox 360",226,719,2025-05-07T01:50:36
10302,Dead Island Definitive Edition,2016-05-31,3.52,67.0,7,Action,"Xbox One, PC, Linux, PlayStation 4",302,651,2025-11-05T12:24:25
12048,ORION: Prelude,2012-05-04,2.25,,3,"Action, Adventure, RPG, Indie",PC,199,642,2025-06-01T16:44:08
9768,GameGuru,2015-05-19,1.88,,1,Educational,PC,129,558,2025-04-14T21:26:50
19962,No Time To Explain Remastered,2015-07-17,2.75,,3,"Action, Adventure, Casual, Indie","macOS, PC, Linux",132,116,2025-11-04T20:33:38
5689,The Sims 3,2009-06-02,4.03,86.0,11,"Simulation, Casual","PlayStation 3, PC, iOS, Nintendo DS, Nintendo 3DS, Xbox 360",784,561,2026-01-11T20:04:37
50678,SCP: Secret Laboratory,2017-12-28,3.22,,1,Action,PC,275,175,2025-09-19T16:03:33
320,Night in the Woods,2017-02-21,4.25,88.0,6,Adventure,"Linux, macOS, PC, iOS, Nintendo Switch, Xbox One, PlayStation 4",670,240,2025-12-26T02:22:41
366881,Little Nightmares II,2021-02-10,4.37,82.0,6,"Action, Adventure, Platformer","PlayStation 5, Xbox Series S/X, PlayStation 4, Nintendo Switch, PC, Xbox One",548,374,2026-01-18T20:09:01
16014,Planetary Annihilation,2014-09-05,2.86,62.0,7,Strategy,"Linux, macOS, PC",175,444,2025-04-03T23:10:14
9459,House Flipper,2018-05-16,3.83,62.0,7,"Adventure, Simulation, Indie","macOS, Nintendo Switch, PlayStation 4, Xbox One, iOS, PC",345,177,2026-01-17T21:08:12
284664,Streets of Rage 4,2020-04-30,4.07,84.0,4,"Action, Adventure, Fighting, Indie","iOS, PlayStation 4, Nintendo Switch, PC, Xbox One",491,517,2026-01-03T10:15:43
16351,Realm of the Mad God,2012-02-20,3.1,82.0,2,"Action, RPG, Massively Multiplayer, Indie","macOS, Web, PC",244,384,2025-07-05T09:41:00
274767,Far Cry New Dawn,2019-02-15,3.36,73.0,12,"Action, Shooter, Adventure, Arcade","PlayStation 4, PC, Xbox One",626,483,2026-01-21T08:08:27
3987,Giana Sisters: Twisted Dreams,2012-10-22,3.05,77.0,3,"Action, Adventure, Arcade, Indie, Platformer","PlayStation 3, Xbox 360, Wii U, PC",167,562,2025-12-15T03:15:10
5390,Burnout Paradise,2008-01-22,4.09,87.0,8,"Racing, Arcade","PlayStation 3, Xbox 360",624,397,2025-12-25T03:19:39
1391,Assetto Corsa,2014-12-19,3.91,85.0,2,"Simulation, Sports, Racing, Indie","Xbox One, PlayStation 4, PC",227,345,2025-12-20T23:02:49
16779,BIT.TRIP RUNNER,2010-05-16,3.33,,2,"Action, Arcade, Indie","Wii, macOS, PC, Linux",254,198,2026-01-15T12:59:49
1545,Hand of Fate,2015-02-16,3.71,78.0,4,"Action, Adventure, RPG, Indie","Xbox One, PlayStation 4, PC, Linux, macOS",320,556,2025-11-04T20:28:26
2944,Trine 3: The Artifacts of Power,2015-04-20,3.62,,4,"Action, Adventure, Indie","Nintendo Switch, PlayStation 4, macOS, PC, Linux",308,621,2025-10-16T14:59:40
17013,Lucius,2012-10-25,3.14,59.0,4,"Action, Adventure, Indie",PC,241,353,2025-12-15T03:12:30
28632,Gears of War 3,2011-09-20,4.2,91.0,16,Shooter,"Xbox 360, Xbox One",598,659,2026-01-01T21:44:15
14230,Sang-Froid - Tales of Werewolves,2013-04-05,2.23,79.0,2,"Action, Adventure, RPG, Strategy, Indie",PC,110,537,2025-11-04T20:30:24
12279,Tomb Raider V: Chronicles,2000-11-17,3.36,,1,"Action, Shooter, Adventure","Dreamcast, Classic Macintosh, PlayStation, PC",140,870,2026-01-05T19:10:03
40265,Dungeon Siege 3,2011-05-31,3.11,72.0,2,"Action, RPG","PC, PlayStation 3, Xbox 360",227,690,2026-01-07T07:53:01
8278,Gears of War 4,2016-10-11,3.91,85.0,0,"Action, Shooter","Xbox One, PC, Xbox Series S/X",685,693,2026-01-16T06:49:33
4240,Worms Revolution,2012-10-09,3.58,73.0,4,"Strategy, Simulation","PC, PlayStation 3, Xbox 360",270,445,2026-01-07T07:57:15
23302,Black Squad,2017-07-28,2.58,,1,"Action, Massively Multiplayer",PC,239,234,2025-08-05T06:03:39
798,Downwell,2015-10-14,3.85,81.0,2,"Action, Adventure, Arcade, Casual, Indie, Platformer","PS Vita, PlayStation 4, Nintendo Switch, iOS, Android, PC",457,135,2025-12-08T07:05:27
455532,Star Wars: Squadrons,2020-10-02,3.16,79.0,3,"Action, Simulation","Xbox One, PlayStation 4, PC",274,453,2025-12-26T02:45:02
324992,Watch Dogs: Legion,2020-10-29,3.12,72.0,2,"Action, Shooter, Adventure","PC, Xbox One, Xbox Series S/X, PlayStation 4, PlayStation 5",405,796,2025-12-16T13:42:44
194,Styx: Shards of Darkness,2017-03-13,3.35,72.0,3,"Action, Adventure","Xbox One, PlayStation 4, PC",199,656,2026-01-17T02:45:45
2784,The Bridge,2013-02-21,3.26,74.0,3,"Strategy, Casual, Indie, Puzzle","PC, Nintendo Switch, Xbox One, Xbox 360, PS Vita, PlayStation 4, PlayStation 3, Wii U, macOS, Linux",254,428,2025-12-16T13:40:26
15422,Serious Sam Classics: Revolution,2014-04-30,3.51,,1,"Action, Indie",PC,209,548,2025-11-04T20:32:58
4125,Crysis 3,2013-02-19,3.69,76.0,2,"Action, Shooter, Adventure, Strategy","Xbox One, Xbox 360, PC, PlayStation 3",675,578,2026-01-21T08:23:58
616697,A Plague Tale: Requiem,2022-10-17,4.29,,5,"Action, Adventure","Xbox Series S/X, PlayStation 4, Nintendo Switch, PC, PlayStation 5, Xbox One",472,318,2026-01-21T11:13:49
59695,Cuisine Royale,2018-06-15,2.59,,1,"Action, Massively Multiplayer","PlayStation 4, Xbox One, PC",287,356,2025-09-17T18:26:53
28156,Tacoma,2017-08-01,3.67,78.0,4,"Adventure, Indie","PlayStation 4, Xbox One, macOS, PC, Linux",303,375,2025-12-04T18:42:43
52330,The Council,2018-03-12,3.61,76.0,4,"Action, Adventure, RPG","Xbox One, PlayStation 4, PC",349,495,2026-01-12T08:21:09
311,Sunless Sea,2015-02-05,3.7,81.0,3,"Adventure, RPG, Indie","Linux, iOS, PC, macOS",243,476,2025-07-26T12:43:00
1165,SteamWorld Heist,2015-12-10,3.94,81.0,5,"Action, Adventure, RPG, Strategy, Indie, Platformer","Nintendo 3DS, PS Vita, Nintendo Switch, Wii U, PlayStation 4, iOS, PC, macOS, Linux",325,611,2026-01-19T13:34:47
19166,System Shock (1994),1994-09-23,3.98,85.0,3,"Action, Shooter, RPG",PC,177,512,2025-12-26T02:00:13
2666,Mini Metro,2015-11-05,4.09,77.0,3,"Strategy, Simulation, Indie, Puzzle","Nintendo Switch, iOS, PC, macOS, Linux, PlayStation 4, Android",451,157,2025-11-24T22:45:02
44510,The Escapists 2,2017-08-21,3.56,74.0,4,"Strategy, Simulation, Indie","PlayStation 4, Xbox One, Nintendo Switch, Linux, macOS, PC",269,383,2025-12-16T13:41:56
2592,DuckTales: Remastered,2013-08-13,3.77,73.0,3,"Adventure, Platformer","PlayStation 3, Xbox 360, Wii U, iOS, Android, Xbox One, PC",373,424,2025-11-16T14:34:32
29236,Tunic,2022-03-16,4.11,86.0,5,"Action, Adventure, Indie","PlayStation 5, PlayStation 4, macOS, PC, Nintendo Switch, Xbox One, Xbox Series S/X",357,287,2026-01-21T21:17:33
445430,Mafia III: Definitive Edition,2020-05-19,3.15,,1,"Action, Adventure","PlayStation 4, PC, Xbox One",398,560,2025-12-12T00:05:26
12760,"Warhammer 40,000: Dawn of War II Chaos Rising",2010-03-11,3.95,85.0,4,"RPG, Strategy","PC, macOS, Linux",234,643,2025-05-07T02:06:55
481910,Call of Duty: Black Ops Cold War,2020-11-13,3.8,76.0,11,"Action, Shooter","PC, Xbox One, PlayStation 4, Xbox Series S/X, PlayStation 5",372,470,2025-12-13T00:03:57
3336,Project CARS,2015-05-06,3.57,83.0,4,"Simulation, Sports, Racing","PlayStation 4, Xbox One, PC",271,448,2026-01-16T14:37:50
3489,The Crew,2014-12-01,3.32,71.0,16,"Adventure, Racing, Massively Multiplayer","PlayStation 4, Xbox One, PC, Xbox 360",469,568,2025-12-16T13:41:58
15713,Chaos on Deponia,2012-10-12,4.06,78.0,5,"Adventure, RPG, Indie","PlayStation 4, Nintendo Switch, Linux, macOS, PC, iOS, Xbox One",320,512,2026-01-19T10:14:28
427,Plants vs. Zombies,2009-05-05,4.26,86.0,2,"Strategy, Arcade, Puzzle","Android, PlayStation 3, Xbox One, Nintendo DS, PC, iOS, PS Vita, Xbox 360",848,282,2026-01-21T01:22:16
19615,Crysis Warhead,2008-09-16,3.8,84.0,2,"Action, Shooter",PC,425,607,2026-01-09T11:25:06
10346,Fistful of Frags,2014-05-09,3.12,,2,"Action, Indie","Linux, macOS, PC",276,501,2025-11-04T20:31:40
58831,Call of Cthulhu,2018-10-30,3.53,66.0,5,"Action, Adventure, RPG","Nintendo Switch, PC, Xbox One, PlayStation 4",371,369,2025-11-04T20:33:31
12323,Shadowrun: Hong Kong - Extended Edition,2015-08-20,3.83,81.0,5,"Adventure, RPG, Strategy, Indie","Linux, macOS, PC",223,632,2025-11-12T16:33:17
10758,American Truck Simulator,2016-02-02,3.98,76.0,6,"Simulation, Indie","Linux, macOS, PC",250,424,2025-12-16T13:41:37
16344,Sanctum,2011-04-15,3.29,70.0,2,"Action, Shooter, Strategy, Casual, Indie","PC, macOS",189,618,2025-11-04T20:31:27
58325,Beat Saber,2019-05-21,4.36,90.0,7,"Action, Indie","PC, PlayStation 5, PlayStation 4",629,249,2026-01-06T12:45:29
19409,Operation Flashpoint: Dragon Rising,2009-10-06,2.78,76.0,1,"Action, Shooter","Xbox One, PC, PlayStation 3, Xbox 360",173,778,2025-10-11T06:48:37
35086,KAO the Kangaroo: Round 2,2005-04-15,2.66,,1,"Action, Adventure, Racing, Arcade, Casual, Platformer","PC, Xbox, GameCube, PlayStation 2",136,540,2025-09-19T16:03:20
17010,Kentucky Route Zero,2020-01-28,3.98,81.0,2,"Adventure, Indie","iOS, Nintendo Switch, PlayStation 4, PC, macOS, Linux",311,151,2025-12-04T17:21:30
10606,Mirage: Arcane Warfare,2017-05-23,2.17,74.0,3,"Action, Indie",PC,177,631,2025-11-04T20:30:23
5426,Crash Bandicoot 3: Warped,1998-10-31,4.34,91.0,5,"Action, Platformer",PlayStation,650,396,2026-01-05T19:10:12
45109,Maneater,2020-05-22,3.43,68.0,4,"Action, Adventure, RPG, Indie","PlayStation 5, PlayStation 4, PC, Xbox One, Nintendo Switch, Xbox Series S/X",259,534,2026-01-03T10:30:26
12322,Emily is Away,2015-11-20,3.58,,1,"Adventure, Simulation, Casual, Indie","Linux, PC, macOS",436,76,2026-01-04T01:33:58
2925,Rebel Galaxy,2015-10-19,2.96,72.0,2,"Action, Adventure, RPG, Strategy, Simulation, Indie","macOS, PC, Xbox One, PlayStation 4",224,506,2025-12-05T21:14:27
